order_id,payment_sequential,payment_type,payment_installments,payment_value
b81ef226f3fe1789b1e8b2acac839d17,1,credit_card,8,99.33
a9810da82917af2d9aefd1278f1dcfa0,1,credit_card,1,24.39
25e8ea4e93396b6fa0d3dd708e76c1bd,1,credit_card,1,65.71
ba78997921bbcdc1373bb41e913ab953,1,credit_card,8,107.78
42fdf880ba16b47b59251dd489d4441a,1,credit_card,2,128.45
298fcdf1f73eb413e4d26d01b25bc1cd,1,credit_card,2,96.12
771ee386b001f06208a7419e4fc1bbd7,1,credit_card,1,81.16
3d7239c394a212faae122962df514ac7,1,credit_card,3,51.84
1f78449c87a54faf9e96e88ba1491fa9,1,credit_card,6,341.09
0573b5e23cbd798006520e1d5b4c6714,1,boleto,1,51.95
d88e0d5fa41661ce03cf6cf336527646,1,credit_card,8,188.73
2480f727e869fdeb397244a21b721b67,1,credit_card,1,141.90
616105c9352a9668c38303ad44e056cd,1,credit_card,1,75.78
cf95215a722f3ebf29e6bbab87a29e61,1,credit_card,5,102.66
769214176682788a92801d8907fa1b40,1,credit_card,4,105.28
12e5cfe0e4716b59afb0e0f4a3bd6570,1,credit_card,10,157.45
61059985a6fc0ad64e95d9944caacdad,1,credit_card,1,132.04
79da3f5fe31ad1e454f06f95dc032ad5,1,credit_card,1,98.94
8ac09207f415d55acff302df7d6a895c,1,credit_card,4,244.15
b2349a3f20dfbeef62e7b31baa22f84b,1,credit_card,3,136.71
5a1f6d22f7dfb061ef29216b9af687a1,1,credit_card,4,47.69
4214cda550ece8ee66441f459dc33a8c,1,credit_card,2,170.57
adfbf6c2a620196f9a3ec747491c72b7,1,credit_card,4,67.50
4d680edbaa7d3d9bed69532957368a03,1,credit_card,10,353.09
8cd68144cdb62dc0d60848cf8616d2a4,1,boleto,1,330.66
5cfd514482e22bc992e7693f0e3e8df7,2,voucher,1,45.17
d0a945f85ba1074b60aac97ade7e240e,1,credit_card,2,541.00
c39414c195d0f94c9d9c35e7c6ed4f1a,1,credit_card,2,139.22
5d9c5817e278892b7498d90bfa28ade8,1,credit_card,2,290.16
b69b9260e79a0da00e15f48de1bd2524,1,boleto,1,283.34
f45074ae38f2e01d9b854ec8d40362ff,1,credit_card,1,13.78
81cedc4d2132eb6f512354166e51b187,1,credit_card,1,30.28
595f598849d89203c28d05d0fbf3f92e,1,credit_card,1,26.58
f9d0ec2fa088ac583e1ccd15b6686073,1,credit_card,1,89.68
e647bf617de735448a4ba54f8910393c,1,credit_card,1,65.09
b2bb080b6bc860118a246fd9b6fad6da,1,credit_card,1,173.84
23f10f509600c30cf2852f9dbdf28fc3,1,credit_card,1,103.49
f86f6472fa9f395d8d9a6751ca118afb,1,credit_card,1,64.03
1dcf0c8cd36ffaf57784fbdc90079310,1,credit_card,3,157.15
00d8d65b666158b633f96054d31af43b,1,boleto,1,130.88
cf30fe76d1505192acee1c6dccb15545,1,credit_card,2,47.72
d3e774a185c0b1b2286ffd6c70abe2e6,1,credit_card,8,117.74
32b1d8f3789a57f1f752e20ac7404b4c,1,boleto,1,56.60
c10d412026c4077b8e83acf0fea04eee,1,credit_card,1,266.16
56c3277583e16009c925fdf116df420f,1,boleto,1,31.38
0e0441786430b7cfcd0d91f822ea4c99,1,credit_card,1,121.49
6ffb3f1686bceae3466facf7e02ce3fb,1,credit_card,1,32.00
afef48d3c8a0b1b7c9b7f8f922fb5674,1,credit_card,5,153.41
c0db7d31ace61fc360a3eaa34dd3457c,1,credit_card,5,65.71
d574338f566ca28dd67820f48ec1f1d8,1,credit_card,4,278.22
1807cc736321f14baa58ef39cf6e5989,1,credit_card,4,91.66
e8977f709bbb0367f51b589e6325f991,1,credit_card,1,132.51
2e2c60b99754ae1e4d8b18846cfec9f2,1,credit_card,4,542.66
1ffb3c1929b16d9c1aec1958e11b3e9b,1,boleto,1,166.04
95442deb81a5d91c97c0df96b431634a,1,boleto,1,368.98
10af96a0689260134307879127ac1952,1,credit_card,2,113.20
85eef2d342b0de363c45c1bc324729c5,1,credit_card,3,99.43
aa964845f1de8125410aea8b73e9e1ec,1,credit_card,2,27.35
343348b1e29e9fa9e7b6ab1027f9177d,1,credit_card,4,43.77
ad4098a257676ea4d394fb3bbbf36ca3,1,credit_card,2,68.49
3e0c3cab458e8b3cc8d1d38ecb7e7775,1,credit_card,2,105.53
3ab4eea6776259ae8dfbabaeffece352,1,credit_card,8,387.80
10d9871bed9fb8d0887d3b9022edd1ff,1,boleto,1,84.14
c108072ab31ec90a754129c171577f5f,1,credit_card,4,210.82
fc662bafa52d2ef16078f6f6141009d6,1,boleto,1,90.05
4217849b1ff18a9270fe048eabc4dc45,1,credit_card,1,67.88
795c16acb4e3c30dfa5b6827727ef488,1,credit_card,2,37.58
55e2d723733c45033e71cb4d44690234,1,boleto,1,89.63
947e9c6bfd83a06953c420ef92d3da6e,1,voucher,1,69.46
60e43c5f5ba559d9dd19357ed72cb2f2,1,credit_card,2,78.30
e3e9e3295f4e1512167c232a0aaae8a5,1,voucher,1,50.80
460d57443ffdcaeba240360239747cf7,1,credit_card,1,34.00
4cb51127f19f7254b320efe1718477dd,1,boleto,1,77.10
110d9355d6338eab0a65a0cacdde5434,1,credit_card,5,566.40
42f5954cda381bd032934ee38c453711,1,credit_card,8,402.42
3689194c14ad4e2e7361ebd1df0e77b0,2,voucher,1,57.53
97c111c4f22dfa1089a9c0b5338dcc79,1,credit_card,3,44.01
4b2d035932915aa9c2a0d4d84cd6d3b0,1,credit_card,3,187.51
e1b4ee0e390fbac1dec439d72b45a115,1,credit_card,3,77.70
fee72a68ce935ebf2939fe72f27d3d9b,1,credit_card,1,48.68
4d3bfdf4c7d6578ea445d588371ae10e,1,credit_card,1,77.29
4c2e1a95586c815795a324d1599e7b5a,1,credit_card,8,117.71
c9f23db8a1cb725df9bdb3383bd72b38,1,credit_card,3,169.34
8e47a04b25d7a7075064e8e0bd2e0318,1,credit_card,1,37.61
723e462ce1ee50e024887c0b403130f3,1,credit_card,1,13.80
fa2ea4b6e84c1c0fc4f3a6d468c55183,1,debit_card,1,227.12
fb1a2a1296f822405a946cbdfc0d3ed6,1,credit_card,3,34.78
198298d54f269d8c5fe89e85a859af61,1,credit_card,10,342.56
b19ca559688b49e8cf7f88c1aa3f0009,1,credit_card,7,73.34
5be8d4719fe2e3669e2d07dddf3b6b0c,1,credit_card,4,117.85
4a02e985c7239d866a632f07ed20d9c0,1,credit_card,1,48.62
3e17eef8a8bd0131c7aed90d7508799e,1,credit_card,1,53.99
f8d323a2702fed37f0229965f7e9f8b3,1,credit_card,1,51.14
de4090fd9b7900d46323b0c7c36b7128,1,credit_card,2,121.45
17e5131fe1d4b1a8dc14d4a66914f9d7,1,credit_card,1,73.34
20f136d890c31a62486c809f91a5b098,1,credit_card,10,117.68
557cc2675910c4a6c9b54ad276f25097,1,credit_card,1,56.77
d60a89ab9bc1e68834465ae630c3343e,1,credit_card,2,115.59
3ba2d0012b1f34bc6ccbc31c4ba69f93,1,credit_card,6,60.07
d46f45b0d795bcf47a19d301710e63fe,1,credit_card,1,27.27
96de2b7f7f3c401fbee3eef068376da6,1,boleto,1,32.15
f9d5bfb53147f381e81b89a848e26b16,1,credit_card,3,195.71
21b8b46679ea6482cbf911d960490048,2,voucher,1,43.12
e6670c9089973cc68e5b90b7d1f4fec4,1,credit_card,1,88.49
85a4fbdba48c815924115fb82330071c,1,credit_card,3,34.09
35525be13c4af8acae0bb6d13c27110d,1,credit_card,10,40.99
46ee6eaca194413758f200a6974b7e4d,1,credit_card,3,71.99
f49cd89d6dad6dd5759ecf15dfe4bb19,1,boleto,1,47.00
9acd1ccfbc6445c0cad9ee9ddb48054c,1,credit_card,3,81.78
83f24bbc4f76a2730ba9c9cfa32e6d07,1,credit_card,3,231.45
0b65284a1a74114ea029b7676fdc1ba3,1,credit_card,7,144.20
cf61ad2218e5c14397e7c0ba7a6a50f9,1,debit_card,1,35.14
243312dbb316253ab77bb0140d94803c,1,credit_card,10,285.79
8973a53fcad22a79e0ff315e7f9a0fd9,1,credit_card,2,176.70
f090de1b2ed9f4e251662cb31e3c7127,1,credit_card,2,27.63
2ccde1e4676c20b9444e2bcbed36334c,1,credit_card,8,134.56
0f4b5614da144989e2acc5291af24357,1,credit_card,4,96.98
1d92d2ce1ae2e0510b5ce50c5be578c6,1,credit_card,2,110.03
a490a5d59a9bf4ef3334bfd7cf1dbdfc,1,credit_card,1,17.78
60ead11db6b36221fe1424e330883a9a,1,credit_card,1,44.00
c51dcdd98e1c413f3d394ffcb4656ed1,1,credit_card,4,110.11
ea9184ad433a404df1d72fa0a8764232,4,voucher,1,22.49
8f936fb77c720ab9ccd618af38c885cc,1,credit_card,4,46.63
0fba53cb4e9429e38cd2750c32fa24a5,1,boleto,1,52.21
cdaa116d3c2521b4b6976043508d0943,1,credit_card,2,61.77
68d7420c86be23f313c81a554320f986,1,boleto,1,121.88
a5f860aaf6a3c35399495aefe92d363f,1,credit_card,1,75.75
f51e3c7f79d1e2c076acbb6af1588b95,1,credit_card,1,130.22
9184724aacd6a7da5bcf4c08c2c674a8,1,credit_card,3,57.53
8bdc559b124e47eb71b5d1be8d6675e4,1,credit_card,7,76.02
49d3db2a02106c24d6ef800bd8ad5546,1,boleto,1,90.17
c604ad5f1e0d0bcf9977cf46d1d72303,1,credit_card,1,31.00
859980aae511377b7230f72d90bfc580,1,credit_card,10,106.77
e2cd740333fe4585ead5c50c61edb6a5,1,voucher,1,163.25
55779fa8fe072d9f8c92d672154558f2,1,boleto,1,233.66
99bc267f49d76932cd195bfb2a94dd03,1,credit_card,1,163.08
0c99132c4ff916416ba8f74c378f1cbc,1,credit_card,4,135.93
66a4fa2d40fed98c34ced62496fdb1e7,1,credit_card,1,267.05
db43c1a570e28fe9da60a444e3616a2b,1,credit_card,7,186.72
82ffe097d8ddbf319a523b9bbe7725d5,2,voucher,1,30.00
f75666bf6c9e09f6b3f4bcd797b57a3c,1,credit_card,4,97.28
5e5d1342989d05440629e2162fa52d07,1,credit_card,1,48.61
14d9794bbb53614d12cc2df6a045f82b,1,boleto,1,116.70
a8c012ba7d95bd2d15f666681f19c146,1,credit_card,1,41.42
31f8013402a0749b3ab433b1aee11754,1,boleto,1,42.19
4f99d1a7b0d2308edf45baa6997ac961,1,credit_card,6,125.53
ca8f94a99a8120c559e416275a535066,1,credit_card,5,92.76
9bdcb4559b75d21a22fcd868d9e5dfec,1,credit_card,8,348.02
96cc8c42014ddb42a775da9a45ae3f76,1,credit_card,2,203.30
87f003dca70d4d22518366caf041e845,1,credit_card,3,44.35
f244841f5a461472de8de82f023b1371,1,credit_card,10,116.05
3597f6476c27b4e1cc2f58588116f8f5,1,boleto,1,85.14
242e24b7eaa9f48cde9d679f8591124d,1,credit_card,4,236.66
18259631aab7299bf25f83f5eac4c8d1,1,credit_card,4,220.30
14c0c0bebe2cd50fb1dbdee84fbae03a,1,credit_card,1,180.55
3b697a20d9e427646d92567910af6d57,1,boleto,1,45.46
55c0b6b41ce482c3f77407ef43fc6bad,1,boleto,1,26.08
53035288acc866ee15423b4293722b46,1,credit_card,1,375.74
845af9472cc76e66fbf445931b511755,1,credit_card,5,123.41
953b6636ab2347a8ba37a16770db47f9,1,credit_card,10,379.07
886b114d034f4ac1d39d964c1b2a8182,1,credit_card,10,2027.16
c61e3efc183db6b89f5556efb5aa8797,1,credit_card,1,45.50
2d1d5777f29a8ee6593cf90b85afb5b6,1,credit_card,1,91.17
aa600269bffea363cca75ad2d1908903,1,boleto,1,93.26
487c1451b8fd7347d0e80e5aca887e91,2,voucher,1,30.00
0a9716da94d89975e6637874280aadad,1,credit_card,10,165.96
65c863d90026e9dd4888e28d2135c983,2,voucher,1,50.00
62d9b911d7c56cf455f660eecb8ddd3a,1,credit_card,10,1002.73
279cc62fe9c5a9e6a7ad5a7536560944,1,boleto,10,116.56
e6ed38386107802a72ec8197195f79a7,1,credit_card,2,240.52
4a4ed9ed7922304a569ed850baba99c6,1,credit_card,3,33.13
3f5a1c29c5881cc9902ed702efbdde45,1,credit_card,1,213.90
1594012ccc1b0770373ce691d697e5ae,1,credit_card,8,362.17
2fe14af1d4563c0e76f382bc63c9a245,1,credit_card,2,88.72
bc3d816db1aa7215dbde5b1b00d3d32b,1,credit_card,2,46.85
67c8c2016ddabf0059783eb44e921f99,1,boleto,1,68.54
07d13d352c85dfbfa60dc56dea818335,1,boleto,1,32.62
b545ba7b0bd67a3128185c7214704319,1,credit_card,8,340.08
9d8065ae4c6f5725ee052d02ab00f64e,1,boleto,1,82.06
d9d104af1ea99e0b7f6b0644eedc74d0,1,credit_card,1,40.95
9e59025992bd64bc26551391ed44a450,1,credit_card,3,67.01
591083bc42b589c7052118aa83118e76,5,voucher,1,20.00
79b63d1f9cf0257b33b04fbfb0847cba,2,voucher,1,76.90
7327c30a5230ce07bc2c7a695d553a00,1,credit_card,4,40.27
3b9e43d6eba694f8a29c11ee67a04f2c,1,credit_card,8,242.10
1e6d912e4c63965bb9eccf0cc765fc24,1,boleto,1,207.24
57e4fc8f20507381b3f7abbe4e2ccda3,1,credit_card,2,215.56
d4fdb2be174c84a6409a3968c55b01c5,1,credit_card,1,39.92
e1b6234c322ab01a32771bf57c597043,1,credit_card,8,156.09
03afb3c10af52ddfa3c33b9881bf43f8,1,credit_card,2,131.50
c1b770015e27aaf2b475026989d04fe0,1,boleto,1,137.73
1a9b986cfe31ed59c5a6c00287db7e74,1,credit_card,1,31.75
66f249e4d7ab2f3872de7bd6d74719dd,1,credit_card,8,348.77
c79bdf061e22288609201ec60deb42fb,1,credit_card,1,12.22
648b4f683ccf074ebe65a73c8096dd18,1,credit_card,4,139.87
02951078a21a2d9341ea16089a4d5031,1,credit_card,12,257.10
afd0dbbab8e90d099aaccdd8ed7d5f26,1,credit_card,3,269.46
2ad6c6594bf0917a25ff8b8918d4b7b0,1,credit_card,1,40.00
774359a2a8b6be829653bae9390a0dd0,1,credit_card,10,350.09
332c6742772f2df936696b6512b10edb,2,credit_card,6,134.55
c385c0eba07c858dd60ffe00a60dda64,1,credit_card,3,112.73
d087b8e096ca051f548e29b324272834,1,boleto,1,72.05
5262eaeb971616ffef822379ed91896f,1,credit_card,1,0.67
52636dd3c039f62169b0eb724af63047,1,credit_card,2,77.77
aa7c35fd606f4275e267e859c6a84d0f,1,credit_card,2,26.68
caca64f71d73695719939294fa88c791,1,credit_card,1,371.42
fd1ddfeca967b94315642dfe5c7545f7,1,credit_card,6,225.71
fa12564d7462c9a851c79c301bcb97de,1,credit_card,3,103.79
9c96fac210f67f329b80d898001fee09,1,boleto,1,65.00
85e710051891004eca4f527adcadd0c3,2,voucher,1,69.80
11978d520d85578c9f024b99ac1a87ef,2,voucher,1,20.09
9062b998bfc2521b3978b34034ba6e1e,1,credit_card,1,125.41
31be75ffd0c4b58ca777e72cd2352b14,1,boleto,10,95.99
999d0185fdc3859e118a76c1e7d8dfe4,1,credit_card,2,25.33
6cdb86865449a92089579ea715e1c1d1,1,credit_card,1,52.57
50bf77081d0fdd2e57dcff0acf8fefeb,1,credit_card,2,145.58
d121cbcb7091fbd55ad0344e0f045982,1,credit_card,3,49.70
37fc44460574b368fe7933c6ae98f224,1,credit_card,1,47.43
3fff175860497ca456d60c90b1f2b797,1,credit_card,2,168.57
ae1126b6891f58552443772c80b1f562,1,credit_card,1,133.81
d56564f21e612a588607e9ffb39b9d21,2,voucher,1,1.23
068176c8a0550b07cddf7e05c8d55319,1,boleto,1,123.82
9488305b52042a978d3bf78cf94bcd54,1,credit_card,3,283.66
7a1ba14765ea354929894e667c06f386,1,credit_card,1,89.88
4b5648d8399ea47a4c323499045aaefc,1,boleto,1,32.38
52b5d339bbba7bd8f18ca836ab540227,1,credit_card,1,43.08
3a1a92434eae60a4f44ad7ebef65c3e7,1,credit_card,1,254.58
dc400373e624e9b0435847a79813c658,2,voucher,1,48.91
9f1cdc0e091b90e61836ddc009a60ef2,1,credit_card,4,48.22
d9952ada4955694cae66806b7d5ac6ca,1,credit_card,6,67.58
251d586514cbf0cace61e03c54a7bf1c,1,credit_card,10,311.18
0435b65bfd0a1cd1c48a82f5b405ea78,1,credit_card,4,154.14
6644170ea0130942cfb3064dce01004a,1,credit_card,2,333.68
7c3e71109e904d8e0c8d034456f87eca,1,boleto,1,404.88
881206af1a6a9cd34119b99782759dd4,1,boleto,1,44.77
f86d7bc39aab05299691322044b63bb2,1,voucher,1,1302.42
5f082a502d1fd6f19d32897c2c2cbcec,1,credit_card,10,645.80
27a7ac440630f9de788e4d66e72c6424,1,credit_card,1,186.39
cc1cc1d6081f7f07a16cc1a3e4ba0b78,1,credit_card,10,208.41
76b8568803f110a59ece4167463a4a7e,1,debit_card,1,76.39
51e88bc351dd268bb9c9e78d263c4a06,1,credit_card,2,67.42
a5b431090739891ac76875d9ad9bff23,1,credit_card,4,232.05
ad62ce74c314772d34c956d73fb305f3,1,boleto,1,69.33
a669137c06cc23b7962d63be3a2ad6d1,1,credit_card,3,641.20
da46439d7d06cf02cb44d0908ecc3575,1,boleto,1,41.86
d24e8541128cea179a11a65176e0a96f,1,voucher,1,50.00
1c67e99dc37224bf3ad220ae2368c068,1,credit_card,1,106.96
4ff8e28200e5a7a50b448cfaaf1f8ed3,1,credit_card,10,2288.31
33ebbe6b176d53190194b5b05cf69330,1,boleto,1,69.90
2176f1406c11f07dcdea94931730770d,1,boleto,1,88.08
08935d5052c6414b1960eb67796d01f5,1,credit_card,4,117.39
f553b61e2a7f6dc62c5f8de4ffb4a031,1,debit_card,1,194.91
1966886b80f14d0588adf6406afb0026,1,debit_card,1,68.89
f6ed483455295c6e7544f141244cd981,1,credit_card,2,151.51
bf951e41c5adb873b7fdcc1e83b406bf,1,credit_card,1,54.85
32d8aa395f9c9f357e1e3f7b214b9082,1,credit_card,1,103.68
b798fc527c548bfa5f069b5b29195275,1,debit_card,1,225.63
6c936253ed9ab81f5293da5081ba8a9a,1,boleto,1,39.60
dcec2b3be8c3d53056fe63381b2a6cfe,1,credit_card,10,159.18
90eaac01afdf4e531a70ad869e092c75,1,credit_card,1,234.43
a04639b53f2cbd1f77b63ed44168566e,1,boleto,1,44.83
97e8d3eb8f48e3610beed991e5f32296,1,credit_card,4,205.44
7cb79316d2abe37e16ec83a07afb2895,1,credit_card,1,13.55
7250e10eca3d7f71a091ac5752d3228f,1,credit_card,1,221.96
cf8ace9395d2ee06b4b513df8ba682b3,1,credit_card,1,52.38
101fa9bbc869f267953a48b0f659dc62,1,credit_card,9,131.47
24abd231b3f48073eb9bc660b3eea5fd,1,credit_card,2,38.06
bedff73fa5a137527ba9314cac93b7b3,2,voucher,1,35.00
808c4b75909ba91f23c1ef928f396822,1,credit_card,3,143.65
c1310d06e793969c9dfc72a433db577f,1,credit_card,3,86.73
9144181fd06902570ce9c34860652f55,1,credit_card,5,118.35
d189b98b9c4f5325db664c5455fe927c,1,credit_card,1,341.58
2e2dd1119ebf597a9c05d80b5d6eeace,1,credit_card,2,105.42
7354aed5e2d142803a8121059f1e9324,1,credit_card,4,68.16
ab85e3c92c828eb802fd91345e45d92e,1,credit_card,10,357.97
b80ba0f0c3d2a63feac0116f533cc6a9,3,voucher,1,2.99
f0d8a84693b073fa90c69667c924ff8f,1,boleto,1,92.57
35bf7f86bc7add201e5b6573052157f0,1,credit_card,2,68.35
56ba89857b4e6eb192108f310a81163b,1,credit_card,13,197.23
0f67e615d797da223ac5601b9b08b180,1,credit_card,3,153.67
440a666da55232dbd02bb270c7ac7d8c,1,credit_card,3,46.43
57bfb7a49bcdecb20d9dbb778d7d7590,1,credit_card,4,102.03
f6eb6190398bfb32871584bd111dec04,1,credit_card,5,119.45
6b58f3523e45f9838f702acbc21e2f51,1,credit_card,1,44.23
210a5f61a6a19892f81bb269863f4742,1,credit_card,1,67.50
009ac365164f8e06f59d18a08045f6c4,5,voucher,1,8.75
f1b7c83171b22e2babd61eb8501d58d5,1,credit_card,2,44.27
bb2d7e3141540afc268df7ef6580fc75,1,credit_card,1,37.15
1f31fc163d36ff823c54a14e947b5bc8,1,credit_card,2,114.13
d4c46523b1239f182b74fb0ea1c27f32,1,credit_card,1,396.97
88857d91dc3370190060f4b06041e708,1,credit_card,10,185.85
73596e67516934a7fe64cc6ca6d75545,1,credit_card,3,62.11
e9da0d015d8dbc78a000c0b78cc87728,1,credit_card,2,25.23
e6f98f32bf5e724269a5e9cb2529f2e3,1,credit_card,5,153.22
acd76a8508680cbb5d4c04707be03f87,1,debit_card,1,145.01
aeb81ccabe4f164a26e763cd5b07fd99,1,boleto,1,70.89
d51cbac21a49941976292ba004bf4165,1,credit_card,6,114.34
edb14cad806f8ea19a08ed06c26726a2,1,credit_card,2,31.38
6225c94031a1e372349fa17f1891317d,1,credit_card,5,256.50
c8e19a0edcf6fd34024a2f7fe5f85ef8,1,boleto,1,341.40
984c8458b4e17a487d85b16c9ce0f00c,1,credit_card,1,143.99
29aefbcf33949b65e5303167977e0362,1,voucher,1,84.88
ec5cf2317f5141a62836da8e71586eb6,1,credit_card,8,232.27
3ba1ccc3882bd7df61ee5030f44ec1d2,1,credit_card,5,194.00
5b2f1ff03b77977af4258e7cfc2ec799,1,credit_card,1,260.57
490f30e8fa50cb3ef01058c9ab43048d,1,credit_card,1,49.59
191a21c0a0934fdb7dcd56c6b28a8682,1,credit_card,3,196.55
a23c7a7d06f1f8e9f6e45f934c7e106b,1,boleto,1,245.94
621b8e90f6fd06a792af8bdbbaf64a92,2,voucher,1,72.42
e4fe84926e03b0030e643318464be6a7,1,credit_card,2,217.15
4801b9cf238c2c9098bd66a5f092c2da,1,credit_card,4,152.28
37c755c6df4b61c5b4cc40361ae57588,1,credit_card,3,72.34
d232a4685c8ddfc98307d91978aebfa5,1,credit_card,5,128.95
2d5b43766328f55157cae1e85e1dd475,1,credit_card,1,56.85
07a26b88cc90e93f5c9401de11a60793,1,credit_card,1,20.29
ce7cf6dd8f80dfb98716950ae40eca59,1,boleto,1,171.75
bf5099786cc9dcd17a4961c9406fb3f3,1,credit_card,1,85.82
4cc95216e51190048472a2baf6fa53ee,1,boleto,1,56.05
1c859fbb6e7f238f3f6134628b845f3a,1,boleto,1,26.09
5eca2113141f2c0e048b11bdcb7a0371,1,credit_card,1,41.17
ada812c7806382c3085a5f5024bc17ca,1,boleto,1,37.25
ad2e046d1a59ee49ddf9ae258360b81b,1,credit_card,5,135.13
9027f38fa8afb91a7ad77fd92abf97a1,1,credit_card,5,477.45
cd82b3b68f4843cceb338d860b8aa006,1,credit_card,2,440.12
6c721c8ce1b433e68655575af4955976,1,credit_card,1,67.70
e199c3b74cd391568e7c99aa28b0f274,1,boleto,1,168.51
94a71bedec852e752e86d530d03d6061,1,boleto,1,31.86
64d6282bba1a1c015acbdcacca391253,1,boleto,1,40.87
49f62326ab0dc444db19abf56861df10,1,credit_card,10,109.59
0e2b7e9ea88624cc24fe978983190dea,1,credit_card,3,206.87
cfae1e992eeb0f51ba0de3ddb87b33da,1,credit_card,1,134.38
99396be04e138247e9fc0528a62e0919,1,credit_card,1,56.06
c776863a93dc0740c6e7d78104b21413,1,credit_card,3,264.08
ff2debba53c9c8185f517f7b3a936aed,1,credit_card,10,240.77
7cf01fbc143d74367eedc9b9f8fbf437,1,credit_card,2,91.72
c8ea1ac95f4f994f94fb57e99dcca985,1,credit_card,4,49.01
c24a00c414738de9ee6121f179ebba9c,1,boleto,1,107.87
cee90a4ed9adb7e720e6007bcc43e4e3,1,credit_card,3,62.01
ddc5ef5f86c69f1a29ff3e05e3fc54ab,1,credit_card,1,36.69
dd691e4f12c592067339680ffc3dd443,1,credit_card,3,35.00
a144da15ca9cb1ebccf012a14736c54d,1,credit_card,8,256.37
ce70855bb79f7086da0e4974f7324ac1,1,credit_card,1,47.84
8f4be74e60d163c72a59ba577a642d70,1,credit_card,5,125.87
f26bbe1ba1d50321617831285d0fe62c,1,credit_card,1,42.39
7246a71d326111872bfdfd34f495dc4f,1,credit_card,5,117.53
e65f1eeee1f52024ad1dcd03447f7482,1,credit_card,1,43.28
d2ebd7492d92dfb6a5737ba33a58f920,1,credit_card,4,144.54
8e6df87600aae0285919b5529f7f0bfd,1,boleto,1,126.48
b45255a6696ebb8f53915a109a16458a,1,credit_card,4,125.29
bfc9f97fc7ddacf8a3c33c4b2bd15a93,1,credit_card,2,229.74
9d4fe519c77c087d5a1bd73637c5c6bf,1,credit_card,1,124.60
fb6343faebbbee8c21d59d4ae59477a8,1,boleto,1,143.86
2df8ef770ee7c12291ed7811f4f414c5,1,voucher,1,56.89
75450feecb51c39e54f4bd4c74b867e5,1,boleto,1,46.78
d3f44296d90a42d3ec4b52b18654e87a,8,voucher,1,3.98
87b8f9f472fb04cdbf53fb55a3591b5f,1,credit_card,3,72.66
9a8743fed3cc7a477eb92cb0ca0e7d26,1,boleto,1,50.10
d0e9849de800fdb4cb3b5e6d42c6b367,1,boleto,1,85.79
838411338443a817cfb4c26f0f7a9c9a,1,boleto,1,63.70
ce6d150fb29ada17d2082f4847107665,1,credit_card,10,1586.47
bedae8df4e37a65ccbec319872296b89,1,credit_card,3,433.07
16b6123f7077419424bf89af74e2d054,1,credit_card,10,642.02
e147052b9ecc00bf938f9e8581944207,1,credit_card,4,263.95
18dc026cdb7d39abde1489c336528961,1,boleto,1,134.99
06ff6cb289c9f1d1ccacc6764874e3c2,1,credit_card,1,57.89
4436eb8a73f08dc5c4ba8b1e5b96d290,1,credit_card,1,383.99
dbdcb70ae949e4cce08f59bfa7e4604b,1,boleto,1,159.31
fff7c4452f050315db1b3f24d9df5fcd,1,credit_card,1,756.91
ed90ba41c41da31da8e891ff43a584d1,1,credit_card,7,156.22
0bdb173bda4bf7e4109fe707c309252a,1,credit_card,10,132.95
5b7c6dbea3e21dc6314451ed73907c0c,1,boleto,1,48.27
47d051e89cf6490245136694a26a4395,1,credit_card,5,107.35
0cd19e832fefb17664d1a294b90ad192,1,credit_card,10,110.20
9786fe4bfc559809a4bc1a58b72e2077,1,credit_card,8,368.92
0fe5bc7345e72628330234915ed373bd,1,boleto,1,106.85
817e8b5495d2b31da82dfe5a89aacdba,1,credit_card,8,281.50
22543080a0066963931832c0df11b2be,1,credit_card,2,54.25
8ff5ec04a3f395979b2371a0a9ef4136,1,credit_card,5,121.78
257699bfe87de4eac234324e88db828a,1,credit_card,2,102.26
386a7bf9de133efa1516c4145330f3a6,1,boleto,1,90.62
a72d1276fd9d74c154120c3a11eba771,1,boleto,1,75.69
e74c5411558a7a26de918d23a07e1cef,1,debit_card,1,42.86
2b49d60af10ea7e2443376987ec8a184,1,credit_card,1,35.70
c047e1042ab337c92ea23d512b54c5bf,1,credit_card,10,444.25
a132f4bdf1eb9803546cef73ca7bd322,1,credit_card,1,69.16
683bf306149bb869980b68d48a1bd6ab,2,voucher,1,30.00
6df674fd09d933a85574460e32a94e23,1,credit_card,2,65.71
5795989efabaace15f06689b3ab3c4c1,1,credit_card,1,29.29
440b07cde0dc78d377c42d29845bcafd,1,credit_card,1,37.74
adc2f0c9fd838d820339f8220c1adf08,2,voucher,1,30.00
ad6137b47c7f7c1c621f4de13c3d5bc9,1,credit_card,2,145.90
f6e638ae1f17003aac1cb6dc6a93ba73,1,credit_card,1,79.88
c8f8f9f5df7a6ce2beaa9de85fbf8ca1,1,credit_card,5,108.00
1dfbde97fe9eccbac2db9ab2f3d45a9b,1,credit_card,6,348.74
6760e20addcf0121e9d58f2f1ff14298,1,credit_card,6,88.78
ac3143c0b6db91dd3ca4ab4d8a8243eb,1,credit_card,4,953.71
68051b9b65c4b30fc1252a2b69fe1d0b,1,credit_card,6,125.77
8a170c32858870f69d7a3477fcca9a4b,1,credit_card,3,64.05
242bc9216a7d8514ba8d435a96d63c3d,1,boleto,1,127.69
cbe9e2376e5d8de3c057ed58a638403d,1,credit_card,1,62.42
fe36a827e3e9e0a6f5e11b0be2055727,1,credit_card,5,55.69
a5fbd128ce1d7a0a314bb56704e0b4cf,1,credit_card,7,146.13
3be1b5820b7f93acc617a3b680f37c91,1,credit_card,5,349.99
5ad7d897998f9bab0176a1c82b7437ea,1,credit_card,1,91.28
b79a7395d3911e77688dfe966105a683,1,boleto,1,108.64
ef0beb334211d552bb4bbb9b43e60248,1,credit_card,2,158.98
b616f638cd86d92c7cbd06cf7484ee34,1,credit_card,1,20.75
a3670896f8c6f70396896223eb4ca8be,1,boleto,1,72.90
33f3e269b872b41e5f90b01a92d454eb,1,credit_card,3,543.83
6a26bd1a037993f1205073dbeda67db4,1,credit_card,2,67.12
c3fa73017c4a172907d79669eda248d0,1,credit_card,6,139.07
45da19cff07c4148ba32b1a6bb8d87c1,1,boleto,1,126.68
af045d3e5d7082db57d5b5dde3c0c97b,1,credit_card,1,41.42
ede510a059fd07ccec20bff19a227fa3,1,boleto,1,203.16
b4d7995506859f96187970c8275ee66c,1,credit_card,8,540.02
b9a8d194c52bcb022997d990bd402f7e,1,boleto,1,368.60
fa9ef315051f18a68686aca274ae8f2a,1,credit_card,4,107.78
94d2de9ad08d15bd3e714a984bd09bcb,1,credit_card,10,387.27
7711d25c50cf5322589706aaf0458117,1,credit_card,10,107.23
cf9d814ad8673ebdaec52528c1f7a7ca,1,credit_card,2,101.25
0930df388b21f34fc3f0e3baa9a73016,1,credit_card,1,26.09
cbb39c59f8084f27c248bd5c3a1cde7b,1,boleto,1,244.35
0705d1148d3c3d342f1a8c8ad33e5d3f,1,credit_card,10,117.85
415c8cb8b60f8371900c2abb3ce6a0c3,1,credit_card,3,171.32
35d75af8e37e575e033ae1a48c1236ed,1,credit_card,10,202.44
81c2a9cc7a5d970fa1cb04443002088b,1,boleto,1,73.03
cb666a5ed3eec739fae136c3da8552c7,1,credit_card,4,264.67
7a415e8280c3ae4d608481124c4f5d62,1,credit_card,1,68.70
bdd49e833a618b2e10096e4bd5725977,1,boleto,1,55.13
8543d2d86c69647af5e2d957c3d21b85,1,credit_card,2,92.99
e8f9288c671277ab525571871aef27cd,1,credit_card,3,36.00
38006c12e16c03c74e2eb3113e238e5f,1,credit_card,1,17.87
725bd1c01a213e4ac7999d74cc9da874,1,credit_card,1,58.38
20aa4f85b1ed8d98e5c742c1a003db9c,2,voucher,1,50.00
e11fec6c25945565c1ef4f14fc3c03b7,1,credit_card,10,1995.69
30f54cfb85a2cf596ee5b7a589d3ffa0,1,credit_card,3,130.14
604b550c04e61700ab7bcb2ac5b5ca53,1,boleto,1,710.23
8a0ecc540156c0f21f25d7bfd4e95dbe,1,credit_card,1,68.00
cc80504e2db2b7b744e2bfe2450c95d3,1,credit_card,5,59.51
91f377dafe157043ee827b080a27e3f5,1,credit_card,5,371.94
c75886866a89a0c9a04fbcd4699f3772,1,credit_card,10,667.99
fa625c35a56d989b379939bae9bc9b2a,1,credit_card,1,63.89
61792c6272346d7f4b7c5b1747df7b1a,1,credit_card,4,49.34
0913c46b1cafecb52e5a9a55b6c0e0fc,1,boleto,1,147.00
65bbd0719855fe808bb19f62dfa9f42c,1,credit_card,1,354.64
46c7c115d719ca780eebedf719fbd4e1,1,credit_card,4,59.71
83c55d64c56ad16ba3c0f7858cd709d0,1,credit_card,8,408.66
e899327a5964f4d29698667a231e6b9d,1,credit_card,5,51.66
5ff78652a040431e007c9349249d3503,1,credit_card,2,386.46
9bfe486cba6ba9af52af7bfe86ff9859,1,credit_card,2,69.54
8be031b84394ed99ee85be1985019058,1,credit_card,1,21.94
ac0da888b1077d0f40b33eea6de6297e,1,credit_card,1,52.34
ebee038c5993647eb1defc78207cd187,1,credit_card,1,114.25
c596d8640962b115481b374c7b881f6a,1,credit_card,2,162.83
394eefeb1d359eb230a22ba3bd68f072,1,credit_card,1,172.92
cccb62677b6ed93ec68f4428a0ad81ee,1,credit_card,7,81.72
b249bb5bc00cfbe2ce917a5a07c72b46,1,credit_card,2,151.79
c5bb91ea2129a21a4f424d356a4d28fa,1,credit_card,4,243.62
fd26702a3f7ee5d86580de591ff53e3f,1,boleto,1,56.42
22420f3718ef75dcddb4f03201096895,1,credit_card,4,45.13
019bdbaef5b5121c9b1811976aa510a5,1,boleto,1,108.64
e3c6bf3aad3a42c48ae9619ac88d0b3d,1,credit_card,4,64.51
aa4f33b236ebf41f573308022ef7496b,1,credit_card,8,193.50
ff5b7f440481674b38554434638beebf,1,boleto,1,110.63
968ce3e13bbc09dc91d26a2f0208d99d,1,credit_card,5,200.55
31026c762ccd760199ad552ea17e0269,1,credit_card,1,41.71
d74283a9b897322afe09916280aca43f,1,credit_card,1,54.43
c453fb0ec44f618a32abcad5c873d06f,1,credit_card,3,77.64
189ede25eb8522abcbd3592d08811f85,1,boleto,1,280.08
17b18aa0bfdcebddefdf2d7da5718181,1,credit_card,5,101.34
828c3114b783f896fba059433600c471,1,credit_card,1,77.57
fcf62e3aab276898567e4ab7e973417f,1,credit_card,4,60.20
a6afa7362f8ec053b0b61cdc8f1c8b25,1,boleto,1,48.10
940d83f3286808e4f8b1a7ac975b2aa9,1,boleto,1,76.02
238bcd7a2027e5f32fd185c264d73786,1,credit_card,2,84.56
3d7fb1dd6ff6f0eedb9976eda81e4a95,2,voucher,1,20.00
0f090dd2d83a9d755108584313c8208d,1,credit_card,4,48.16
60bcba6747ee878b9007f61275f4cd1f,1,debit_card,1,265.41
0ec392fc56b5d2e7e4279c19c51b6460,1,credit_card,5,127.53
96068d351a84dcea0b929884876e4fae,1,credit_card,2,128.73
c2f065051bb7c9e7f88ebc998f332968,1,credit_card,3,37.37
8cc7ecd8057b154fb9227536dba2ce24,1,credit_card,5,150.15
1fce50c1831b6809773e5020edc716e2,1,credit_card,2,36.16
3fbb598da3d544e640039c789df239b7,1,credit_card,4,198.00
f8aa20752115b536eacee3d561989f35,1,credit_card,5,112.40
5accb23a030458bbfb5eb669903f05b7,1,credit_card,1,35.40
689e8820798347950a2649f71c734bd0,1,credit_card,6,189.98
503ede67b27bbb1c7dca67c00af403a5,1,credit_card,2,228.60
87276b621cf05e7f2afee8be6c9721b6,1,credit_card,8,314.21
34dedd5cb5e0f12df565171392540a8f,1,credit_card,1,22.29
bea175d990526fa16d7d6d5ea071d065,1,credit_card,8,257.30
89ce68f38090867719b22774f8bf5861,1,credit_card,6,162.99
276971787e4550d908a7306c2fe79da3,1,boleto,1,51.03
0b3d8a1bbaa4e340e25adfd640f70308,1,credit_card,12,190.09
fb4c1eeef06c08acb4e63c9091ab5c6b,1,credit_card,7,374.24
9378b5fa3133e86bb44a365e66c24b03,1,credit_card,5,53.15
952241c48f34d58c23ca57964d413834,1,credit_card,2,88.20
93de8241002c099c87029b0362e5c0c9,2,voucher,1,25.90
0a629239073738043764cd721c8ab2da,1,credit_card,1,46.81
332e264249f30a888b81bffd7a84e03c,1,boleto,1,131.47
5b2e70f861de8953b06ea667adc2eb4e,1,credit_card,3,258.71
4f037f852cf9b1a96760775d55221c33,1,credit_card,1,84.23
1314353395f7148ba64400eab34bb50c,1,credit_card,10,156.73
1d5912d4e665fb2a085a50fc13007c02,1,boleto,1,69.90
ae544ab4fdaa9ad26ce17423e88b8702,1,boleto,1,48.13
6e8e751584b3e3141e3e3c39f71408c2,1,credit_card,6,187.15
290069e93a387bceb35f0106717ab803,1,credit_card,3,69.99
88a82da4cb2eb4723c9965285fe826c9,2,voucher,1,25.00
33c011fdacf02b14181fcd81f4b5ece0,1,credit_card,2,162.10
0cc14454cb400b7b154e0a45ffd5c2f9,1,credit_card,1,57.11
14d113827939e9deace0b2afb528f1bb,1,credit_card,1,154.87
8d6ed3e982e12a1684b31540309e044b,1,credit_card,4,236.81
474c0bedc28c30c7568c589c047b75bb,1,credit_card,1,102.53
d73f657ce49ec301ac81116e74bd0571,1,credit_card,3,65.10
f0ea851516ffb7fbea588f7d200e3d43,1,boleto,1,93.64
01e6f40a293da5a9dc11e49695c7541d,1,boleto,1,64.09
6eab6f37ff2d390d23be84642739b500,1,credit_card,5,279.40
3d40c6056f68e49782a7c576c8b57e3d,1,credit_card,5,205.43
d82255dd8d216b8577f8f2527ce817a1,1,credit_card,4,89.57
d2cb7c100806e87a227d413e9157cb76,1,boleto,1,75.07
7b88910a9e8c55290806a85af1b796a6,1,credit_card,4,63.23
c1219b88f5d48e3d0dd3229cbd88a722,1,credit_card,1,0.52
9c5bfba7de6a4abbb6ba0baab78d1622,1,credit_card,10,231.27
d4a27413b758ce1cea90d005252591f9,1,boleto,1,41.69
e43a8e7bb3db31ab15c10dfc9ef4e419,1,credit_card,4,69.41
85be7c94bcd3f908fc877157ee21f755,1,credit_card,1,72.75
d9b53f70b57a028c32d88455dda31547,1,credit_card,2,24.29
933cae52f81a96867c679e5251c0a7c5,1,credit_card,5,88.49
b308154c76f89d8c52b41f7c8480d107,1,credit_card,7,71.66
6519cf54b544974af32f148f9087f86c,1,credit_card,2,80.81
21b966a378471db65c18fa4ca20d6800,1,credit_card,2,132.82
caa275ffe24eb1662c6e22a43e200622,1,credit_card,7,394.07
08bc5baa3da6ce0746413cd9cf227e9e,1,credit_card,2,165.50
1d6efdc47fc22d96340ff4b18566ef54,1,credit_card,2,98.47
ac14a1a3d8c2b071a150eb2990b5ecd8,1,credit_card,2,49.77
f6879e8e12a44ceb4c422c23489a029d,1,credit_card,8,180.91
c39da54f19d2aa7b89667e4817f05629,1,credit_card,4,40.63
28156e3f154f44bf5cb8c3ee9978d332,1,debit_card,1,71.63
dd3d73f70b77e2a07f64360620621ca4,1,credit_card,5,262.94
a03080d29751000dd3e2eab48835af82,1,credit_card,3,62.22
09c681e9069e20d7f2ecd587151f1b88,1,credit_card,5,311.57
69796e4e03edbf9c0f49c76d4ebadb77,1,debit_card,1,93.22
b62880756e815882264069601458b5b1,1,boleto,1,100.21
9389b64e7d922e3b0c30f8026e418e64,1,credit_card,4,125.43
5d5b8c94e2bc6b963da5af8a4b02bf08,1,boleto,1,80.55
e6e5431f5c825cde6802af0f30bd8eaf,1,credit_card,2,373.44
92f4f749aa508d58dee50d9ccdb6c9dd,1,credit_card,3,62.31
4f22cd3d78d124f7ac060a3171493ef4,1,debit_card,1,36.35
5fcbedfee2eec6f8ecdcac610148b4c3,1,credit_card,2,29.38
6c949e670b5d33dc8fb8ad25b6da4860,1,credit_card,10,102.47
175ba47aad2d017d2495c66b763a7df6,1,credit_card,3,130.00
28ff0422d12a02fb62ae4c9f9e9317f3,1,credit_card,5,69.13
f0ffbaf1fe35a4a0565b047824341bc3,1,credit_card,1,86.24
1662797f04736ea5acb5de67d5672fcc,1,credit_card,1,74.29
aa7565b87e9b5f1ecf8b8ea7f745899c,1,credit_card,7,70.72
ad2b9f8531232554f31be87d5ea9da10,1,credit_card,3,199.00
9b871ac52352fe5c58010cad01550b6c,1,credit_card,3,340.47
20c75d31d2151bf4e0b8b398e64fb163,1,credit_card,4,48.74
2f54d4ac9b0df5774cfa7c1250c4750a,1,credit_card,2,28.08
efc0a4486f951c342875c6ffdeca315a,1,voucher,1,59.90
2b3ec451746cbc17ebae5c0b8fc74406,1,credit_card,1,166.29
4862027da7986ac571a0bd91458ec358,1,boleto,1,51.10
774b04fe6502917d1952476fd1f3dd60,1,credit_card,1,67.83
93b63d0bd99c903fae0f7a00b72b507c,1,credit_card,3,164.35
d2b0a763647d885d0d3db2ee534ec02a,1,boleto,1,79.09
470e4a0aae7ae6c3bb0aa161b7abf205,1,boleto,1,93.69
41c7307fb0238baabade48573331cb55,1,credit_card,2,59.82
141d3bf5aa7128f40bf2a60cef620b93,1,credit_card,3,159.03
4b918a356d581c76170acb5f5644e79f,1,credit_card,9,92.57
9da388551ea23281b9bb4cbf12376992,1,credit_card,4,42.77
92295e7114a22f7180b04673e44cda17,1,credit_card,8,453.74
ca376f8f4042e61688af8cfd32d4e80e,1,credit_card,3,234.08
d1c60fd7acd42b1d2e2aecfeff348b23,1,credit_card,2,67.62
aa04ee4542e835a3e6f4da876dc654c6,1,credit_card,1,19.33
66866953330f81976a2adcd51f603560,1,credit_card,3,143.18
de24995591633aa90ba93afa013ece1e,1,credit_card,4,112.83
73eedc4ca4a789813a63fe30856c805f,1,boleto,1,85.92
984cefe3260707e1f6fc38b18b2b276c,1,credit_card,4,102.05
44f9bb85e9dfb3f106dd017fbd8b8006,1,credit_card,3,134.12
63003bf6e2058e236f3f9ebb2872b234,1,credit_card,1,112.13
4277cdb7e2125bf7bebcd908168f90cb,1,credit_card,1,70.75
a1092ad981e90f68879726e1c2c0fd63,1,credit_card,7,77.60
8f9b2d4a6cd80dc716a380365561a133,1,credit_card,1,197.04
abb045c9c602e1ea87376929b298b52e,1,credit_card,1,93.18
e4e0b1913652739070617b6a336a6ca5,1,boleto,1,44.72
71749baed4a3e47f47aecfced7c70ec2,1,credit_card,1,26.38
d3454c86a9d5b5a519364756eea7e275,1,debit_card,1,149.14
dc70f94b8e8d37fbd4fbc0e31a008175,1,credit_card,4,106.32
de1f470a407aead094cd885293ea9ba1,1,credit_card,8,246.96
64e64a4dd77d71d6bc307f24af1e55ac,1,credit_card,1,22.29
ccb78ed7a1acba9d251c8626f13097f5,1,credit_card,3,57.48
54b73f808b0ff25da4276773c30ac269,1,credit_card,4,105.28
6ad99bac95eceb8ee72b78585c5baf88,1,credit_card,8,203.54
3e47a8cc66024053901d7313a7d2a0b7,1,credit_card,2,330.40
a9096f7f0b61e8a65ae29ece51a43d03,1,boleto,1,108.68
16e62e9da7d33d61b6f26ccf68bc962c,1,boleto,1,415.93
73716792079a3819a7022fdf6500f9fb,1,credit_card,10,314.21
e6dfc4ce09d6557361948d3648ccb670,1,credit_card,1,206.08
8065c72fce26b871dcba7ef49bebfa48,1,credit_card,1,27.70
6d0da5add693d625079fa8fdf40967d6,1,boleto,1,19.48
0dd13170e2f12871b1e007e5fcf6e944,1,credit_card,2,121.09
c283d7942d2bbca2c27a9c15ee2a390e,1,credit_card,1,206.76
9e685885967d3152a558f94a355e3b6f,1,credit_card,1,142.21
a1f7a3803f5afa1b25182cbc0b2c38be,1,boleto,1,73.34
069872f35a2ed2d455f9b64e914dd4bd,1,credit_card,1,72.62
d6dae36830ffe3962efff0e91cc64127,1,credit_card,1,86.24
0fe66ba925b98652d484ad6af89402e7,1,boleto,1,230.10
83f897bfa5b1f95356e8c9a33679cb49,1,boleto,1,206.14
92e3a3bff7261e031fc2901b229ce73a,1,boleto,1,212.73
9b6a1b8bf017b64d6ff4d7fe7cd88f1f,1,credit_card,1,94.82
816b15129b14c066ff4f5755938aefb0,1,boleto,1,126.44
fbbc0a864330509c41ca4b4f0ff9b780,2,voucher,1,140.08
209addb62d4e3c8c3e8b364d841b4d58,1,credit_card,1,68.87
35d71bd32993bd9959f7eefe1a5a0f4a,1,credit_card,2,87.58
b790fce1eff8be3c9ff35c97cde2afaa,1,credit_card,10,305.19
05c5f6468206cec16a8c99f231bbbe86,1,credit_card,5,161.88
2e69eb402e990dd7df2f12806dc38a4a,1,debit_card,1,88.08
f8b1f5bc1c01359c4cc4e611c257ff2b,1,credit_card,3,92.50
18feb354fd368bc9d6cd27c5359e2243,1,credit_card,1,43.00
f5b3d7bf340b33e9fac5e7f314525614,1,credit_card,2,116.36
4fbf4b4d08900c34f81e01ace9d3f294,1,boleto,1,64.48
d75cb3755738c4ae466303358f97bc55,1,boleto,1,37.69
ee482a8248d67e42aa1105d14a941a47,1,credit_card,2,150.52
347610961383f5990e1d0ce3fd0afa5a,1,credit_card,6,314.30
7f058780efeab68414ecad1c0c43d0c0,1,credit_card,8,396.35
900fac51d850dfc38fceb9c413441c67,2,debit_card,1,98.33
a83755325957c8eed972dc614210922e,1,credit_card,1,120.92
407408433ee2a9ed77984aa5a06e2b2e,1,credit_card,1,76.17
f41fbf3e30f0f79822348910ca2009f2,1,credit_card,1,104.43
874a7690bc049bd4ce210d195bdfff7b,1,credit_card,1,105.94
c3efd4a2e8fb35fdc26a1312de8e2ca2,1,credit_card,3,110.04
a65211639143a90d6cb4116d808b1823,1,boleto,1,730.95
291036f4304c5fb0dc3965044f4a4605,1,credit_card,4,128.77
84e18f4b5b541150af97e94f3cc0b2a7,1,credit_card,8,82.10
7c95572fd6e7e0ab8b88b00fd8c70716,1,boleto,1,53.39
d85a98bb9881eb52e0efa5e9ddece3eb,1,credit_card,3,61.79
48ab980d180764382cfa411d2fb63dc0,1,boleto,1,86.83
2760fc9dd1ab8d8e9269d4d9f7ee48f6,1,credit_card,1,45.30
2299befc86b7b31fc23dcba911582355,1,credit_card,1,25.50
0fa927b252421189a0e0d5725fb3832d,2,voucher,1,103.79
197be0df90e5b459a14669e32c8ce1ff,1,credit_card,6,114.28
531752ff49fa411d865ecde8cce5c7ee,1,credit_card,2,57.78
c137d955d66546c460453c13ce560ad4,1,credit_card,1,124.15
0d4bf86877b0763d194d50ca6a136bf9,1,credit_card,3,64.10
906f47e5cb0a80530bf2e789e6e6a0cd,1,credit_card,10,179.92
219fda9e83f9a3ac8e1baa10d6cc6366,1,boleto,1,40.01
065fb1ee0ec59ea0a68b3105a59a69ce,1,credit_card,5,104.27
d253842de8c5d6f95feebe80f6f6995e,1,credit_card,8,307.96
5a409b9e0ab85bdafd5a5b75f4571b7a,1,credit_card,2,31.29
7056ed3b6f11b379db7915d1f6a69ad9,1,credit_card,1,38.13
e3c4a1f61400e7db82ae759cacedc9a3,1,voucher,1,52.01
067a8c6d7efd34e3595ef4bf1500c766,1,credit_card,1,35.05
49549ed2d115e970bfb52d517fe0e91f,1,credit_card,8,186.49
dfa57a47eb4b524966a891189c893d04,1,credit_card,4,99.95
5fd03333c4c020a7eff08e6ef26ef8cf,1,credit_card,4,215.62
c627fe35fce1a754bc5b812d0b8ff379,1,credit_card,3,206.20
ba7243ecb3b63c80579ba1d4c34e277c,1,boleto,1,55.06
c943bc78c323d9a46208210c587c2ce4,1,credit_card,1,21.04
6d60fdb8565707824a98431255d3183a,1,credit_card,1,26.45
73ffc7dbf151bdb28ff40c4206968803,1,credit_card,1,127.53
3f4870bf4008a2351a4855a865c454c7,1,credit_card,10,223.14
90932f88aac7cb89b8de1b8635b6d393,1,credit_card,2,56.41
1857ec1a182661136fe7584592437d51,1,boleto,1,566.63
52fe09ed9b59f3ee4be7b74b990d13bd,1,credit_card,2,39.41
12ab522eccaca7c7be0e20ef475ea423,1,credit_card,6,148.64
a10e6749400b3ea4a674cec3fd3a9605,1,credit_card,4,64.00
3ef8344e342218131639ab03da0189cc,1,credit_card,3,151.09
174fb39de9de15c80ea4076ba0cb6c83,1,boleto,1,93.91
c8584f2a0bdbf0ac38e859a8f7744039,1,credit_card,2,71.14
539a1383b0bd9b963044945e607f1aca,1,credit_card,3,188.06
9b790ca446b8e28ce5e4382959f6b7df,1,credit_card,2,257.21
82ee69216f11b23e2d21d2796e079366,1,credit_card,4,692.94
bd0f032970584aa4a5b78947cb63e455,1,credit_card,8,181.10
81bee7ecbeae8e9b41bef6d41b146b12,1,boleto,1,202.26
a45007bebe435ae6fb3637ede777476e,1,credit_card,3,164.15
5256aac1d939c4bbc931cc7c1c78a419,1,credit_card,10,137.13
9c54a1816e487456bb7eb5082b9823ff,1,credit_card,1,2.01
048cc31326007f07b576b46beddecc12,1,boleto,1,272.58
6ad6a8701a498c74450b0876eda2ecb9,1,credit_card,4,87.36
68986e4324f6a21481df4e6e89abcf01,5,voucher,1,16.54
774189d7c5cbddd496b190c3c0f9de56,1,credit_card,4,234.19
4c217e3cc24f803307dea7d619377def,1,boleto,1,86.37
36963a629da6c57d926df8f37a9e63a9,1,boleto,1,33.00
37193e64eb9a46b7f3197762f242b20a,1,credit_card,1,10.89
ecdaf77dd1a8f3bbb92d88b14869b2f9,1,credit_card,4,84.14
4c17c523dc7daa9cfdfb327f119179a4,1,boleto,1,43.28
4197f94f8bddd171804b1360fa78d368,1,credit_card,1,47.95
15d2ed1b88ca436faafb7d7236dea795,1,boleto,1,76.08
a8ff452116db2ff4a2963f490afe5471,1,boleto,1,104.37
4495f1b55b727a6ca639505afc688e17,1,credit_card,1,69.61
2f9892eb8df4a437d90cc5b1486f3b02,1,credit_card,3,121.09
f6cc5ac0be9196f2fb3db04bace5cd8b,1,credit_card,7,238.65
e1edd95bfd88243a6d6b774d8aefe535,1,credit_card,4,181.59
a1431d521cd6c63636bd85cdad970498,1,credit_card,2,135.26
972c2e78e9af23a750a48184aadfca4d,1,credit_card,3,51.09
360787554f41824600bdcba9687cd4f0,1,credit_card,3,1783.44
b0cc2434ee3727e682222a0f745a5948,1,credit_card,3,145.01
f75517cfb973c21eab8559a870263794,1,credit_card,10,231.27
d022bdad33a575ca5edb8c4d51e44310,1,boleto,1,70.03
d1ea13fc1406243e6f6134582bf1bbc5,1,credit_card,10,1432.92
43b2b04bc7aba79e72acb260d116466b,1,voucher,1,45.24
3bfd863aeb764ee13e7a3909ca8be2a5,2,voucher,1,50.00
4f54cd2c8e8986790a962e3657390e1d,1,credit_card,1,64.01
c51937c0ea3f397cbf08be8fbdce3730,1,credit_card,6,148.18
9bb824ec73ee38dbbc585f3bba4b34ac,1,credit_card,1,171.53
b8188e1985fbf9e2b94e3a0b64d58074,1,credit_card,3,86.15
3f72f100dae2b5099ad6e5a486e95ec0,1,debit_card,1,22.79
5600c1fabd9c27cf4dc4a3aaf57a8e29,1,credit_card,2,58.16
b9a089706e16d5490f7a2feb363e32e9,1,boleto,1,149.42
5979684d63c8a62e550943dacdd1231c,1,credit_card,1,44.53
8d0b3f3857cad208492c3819a7a00d19,1,credit_card,2,152.82
869e47849cdcd2a24f33ab52accd0e89,1,credit_card,8,82.92
6902f0d9d7309f56f50b8713c3b6a4de,1,boleto,1,66.69
701784c754c8ac2e2a73dbbe7dc3a363,1,boleto,1,52.75
2c9d0e7a53245b11b39d47e84b3d7ac9,1,credit_card,5,105.94
0132158c30672a8c52997a2492613ec2,1,credit_card,8,413.31
460bbd1de438f2781234032226e45461,1,credit_card,3,112.09
9b92d4432c1758cd4215f3fdb1d623a3,1,credit_card,4,186.36
d6b7fe0100a5ed0711d0682fc1ed7819,1,credit_card,3,165.22
d289934bddf878e1cac62c95c8ee5402,1,credit_card,3,49.02
fe87d4b944748f63ca5ed22cc55b6fb6,1,debit_card,1,173.68
394959298025bc7fba4b9a6818907cfc,1,credit_card,2,205.07
fb8d6e92e3a08fe6485d4fb08d23ae0e,1,credit_card,1,21.04
9c0bd8cd0fc8231ed50c066058917360,1,credit_card,2,132.68
f947132461622a725c4661c580ab80da,1,credit_card,1,36.09
ee00fa5093eb96d8573403b382fb60a8,1,boleto,1,66.44
a38d122ad3e07ca8d13e4a42059b98d2,1,boleto,1,161.62
ec89f64fa61a8186f474cf0a903fc4fa,1,credit_card,1,27.75
2c283d6fe3628e20caec652ad3703c7e,1,credit_card,1,91.28
cf014dc8804713618176fc95af41b221,2,voucher,1,81.93
88889b5ed13afaedce4894ebf3cb6f46,1,credit_card,2,167.92
2f92b812fd7c7df5b629833c484cdf1d,1,credit_card,1,61.36
270f00466aae4f41f010eaba2da31425,1,credit_card,2,60.00
d790743eff8a57ec6b1bd64865b8c60f,1,credit_card,3,39.01
8616397296bf3ac1cc07c21a5c457894,1,credit_card,3,39.78
ccdb48549002b54a62ba6d41ee492980,1,credit_card,2,64.23
6de0a6791e7af4ed0514498e5100370b,1,credit_card,4,186.92
9c440fc86e36452b4288efbf2d65dcf5,1,credit_card,2,43.29
8d3a0426fb1b51bacd3297517f48b0ae,1,credit_card,1,59.13
8effe67a72c715f926a6dc1a616a5ea9,1,credit_card,3,33.51
56430e0b9968b381942760e433583b27,1,debit_card,1,33.10
493c6b85f2b1911ffe31be7e8c2839c3,1,voucher,1,148.06
6ea6f5d85441b7bfcccbc44e082d02e3,1,credit_card,2,189.56
1634d04100d187e0f985f2eb2909cba1,1,credit_card,5,105.38
94cbbe30434a51f71837965608aa41e1,1,boleto,1,69.06
6eb1728e88c8db6cd1846dc95eb80572,1,voucher,1,85.24
132f1e724165a07f6362532bfb97486e,1,credit_card,5,179.46
ca29aec188eb04a764fce98c6f69232c,1,credit_card,1,168.35
9e8d7ab8137bcd3cfeac577dddf35592,2,voucher,1,100.00
12788af294f51dd5ba2aaed208a45969,1,credit_card,1,77.89
b0b61472cd1ff0e9f1450c6ae4c8d5a4,1,credit_card,1,99.43
63c5f492ab4ee6c249acbb4cff61ae3f,1,credit_card,1,407.90
8ca5bdac5ebe8f2d6fc9171d5ebc906a,3,voucher,1,15.00
6c98fa39891b33399785aeac3d7ee926,1,credit_card,2,424.04
25d919c7187a3f82b5437023a5e98e46,1,credit_card,3,157.20
7dbdda97c8aa87c003f73602c45e4f90,1,credit_card,4,162.03
88c9df242e26c36482168acfc3d250dc,1,credit_card,8,188.50
6bf0f652ea13e6773172c1899a925bb4,1,credit_card,1,65.47
99e34b586d1fa26ea713021ff647d18d,1,credit_card,1,39.42
c74e4862507efb811471cd922e6f3529,1,credit_card,5,365.32
710770cfb61b2c43a091ab2c7b89a921,1,credit_card,6,65.11
73c21d26eefa3d24be02a149b9e69017,1,credit_card,10,188.34
df339f81c46dc0bf186cb6307d7cdb6a,1,boleto,1,35.40
6eea8cd99d26a8bbdf39d5289e4e7601,1,credit_card,10,590.72
3ca411651463b3a30f194126a1d6fda6,1,boleto,1,36.75
1475652ad485c6469bd02393c70fdaa9,1,credit_card,2,81.73
8c53283eca3bc0e603a48f2b8725e96f,1,credit_card,1,17.86
3615e42c9ff6c0d9bb86e14c6670d965,1,boleto,1,108.97
205587440f824c5e5d7bc3bccb63aa15,1,credit_card,10,569.66
cf4eff954b06c19d96be7d6792a1da3c,1,credit_card,4,48.13
a6e963c11e80432334e984ead4797a8b,1,credit_card,2,63.10
5718fc130d653929872f0481438d3f66,1,boleto,1,39.42
ac033ca6c43caa50310de844a7868c8e,1,boleto,1,74.03
f03c93c7441f0edaa7987c4313467110,1,boleto,1,66.78
524ea0422eabccf15e4af385f6b153d6,1,credit_card,1,36.59
dbcb89699a4736bcef1373eb9d8ae5d1,1,credit_card,5,272.64
6365be88d51d66dbac002c738a56bae9,1,credit_card,1,64.34
262509218257310f675994ae58ffbfa9,1,boleto,1,49.05
67976860fdf683e7bdb13c4f907a982e,1,credit_card,7,163.69
1295db8c216f7ff7a2c02a66b4cb5d5e,1,credit_card,6,443.85
2d824bac66ec7467745b2defcee22c1e,1,credit_card,6,165.31
e41e5861711a10524b80a63d022ae776,1,credit_card,10,1180.51
d21873cfa21e689e4dbfd43a99326424,1,credit_card,1,706.84
4a686b47e7eecbd136617bf8ae7c9af4,2,voucher,1,20.00
76c025e93388599ae9e136363ee1c00b,1,credit_card,1,135.97
30bf87367ed2e63f68bfb5aacdae279b,1,credit_card,1,56.99
081e5884f403fbe66f3bce77c72c9230,1,credit_card,1,43.58
aa4cb17e191453bc29e2d1f67f38a4ab,1,credit_card,4,48.15
76978d31d8e911d947c1c80c193e116d,1,credit_card,1,76.87
0b365bbd59e2f75bea276c81bb916dcb,1,credit_card,1,2.78
6e60346a3ee3876c1e4bc89c597ffcb8,1,credit_card,2,123.59
c1d8546e6ed294dea3203910c9b0e7b5,1,boleto,1,128.07
055f84fd2ebf314ebec85f8e1312f4f4,1,credit_card,2,185.84
3d965a3a3a9aae822a8f40ddf0184df1,1,credit_card,1,85.81
42ee4f991900767ba353278c7c4f4df3,1,credit_card,1,149.54
ceddc11f4f78257d0fa6750091d378b4,1,credit_card,1,32.38
7b8ad11294a3f23e9695000ab5f07a42,1,credit_card,1,23.38
b9d5bea267e1dd6838786cc12ba40ceb,1,credit_card,1,98.86
de43e0e00259ee7b44c7a11e9b5d114f,1,credit_card,8,124.21
3c608a571543f2f2b96f2e6cb3a2d10a,1,credit_card,6,191.58
3ac963599c50b9beedbcebb47eb33af9,1,credit_card,2,123.04
f53fa17609006c9c6669b5371ce08044,1,credit_card,1,26.38
d1e7343d9fea35ce6330478c84f0fb7f,1,credit_card,2,71.49
8edc3a87d7a72e4350d65c9e1c613089,1,credit_card,1,153.98
6b64cb311a0d5baa18bc37ead02d657c,1,credit_card,1,55.91
c124b224a2727ecb4e7c9a378a936d0d,1,credit_card,6,86.06
64c9c64b12678438c07b5ec6cc785976,1,credit_card,1,33.10
79e5ae80172f5697f2402439382f2d77,1,credit_card,10,360.29
90024aa5d3878db3667cb0ece7f1aa08,1,credit_card,10,105.24
f44117f1303c4e6573d463bdedff85de,1,credit_card,3,114.85
7db5f2eb8f5f54db9f9e71ba4296bcbf,2,voucher,1,0.01
375d01d18f644eb19328130122fcc9ef,1,credit_card,1,65.57
7699e05f3c451052397a0248cf24a821,1,credit_card,3,88.90
068ef03abe39323450b52f486b34bf3d,1,credit_card,1,76.78
edf2c3d6395a7bf3fb1f35a9e919a88a,1,credit_card,10,680.96
816ccd9d21435796e8ffa9802b2a782f,5,voucher,1,27.91
33ce126846ecce9afdfe8f1b93551928,1,credit_card,2,61.79
cc69435b3a477ca3247cc9811da7f589,1,credit_card,1,40.96
6b56339f54b8363a200c6814ae732846,1,credit_card,2,149.00
f8c6dd2b68a916d939d46cb98af8fc49,1,credit_card,7,75.70
44c5dae14c55309b097d6c510ef1a986,1,credit_card,4,356.90
6893c7e3a051e9d94a2bed6777355f2d,1,credit_card,2,165.96
54066aeaaf3ac32e7bb6e45aa3bf65e4,1,credit_card,2,61.19
d10d28ad0c77f6e4e64642c7069a9f80,1,credit_card,1,43.37
1c79b6d729e3237f640dcf981b468fe8,1,credit_card,2,40.86
e22da8f5aa7c1414020c647664a8483b,1,credit_card,1,84.81
e6a66a8350bb88497954d37688ab123e,4,voucher,1,8.24
5a359fd847978055438c2563b425d343,1,credit_card,3,191.93
9dece38ba34c2b0050efef28e85d7bde,1,credit_card,1,32.72
c9677a4babf96837ee697317b7963a92,1,boleto,1,32.77
5cfaa2e60887ab4aed7d4e637efe2156,1,credit_card,5,50.50
4c1cb7f4baf46ea807d4e65bc0494dba,1,credit_card,3,37.05
482df43f85d48add2d83b40f3737062d,1,credit_card,1,70.36
f057e285395efbc0c032cf9e4ccfd146,1,credit_card,1,38.00
4eecbfcab9ec27fad7e24ac94f9a032b,1,boleto,1,196.81
5429402f55e24651d38a030602f4b50c,1,boleto,1,46.84
cc58d2040605eaadced18735aef5bbb0,1,credit_card,10,367.20
aab0a15c4d4fd11c8b5c5827d567f202,1,credit_card,4,195.36
a0f3677ac2cfd35a8d76f4a26fb29a95,1,credit_card,7,144.80
69ab7fdbd887d055b05826a8cc5591d7,1,boleto,1,28.62
0ad81eec70d65880c30299b73ac7945d,1,boleto,1,160.74
fc6e9a6cd6985d3d454cccfdfdf66931,2,voucher,1,103.59
88222a046146c4aab763e90b35ab4799,1,credit_card,1,10.39
580b08c73a274ac48d8e8c24d6364f2d,1,credit_card,1,31.75
de87be44e83ebc323acd6d4caec3ca57,1,credit_card,5,116.23
6f393015477564624446a2b4c948c0f0,1,credit_card,4,40.43
1d50a1ce4cf6a22155891f66fb4117b0,1,boleto,1,66.64
276c36d0f0218b24c09343edf53cb98f,1,voucher,1,17.01
750ed62dff96bf5713b8c6a6bbfdc948,1,boleto,1,189.96
b667484df2bb8bef1e61788f1c7556f5,1,boleto,1,170.37
cb5c4ea12e93c16a94c2bf3dbafa0fe1,1,credit_card,2,50.90
6e2b63d5084b319e8d72270b7882e119,1,credit_card,1,133.64
c9721963d4b95316401d2d75621f353c,1,boleto,1,543.29
af090d1b9b5c1f684bc6a48f6525e97c,1,credit_card,2,42.75
8a08c6b7d01513f42c76604beded88c8,1,credit_card,2,161.01
2dd8a69d1eb8ea62bdddc073c4e80ab1,1,boleto,1,72.83
e2c195168dcfb7f5465c1b342ac094ee,1,boleto,1,1605.14
be8ab651d9a385206918a02d21d0cc33,1,boleto,1,130.60
4e27ad7f1a6821ceddc8442eb1875014,1,credit_card,1,69.67
04031f8b12339dcc12fa340fe96f00a6,1,credit_card,2,70.97
675d6533ed09bea158fd932431474b82,1,credit_card,10,255.76
8ec26dd02af502c1a8210efc0bb02c0a,1,credit_card,4,75.40
97d27b60de1ffde7559bfe762230851a,1,credit_card,3,109.93
dc282855b102a2d5cffe41332d73c196,1,credit_card,1,71.14
91e725244b1ed72249f35430530e8bcb,1,credit_card,3,113.33
b34f86c59a76bef28aa32825ab4370f6,1,credit_card,1,292.86
8ef3801f58da6b652a3082e1fa5b6589,1,credit_card,2,129.15
44a9041df78170974aeb1d2084dfae29,1,credit_card,7,177.67
2adb88df15a33d97f2990e59b1745820,1,credit_card,1,27.48
9a99c1f97699ec839f7966eb7c7d5afa,1,credit_card,1,140.94
f2ce3b8d9c16e475c92d3c2d51809cfe,1,boleto,1,23.00
66c8dae0eb958ee945dc71efd0a99659,1,credit_card,1,49.09
e08878ad70acad81d0e90f59e56ce9a6,1,credit_card,1,84.79
ab77be4cf9bf132ca4d82049e786e528,1,boleto,1,111.02
3307fa374be3286d440dcd94dd5d2831,1,credit_card,1,42.44
6a2979d48eda14bfbe2d632638ae16a2,1,credit_card,1,210.56
bf897dd4378248fd6947e04c4d434dce,1,credit_card,4,42.74
2fd35ca971609b8f8f878d87262e6fbd,1,boleto,1,50.10
90181a7780a0fa0a32d7449931661c2b,1,credit_card,1,67.23
f29b2ca058a4371e9c8baaae26e7e1a3,1,credit_card,4,46.66
8eb40d0d6303f8fe16dad09968248c6e,1,credit_card,1,201.05
e95a9cf427d600b905017685d47e21cb,1,credit_card,4,81.47
0c4c42e7e040dc423699b1d019b684e1,1,boleto,1,79.69
20b44662cba0e4e87a3d794343c1076c,1,credit_card,4,45.12
2bdd95b017c58f97f4e735116e778d28,1,boleto,1,250.04
3663b949b55f8b8025f32210ab79cfc9,1,credit_card,7,108.88
b6165efbad3f8539e365b9ae5a2f3c44,1,credit_card,1,189.66
026a69b8c98fbfc61de9050c41f1dd95,1,credit_card,3,135.47
25e8002575a945e8d4ae84ca208daa50,1,boleto,1,104.07
5008e6358df7e92655ca078e3f41b8a6,1,credit_card,3,184.08
2d609a52d61c0a90d5e88a143630bc7f,1,boleto,1,164.01
6424ddd05ffee73de1df9f8f9d1bfc25,1,credit_card,3,91.21
530ed5c74fd86562fe50456702b65599,1,credit_card,7,129.00
0d80282817c88ed77c05a7e4f72dec4f,1,credit_card,2,84.28
18045b4512947089463f5efbdaa3c341,1,credit_card,1,57.67
ab23407c84b934f452124bc5b5453123,1,credit_card,3,97.79
767db3d915db881b9f47ce8ac08daf63,1,debit_card,1,53.90
943124300f49c04925947c81838ab67d,1,boleto,1,35.09
cb161f108a2062a82651fe528b39ffa7,1,boleto,1,218.04
8533051a3ddfba857f39aa28d5b7a8f1,1,boleto,1,67.93
e7fbf44c317d9ac6b87b0330fed92f1b,1,boleto,1,40.53
73612117a85e3e65d7ac69f7e5df1540,1,credit_card,6,97.23
42ed2aeb956c92e3c3bb6933ecea1d89,1,credit_card,6,159.39
dd6644d86c2b8177a9ae5f51bbf7b82a,1,boleto,1,167.07
c659935fdc19ef6b13aa33fb990a2f81,2,voucher,1,50.00
c1213e8146aaff37acf16bfef1789d75,1,credit_card,2,93.40
363524b17966c3a64696d5a68c5f4d34,1,credit_card,4,276.11
55eda25190659fb615a61fbbaa14013c,1,credit_card,3,149.16
107f069fdb62a9cbe252b043323e4e32,1,credit_card,2,175.13
347bf2a6f72b7c7650838aef5cd546be,1,credit_card,1,143.99
15623f35d6d5eaa2fcd185a613927e86,1,boleto,1,131.80
7cb67275a494651008ed5b1f0353ddce,1,boleto,1,88.54
0588a3721b3d0a1f0b549fb84fd9cf10,1,credit_card,1,109.31
2c9802d8dcf6a98e04bc7dc09cb33c65,1,boleto,1,63.05
f258f1bbb090cc1a4c185540c7038332,1,credit_card,8,353.29
cad2acef57f845758b7d0da4ee76a3e1,1,credit_card,3,276.44
b0a2019225451e417b6cc92baef9fc8c,1,boleto,1,45.95
46ac11dfb657fb82eed780478f2936c7,1,credit_card,2,116.99
8e3ab8811f9c3a04413aa4e14f84b872,1,boleto,1,46.00
cc779b75630b5b63955c7167fcadee93,2,voucher,1,23.23
2e40f4ca6760b2209d72989c1533fe0c,1,credit_card,1,119.18
2ff04f721a0ccf086506b4ba443d924a,1,boleto,1,32.13
186c43c492d0813457a0da8ee78ef748,1,credit_card,5,222.15
90ea2b1be9c98c67406de151652daa63,1,boleto,1,59.22
0e9a5de04c76a97588efe7f216942de2,1,boleto,1,204.81
ac3b973c9266d0035615e92f77c87420,1,credit_card,2,73.34
10266b83757aba75b5fb490bfc84fd64,1,credit_card,1,131.03
5662e7f8bbc6abe55e104ac06994a731,1,credit_card,3,57.69
69e0526abe64c820d4dd97f2b9921e60,1,credit_card,1,27.79
ad9447ca1bb7d23ed83358f2235b5a56,1,boleto,1,224.45
b0e1d9af1bfc3a4d96489c81cf10fe69,1,credit_card,1,135.60
2d0da8435c6493de84783c21578638aa,1,credit_card,7,76.08
6a09c972c5374c18c043270ddf09b641,1,credit_card,1,67.14
57cf629636cf674f91cdf37b7118b27f,1,boleto,1,137.97
938b81c296794bf21f608257efd9aae9,1,boleto,1,68.12
71e46015f37d1839f5feacddea47add2,1,credit_card,3,73.61
d482cb92e40c8f1f96da881196ddd956,1,credit_card,3,117.94
811acfa349a56222b8ca357b548123bb,1,credit_card,3,84.52
09249f4625a56408772a45322aadd544,1,credit_card,8,138.84
d0fcb0e64631dcf3a108b1837a69d9a5,1,credit_card,1,5.37
c6ee046b85d59deed2e71242e970d437,1,credit_card,4,119.48
928491f9ad93ae20de89668ea4a968e0,1,credit_card,1,77.50
9c83e600b8c156f1b50b753f30e93634,1,boleto,1,84.05
60b0fba7a3132de4c33d2a0a2f204b15,1,boleto,1,149.73
035c01a45e289b155db4e47cf39b29d3,1,boleto,1,93.80
e8f10e96c2974b2d58613a46cfef346b,1,credit_card,2,76.51
72e260ebb1a3c209dfd76c76f1d4f65c,1,boleto,1,121.60
631bf0797fc3480d6eae9757b0c816b4,1,credit_card,10,528.69
374a125372cffb30e8e2df55f8448da4,1,boleto,1,73.03
98f0e2b0d85754ca3b4e06d70f0f63a2,2,credit_card,2,70.00
cf008a8ccb8f6eafc66de884e6bc2728,1,credit_card,5,278.63
e415a718c8f2f0372ec699fec852fb68,1,credit_card,2,89.88
ce4c70f737d1a9edba23290f6031d076,1,boleto,1,117.38
e326f9904d668c8e2fce637b8b1fabe6,1,credit_card,3,180.47
7df4045bb089bf92e7eaf3b506b6423b,1,credit_card,2,110.77
b6373737638442df0342f512435488df,1,credit_card,2,28.70
7936367b7140cd4370be2d7eb8d3e325,1,credit_card,1,23.47
b5a1d012931f59ed905df201cf2aba80,2,voucher,1,50.00
f819c53d333f9775d516f9ab29e0ded8,1,boleto,1,364.46
879dd3373c7f9f0412d2ee301cdadbdb,1,credit_card,1,48.23
1dfc284468e80b96e18103668871f465,1,credit_card,6,78.97
6cc24bf6c628c261d2f9f0f7eef52a93,1,credit_card,2,159.80
94779a352003cbec1931fe5d7b041f7e,1,credit_card,1,66.44
b11a2fc0664cad475e2700523625a1e6,1,credit_card,2,71.13
b45e0eedd6fb6570b2fc15416a437431,1,credit_card,1,76.29
5454971549d855538eb746e4d263f9a5,2,voucher,1,188.93
b33fb23930b882d67b4b114c33f2e6df,1,debit_card,1,70.03
7aad0379bac4fe5dcb0a97650eaf957d,1,boleto,1,51.01
023b49300b34f2b9961857266df731dc,1,credit_card,2,162.75
dac3a461489588cac0ab57343d625915,1,boleto,1,36.36
9cdf5eee30c936e5a33b193998e40d07,1,credit_card,4,209.46
7a7ce47ebeac8469117cd0b044c03d1b,1,credit_card,2,79.95
68e77d6af71665b7749d1e4ce51835ae,1,credit_card,1,134.49
e417eb578007d00c0b658bc321e625fb,1,credit_card,6,111.02
4a02bc45b72b95ce8a16efd46f2e1e47,1,credit_card,1,53.88
59bdf4abef7b3ebc43ac9d4865b426d9,1,boleto,1,62.91
fa8bc976c444fee300429c2465aa1842,1,debit_card,1,335.47
608570b95a49743971fb82089b960070,3,voucher,1,12.29
93d1fcee477966a088fa92cae7c8a488,1,credit_card,8,237.54
f7535fb641a71ca3e0a6f2657dbfc51d,1,credit_card,1,131.94
60622e02fde39a42fe9654c41a6bba8d,1,debit_card,1,191.28
c1df4a5d1b544e51e2f038412f96c0a9,1,credit_card,6,85.24
d48ccff01a1b3e35b69d6b6ed81a352a,1,credit_card,1,37.99
dc3da2a9d0c93951fdc030194d48bb02,1,credit_card,1,200.75
de25b0f0bc16aa46db52a0cb9963b764,1,boleto,1,213.03
58ee11026c2fdda6ff738c392cc5fb00,1,boleto,1,74.16
633bd8dd4d19125b69aeee2526f79779,1,voucher,1,55.09
4fb76fa13b108a0d0478483421b0992c,6,voucher,1,10.04
37efc102e49c3219c6ca92ce169327c9,1,credit_card,1,57.80
b0bf00faa32149ac7d0400f67ce3d3b0,1,credit_card,1,25.05
f8868b8046c99c3b68a17b935efe47a9,1,boleto,1,199.43
b7a098563d93a0a1f918772c24ca3831,1,credit_card,3,172.29
ba254174e8ca271319fbd168acd8684d,1,credit_card,8,126.30
d949922726bdc62d5829069a73cc15ca,1,credit_card,5,116.97
d2d6acd468cd36300e20668ae293923e,1,credit_card,2,158.21
4b21c757f8c1a51d41c1653e15d8f289,2,voucher,1,247.16
9490bfca05997e51ea0beb78eb0918fd,1,credit_card,4,45.09
77a4cc7b685fb19e55b78931185be0eb,1,credit_card,5,172.16
76a6cde2f1431bc0834cad44ad2f472f,1,credit_card,2,189.37
7ef259be178f9f06c72a57add85b71cd,1,credit_card,3,372.67
77c514940a145ab624fa7ec202ef6dae,1,boleto,1,64.44
a0fd703a1c6a122520246bd8d481e528,1,credit_card,1,2.35
e9a94acfe5f03efa28ff033a79fefe8b,1,credit_card,4,204.07
3b26d4fe0e3bb6427ae7d3b446bd8c85,1,boleto,1,75.17
60b37209020e1a5a5857b1ceec4037de,1,credit_card,2,177.11
f31b8a3ba0d40cba425c9bd89c69a3e7,1,credit_card,2,42.78
9b8254228cafa6a7e497fc21d7268c05,1,boleto,1,37.79
145c086f0f81f9801a8acbb2c514644c,1,credit_card,2,119.79
21e37650ff5769ef4eaa10725322d871,1,boleto,1,273.98
65a94ea3c1392f150ad232c92d64c3f8,1,credit_card,2,63.70
0c1457493ca1492c4a4417fc278605b0,2,voucher,1,50.00
85bb28ec7b858a8b703d82a51b3f5e1f,1,boleto,1,36.05
1c37b01cbd381665433fb99fc7705e81,1,credit_card,1,85.15
e3f4b4c899325f23b973d9aee02d2071,1,credit_card,1,50.45
4a42846a6eed9d15714fe30181399f2a,1,credit_card,1,34.37
69949f70025210748c64e8271bc63520,1,voucher,1,184.93
e8aa7100127932a65507b2cb5ffdd901,1,credit_card,6,157.97
5b18e0708f150becd4334b9e3d79fbd4,1,boleto,1,143.15
42b0a4705f0e4429580990e6e0657529,1,credit_card,8,123.25
9b9a93b680e8808b6da57cbfb3836a62,1,credit_card,6,121.68
5745e260f636fdd0cef91f81a164631d,1,credit_card,10,156.39
98e5161ba292a2032d586ecc01ac0c87,1,credit_card,3,171.79
1207b88243115c9eafb9931bc2d0b59d,1,credit_card,2,133.05
dcb0beba69129b3cb15757a33bc9dce9,1,debit_card,1,77.42
916be5eed428af45e462f039ef65ca24,1,credit_card,2,281.73
5308fdab519f7478ef64894128fbbee4,1,credit_card,1,36.07
11c177c8e97725db2631073c19f07b62,1,credit_card,4,441.16
a61574f3d74d4d3cec6528240b2017ae,1,credit_card,1,99.14
27667a063cb59b5d987a5a71c192cce5,1,voucher,1,118.35
7e54f2e2af1f04c407423998a9812c73,1,credit_card,1,92.80
752fa58357e17806a310c0739bf909fb,1,credit_card,2,142.25
d9f8510c453819ec4a9eb91851ea5fc4,1,boleto,1,186.27
f62c176f45acd8992e70d81c62d08971,1,debit_card,1,23.88
9781bfa503ca3104435070afafacd54e,1,boleto,1,497.59
6e53f3d94a384e3e000da1b6d43641ab,1,credit_card,5,51.57
aa466a92af916f9f68e56fce7d3a21b1,1,credit_card,1,159.07
a43482a55cc8d11f47b25992831a794f,1,credit_card,2,154.38
4d6dca1dbb561c5c5af9a4c8fbc38375,1,credit_card,3,245.36
e3814831894acaf0ee4561b4a610b580,1,boleto,1,385.52
3afe0a2538a748619bef413a2699533c,1,credit_card,4,318.17
d35551f33906e01d035a5f40e1bd1732,1,credit_card,1,576.20
417b5687161450887ef2e6b283c15c32,1,credit_card,1,93.66
d4a1728b95d69bdf0bb9dae4bce1d666,1,boleto,1,71.81
161328407c259af79c57891e951b3406,1,boleto,1,33.10
d7c320185a2f9b32f5e2370ff3f8bd64,2,voucher,1,3.90
cf4e2fbc22f6efdf6c5988003626bf48,1,boleto,1,44.24
3e38a700307fe33c87f3ad4a3e0ebd02,1,boleto,1,398.88
f732c55a86efa8dc400f0f4fae25a411,1,credit_card,2,47.61
c89d81740da0f2eca4cdbac9c558ed6a,1,credit_card,10,116.85
603d99954d45262efae58a9827c7f02a,1,boleto,1,35.09
4dd9de2bf8da8d482efe46264442f71d,1,credit_card,5,51.88
2ce188fdc7fb58e72c2adeedc6419827,1,credit_card,6,190.83
11353d8c2550bd22ef8c18735c303f5f,1,credit_card,4,101.64
d3a553b0f57271e7cb7fe426288bcca3,1,credit_card,4,212.18
059d893dde97f787f2f608d5a5d13e0b,1,boleto,1,61.94
7c67a9f94c58c5b1c1a40953151fbccd,1,credit_card,1,35.24
5bec9dad5626dc4e86bf625a3a6d0523,1,credit_card,6,63.06
67124ddb9431dc57aca8f687a178167d,1,credit_card,2,102.64
23233c7048bb0dcf2c4f0554a258fd82,1,credit_card,10,123.68
d9d8b7f0a98d33f05df5fce9f376aad8,1,boleto,1,64.63
03da04c1427d7b8bff38d76efca1029d,1,boleto,1,216.74
5dd868edea4ee3363563534cd18187f1,1,credit_card,1,46.26
994c71d451ee0dd361119399d7ade19a,1,credit_card,2,52.83
906f4bc65b707953aee3d6462aa07e8d,1,credit_card,2,129.79
80271f9179f6d8df256f964fc2cc1c6a,1,credit_card,1,8.16
6e0b92bf7f849a26ecbd65716cf5d610,2,voucher,1,98.87
d7902cb5d7fd1f143aff7375644c6d7a,1,credit_card,2,65.05
119132da8a360ce8e81841456844b962,1,debit_card,1,64.00
5cc9158bdd66e341bc4085933657d306,1,credit_card,1,34.70
80d9c03bcaef317e3d2ad8d6fe48538d,1,credit_card,3,151.83
497bb8ade48b55b142982e508307a14d,1,credit_card,2,103.20
fbca4283c50aa9846b2fb711093da41f,1,credit_card,1,43.62
a56e517e3e85ada615daf2270c2a9c48,1,credit_card,6,166.41
93d16f5ff7e2ae4320139a6faf1a2716,1,credit_card,1,35.77
2934b40bb9305d3b5d74747be3181435,1,credit_card,10,194.48
7be91eab3dac2edd89fc7f519e1649f5,1,credit_card,1,133.62
0a1a904fb2f51218c9c7ce314190de36,1,credit_card,2,115.90
a44769d4b105fc1256ab873c55d43af6,1,boleto,1,91.92
790e0b2139af1d5c7719c82db89f56d1,1,credit_card,1,36.61
e147ca8da0685dd93cd1c619d1b776ac,1,credit_card,3,72.78
3ac0423d1e7e335f83c8fa3600ae47d7,1,credit_card,10,189.21
92515c13ea7bcf398a6d73f2558f08fb,1,credit_card,7,346.59
c8a767e16f523557f80cceef9f5ac88f,1,credit_card,5,245.51
6d9f6e79f1664d6ff8e74dd03f8a5b43,2,voucher,1,216.99
a625881421471d07433770992a93acab,1,credit_card,3,104.43
b817f6c3399d06c7629a445527b463dd,1,credit_card,3,36.10
6ad57aecbae806a7e9cc2cdb6b380711,1,credit_card,2,161.47
26748c2a309fe92bbe436c13ff82ff36,1,credit_card,6,133.75
64b281751527cf3da5d9eb68c785cedf,1,credit_card,1,125.22
a8a2941e92152e0edc39bb862cd6b6e2,1,boleto,1,50.86
aceb0ac9c2d49926c0eadc1510a3ff53,1,credit_card,2,164.84
4d9190887b47ff1b89c657c788c038f6,1,credit_card,1,2.67
11f97a9967bb081adb9883460c71e845,3,voucher,1,33.56
8bf6956999b0861c3191773f28806f40,1,boleto,1,99.90
4d8facc97be05fe7125870fb933e0362,1,credit_card,2,133.34
572c4bbf0f5f85a9b4a2c4fe0c7f04d5,1,voucher,1,69.46
e1b2b399fc8d82464976a550af8ee646,1,credit_card,1,133.28
b9cc0087ac70da1f27b5c2b6d4f78600,1,credit_card,1,50.00
cfcb1cc2e9f4ebf0caea1584195f9046,1,credit_card,10,368.92
df16628521a91b8dc473aa698aac7285,1,credit_card,8,406.67
a8f181d60a5b59513087247b0c3cb348,1,credit_card,3,69.45
264e91053cd726b067922356be6fd618,1,credit_card,2,1327.54
5373c26702420c0f842871e489365e20,2,credit_card,1,12.59
a41753c6a1d8accb89732e36243432d7,1,credit_card,3,45.69
211ca17a71bd09c0686507992a585d32,1,credit_card,4,119.48
da7b8d3f7de2b64a8d4f6d59b36159a7,1,credit_card,3,88.72
3957b45bce42070cac232014ad4d001b,2,voucher,1,250.00
05ddf4cc62efcc6f34b8c693eaa2db01,1,credit_card,4,88.58
04497a3993ecf2e604b91ca0a8a80ecd,1,credit_card,1,81.60
d3b17114bb5d12fd946e0bb2680ec2b0,1,credit_card,1,41.53
0bfa8870838091fe8171ed69f6b89fee,1,credit_card,1,64.86
cdba3ddb2a93c5bb758212a2114cab97,1,credit_card,1,35.01
494648e782c762fe2547626ebb7dfaff,1,credit_card,1,47.44
35e29aad915d0ccfeeb308572ff8fe79,1,boleto,1,21.01
3818ab6e31e399088ce955019f85f7d9,1,credit_card,10,639.52
cb6195812502c1fc75d2a379596543a8,1,credit_card,2,142.44
640521517a7ba45ac5894e92e00397e2,1,credit_card,6,323.92
6a0c96e8fd6d1c42bbfa1f5d49f3d3cb,3,voucher,1,64.25
b5a892962efd7d07db86cf0eee45fdff,1,boleto,1,64.44
9b434ff82e1cc10e25641256b7ec7b15,1,credit_card,8,91.18
2b8e4a06dca9d5c4071575613d7a5037,1,boleto,1,44.34
935e2b59d8831e7e158e0a2bbf8f91c3,1,credit_card,3,37.09
c7a01909a06bdf140604711177208036,1,debit_card,1,146.13
2c0e90a2bdcffa59af23fe752aa40541,1,boleto,1,218.27
4be15c7abcf23a32b92fdd6fe0859ed0,1,voucher,1,41.11
eb208b2789d0b383599396c007996073,1,credit_card,1,21.16
e3153a88be7511737359301517f63274,1,credit_card,1,95.34
bb54e9bf4bdb6c6391a7c6b517748b9f,1,credit_card,2,124.92
a77cf1f9b2d22060320fa51a5906d02a,1,credit_card,1,52.76
dbb182f0099f1b6b9172a1f1fe4a62b3,1,boleto,1,56.28
b497a58303bca7160ad663bd22cea268,1,debit_card,1,416.36
6db17d1984cf4ba781756524332520da,1,credit_card,2,144.76
370e2e6c1a9fd451eb7f0852daa3b006,7,voucher,1,6.82
3ff5709e1eed2f4bf1cfdccaf65c6337,1,boleto,1,202.50
ee491eb103d02acce80f7c5950def51d,1,credit_card,1,14.00
eca3005a4f60ceb77b67a30b74095ddf,2,credit_card,1,3.99
9ff3befac1804f201a935c589a8a1baf,1,credit_card,3,104.37
1767c122a3ee029a66f97b74a2538d2e,1,credit_card,1,119.84
2844e37cb0577ea913df6ea748885344,1,credit_card,2,84.24
80d49171762a51f500bf6b774aa24617,1,credit_card,1,2787.87
ea2c93fbb3cf79edecd5f993fe362464,1,credit_card,3,457.64
4c7ee4e8074ee13226ddac13d14b0989,1,credit_card,5,89.56
253c8653b64a17c18b729399e14c42cb,1,credit_card,3,595.30
41d5636cfaa3b8436beab84388cf73d0,1,credit_card,1,171.69
a33539f882610ee1dc18289cc3087217,1,credit_card,3,32.96
ba3d713d46b9dadf35bf0ab911b06408,1,credit_card,1,85.60
9459fe4630e1165c113f9fdb4ad5b261,1,credit_card,3,44.66
b87bff2c2c7ce847dc3c9459a117c3b5,1,boleto,1,164.55
c504b1d68ad8d98a627dadca7ca53673,1,boleto,1,38.42
f13f5fdf45611c82c2e37a20c065ddd1,1,credit_card,1,115.78
ec4406235854ee5e0fea135054afa0e6,1,credit_card,8,198.49
63c10abe3e4a1cfbeda3cdde88766893,1,credit_card,4,512.46
edf5259d2b67344bab205bdd705eb9f8,1,credit_card,4,113.16
94a01dd9a6fd7d30b879bd61b85a1c00,1,credit_card,9,94.30
901b43947af8cf93ba28921adc6bbb8b,1,credit_card,1,87.64
6a78b3062a561085f98b76a5a0eea516,1,credit_card,4,92.62
1764b7f40d0e7f04994494ffabf34ecc,1,credit_card,2,52.10
229e63c6692ae32cdc9c4ba2851efba6,1,credit_card,4,47.23
6b79c53cc0f1caf6aa3b3c6729cbaa15,1,credit_card,3,62.50
917b7a118e4b00772ecde85cad8b27d6,1,credit_card,1,5.36
743419ee64432e471c306434e29245b6,1,boleto,1,116.32
069d921a767dfeb76fb4a7f39bc4217c,1,credit_card,1,158.21
22561cc73693742c65f9e31bd0e8df08,1,credit_card,10,404.95
42e8aa987fc0b5e8e6ab1eced3eadd1d,1,credit_card,1,196.01
621e3ac1e934f773b4db54dbaa49edab,1,boleto,1,95.84
1de86d094f7dd41cca13d246d3b7fd07,1,credit_card,6,61.97
9ca5909eae951dbac41c3cf4b9c0337b,1,credit_card,1,134.71
2cfc79d9582e9135c0a9b61fa60e6b21,1,voucher,1,79.56
b97ba48cd74f9ae244f54338636046b3,1,credit_card,1,78.20
8908c3c6b8591a4d779bc5a4abf4f951,1,voucher,1,44.55
cf40f4e7a565c0a50f13f0d95f3f3cc0,1,boleto,1,45.89
a86ad6bfca543eb89c02ccd35b2d4099,1,boleto,1,93.82
e715706f59e1a868d0a2e36af571a899,1,voucher,1,191.09
f264e75375a41310e31722cb8c28cb8d,1,boleto,1,306.78
dcfb709b0757c7e96301c882821adb2c,1,credit_card,1,44.85
04f1827088d972a62224f5203a071500,1,credit_card,10,178.06
3f6484ca65eed5c701aa5e348623537f,1,boleto,1,157.78
558a2813efccba296a15fdc10cd85acf,1,credit_card,3,83.34
8dcb7601ceb0b144a5fdd0055b91ba28,1,credit_card,4,97.71
7ac78cb9b8592cea74cb5b1c3df6f84c,1,boleto,1,205.00
693868f7e2e4ec2b5d0f1f35daee6917,1,credit_card,6,65.00
6ed3f553337457d7804e8c39b580ce89,1,credit_card,10,113.62
a476fb0537849039cb122034488f8ee4,1,voucher,1,41.00
7fa917593c3ed7bd80f35dcb6e1aefbb,1,credit_card,1,44.38
f1a873fc10e7bd542bcc4198baade2b9,1,credit_card,1,67.57
e84303628aff310abc4a515e1883e4f0,1,credit_card,3,117.57
9c14756d0113f66be55ca07456df3393,3,voucher,1,1.39
f1c5e5967b0cd0144bd3b56958f7da43,1,boleto,1,90.76
aa7b6f133145a6afcfa5f103efd4d9df,1,credit_card,8,168.35
b48ac51be3a49fb7eeaec899f9841944,1,credit_card,1,131.64
a05d9f0572c423875de7dd4d2c24e34a,1,credit_card,5,63.07
0b843b79b45dddbd796c0a7e51b2c6ca,1,boleto,1,481.07
2222dbaded2c9c8406d1cbdeae118948,1,credit_card,1,37.96
20c01dd7a0783578fb672819519685ca,1,boleto,1,248.36
18de001c224789d86e9b702f0c0dde74,1,credit_card,1,61.40
02b939dcd55f2b17680e10690deb08b5,1,credit_card,4,176.16
82df1040816137c724988769a4370203,1,credit_card,1,131.44
bd7a44c3216be67318d6776fa920703d,1,credit_card,2,61.37
071d86b8fc66cad2d0bb93775be89392,1,credit_card,5,103.15
d91a712b4ecf0cba1183e01e2808599c,1,credit_card,3,154.51
53177d318c723e378c2a2aa1e9b2ea8e,4,voucher,1,20.00
ef3786e4b943b9f011be07df94558161,1,credit_card,2,103.93
d263c6d795845c0224adf410912ba638,1,credit_card,1,92.57
033e33708df28579692a3d19492c6553,1,credit_card,1,145.57
b3b6a35d33a79057c835f4d65c03a2ea,1,credit_card,3,86.15
ee0422de5db17178938d7e613abe918e,1,credit_card,2,119.97
553901a853048dcd33ec8de19f90c5d0,1,credit_card,3,73.25
25716e02bca6edec6a1b90fa879d79e7,1,credit_card,8,167.60
9c77f370544954701cf2847a3732cb84,1,credit_card,1,35.69
741ec8db84b412611b43fbe607c884c0,1,credit_card,4,109.50
8e49d9a115677d2cc6074f46333029ec,1,credit_card,6,70.18
3235a845429a20753974e4bd70773c6f,1,credit_card,10,104.19
40a62332da0cae00581de556c36c00ac,1,boleto,1,165.30
ad133696906f6a78826daa0911b7daec,1,credit_card,8,219.40
4be09db4d90c87cf6a402ab9bc6f48da,1,credit_card,8,94.59
aa99487411b30032936831e56c42da2f,1,credit_card,10,991.09
f2314bb87d6f10a76f4a5d73c19487e3,1,credit_card,2,284.66
b4876d0dae2cb7cd0b814c6ec0ddb757,1,credit_card,6,146.48
97d6c1727b0d36b8d04035e35d86f40f,1,credit_card,1,132.64
91d0935ba0d6f6300d7f5af5f2eb05ce,1,credit_card,3,35.00
7525e8f8b1a51d44f9912ce81146ac7d,1,credit_card,10,221.58
0464277e582666bde336336fd5fb9ff8,1,credit_card,10,158.98
a3a97bc6e236d5351537c8f466c34dad,3,voucher,1,6.67
acd028b8d85a8ac15f7621e610da31e5,1,credit_card,2,99.82
36ee5e5872c5ae9c20647fcc29511b56,1,credit_card,1,86.31
5c83723b6467f6729e47c640005cd148,1,credit_card,5,51.33
c459d8ba2ab3f1d559fefa7ef0977cb9,1,credit_card,1,111.93
2a1ceca1522e8bf484583ef111e921c4,1,credit_card,1,58.98
ccf0360c8b7c2fbfd429c07b9d55b316,1,credit_card,3,88.56
0e5f77f8bef9424afd3d6e904e873275,1,credit_card,2,123.27
9e677b4bbd5d55506d4d8f1e5182dcb9,1,credit_card,3,33.16
50f943da6e59c10475c030a61ff8a31c,1,credit_card,1,82.66
29195b2e04b68eb25fc8a0fa5d2d81c4,1,boleto,1,236.09
b32f34114b935df368070009548b3806,1,credit_card,1,43.00
5e1a8017512badbdf543b509991dba6d,1,credit_card,4,235.28
fffe41c64501cc87c801fd61db3f6244,1,credit_card,1,55.79
d3f7c0e804b501782903f7af749eb797,1,credit_card,10,784.80
0efd6177ac7aab7f85f78796d324b321,1,credit_card,7,73.43
c5bed3a385f406c503841fed148952b9,1,boleto,1,174.64
0d9df4f2f2ff31254428de406416328c,1,credit_card,1,29.91
aa168056de685bc1be4c86543a14a845,1,credit_card,1,54.10
85feadc22f532c19478ba1b613a1f40a,1,credit_card,2,173.62
2f5c9e01ce9f58ed0a7ce97bcb667a33,1,credit_card,2,99.43
bb953a084ab406da9e19dfdc06df0245,1,credit_card,1,65.34
3cab5c70f370e7fa810658c551f8e2ce,1,credit_card,6,153.80
5b97959bc8102d72edcb01bdb5a0e9df,1,credit_card,2,26.59
0a58de38cd66544f6bbe4f5ab326e5f6,1,credit_card,5,123.29
5daa05e23e3d4dc6b95c1fa49dbfab7f,1,debit_card,1,22.38
28a1ff56441c9df5d5bfaead83cd76fd,1,credit_card,8,326.38
d44fc0af1ec0ebbab612f2936147f717,1,credit_card,9,196.92
e0ba11a8f559fa965f2e848bf086d197,1,boleto,1,65.01
3ec09614b4f70768683f64a1aea0a3a8,1,credit_card,2,21.84
966aa877aacb92e9ba70a4c8243945ea,1,credit_card,1,248.74
cf223cd5f53b6a5986f1ef788d3e9e83,1,credit_card,5,141.11
a6aa2d9d0561ad1c39f33d69e3f1277e,1,credit_card,10,1013.25
7182e129d91eb324a925d8f1f8221d88,1,credit_card,8,214.14
1a69d5fdff0003d4571dffa1a9a10967,1,credit_card,2,94.70
2cfd5a10761ea2f9ebe13e7204c54c37,1,debit_card,1,46.01
66c2a643ac74cde86624a0c15a95327a,1,credit_card,4,224.39
9095f0efd46352f74ec4937fedfeb0be,2,voucher,1,100.00
b4f0e735d23a1ec6a012fb7769cb909f,1,credit_card,2,196.66
8db7209b4e4d6b658babdeb4952b8328,1,credit_card,3,69.83
d92888ccf9b2ae4399868e099fadf925,1,boleto,1,41.09
63576020815760d4b5d11cef32595ada,1,credit_card,3,425.60
f66b2f5f778a4ba2ab4b97679dd30f64,1,credit_card,2,118.43
8dc7f5f2024708be4f36e4b1811cdd97,1,credit_card,1,102.26
cff314344e536186940328c1c6ceec96,1,credit_card,1,48.11
98fe01bc254b759c1f2c11d77c2891d5,1,voucher,1,150.00
8428e578bb1cf839ae26a6b7615502b9,1,credit_card,1,40.40
a2774eabce91067c32cfb2813ac902ad,1,credit_card,1,430.28
c85ea30e9a24abecb353caa26294c81c,1,credit_card,7,72.98
17f1909bbd1c04e12d122bfb43ea383d,1,credit_card,1,126.23
906dfb858a6afcaea1fb5cc0ed730147,1,boleto,1,143.10
249e44947c66e3b0e46b3ba2f38d846d,1,credit_card,2,138.74
2107e0af867c766772a8f4501ccd1671,1,credit_card,10,291.72
caad8650d057e45848943e18ad94ad73,1,credit_card,1,131.62
23bb9807759656cf1a127051f168d6bd,1,credit_card,4,161.54
8b0d556af68672c609357030e4672671,1,credit_card,1,27.23
a0ce637ae9c3e3dedcf9dea3715b7331,1,credit_card,5,143.04
a88a37e74e1ba099e646450f9f0d1762,1,credit_card,6,175.03
fe642627ef34edffd9e897365f2d0449,1,credit_card,2,63.74
a2612baf139a2d944224cb87c81d83b1,1,credit_card,4,214.69
0c3d62f1aa70d604db3bc56082aee4ca,1,credit_card,10,531.92
fefc60b6174117cb96cd5eeaec4188b5,1,credit_card,1,202.15
50aee6309ac7a0d4fd5c78ac0d4e5404,1,boleto,1,277.48
4ea741e30080ceba74e43520b2a0a55a,1,credit_card,1,35.13
62b7c4dfc1bfb412daf2852c00c4a672,1,boleto,1,28.07
8e084e8efad16f27d7f26e71af985ce2,1,credit_card,8,181.40
29e88d870b2322863f45602dc1a8bd89,1,credit_card,8,162.51
f5ab5341b520987fc899c69ec795dc1d,1,credit_card,1,118.29
76437a7cb17e400752d72fe54dd85c77,1,credit_card,1,247.52
bc444369eaecdac2463e2551eff32463,1,credit_card,6,63.33
dfe7353903177f63322383393e2111bc,1,credit_card,7,220.25
457afd8c764234eb93f7a25268578440,1,boleto,1,228.82
b18478bbf9b2283e3d12452f69fd9ce2,2,credit_card,1,79.92
e20a38519798b9e60a722ea899d1159a,1,credit_card,1,112.20
390cb12cd3157360539ab0739c1b8fa9,1,credit_card,1,97.66
0cc893e70885ba7fc151e85141326ef5,1,boleto,1,158.73
5db54d41d5ebd6d76cb69223355601f5,1,credit_card,2,136.26
e97dd3d6f4710b02abf24319dd9478cd,1,credit_card,1,141.73
2fe235100bc886d03c83fa6c07c7b84e,1,boleto,1,67.53
d00e79f339bb76a1b6dbcc8cb41934e7,1,credit_card,10,113.44
d11f4ebdaac0950df9e15dd286ddbe81,1,boleto,1,35.00
aef85868b291058edac07999dfc93307,1,credit_card,1,99.20
0c7a17af18a4180dbfee261ce22edb69,1,credit_card,5,205.45
363fe8f62de97e4334f5c88e3d9e73a8,1,credit_card,1,89.91
c6a965cc9489a0d9ede11c4534e916f0,1,credit_card,6,202.76
52267d8c7f4a0227294efd0ef23fcefb,1,credit_card,1,37.68
7192fdda583a1beb9274f8693cee679d,1,credit_card,6,162.55
9747f2b4defc1357fd6645a4acf8e0e2,1,credit_card,1,38.33
bf7937a823a3232d50fe7a0520ae8c0c,1,credit_card,3,138.24
be7a773222d5a7d8b12e75ed2320037a,1,credit_card,1,53.10
59d02be1c50fb6e6930cafd6ff6a31e5,7,voucher,1,20.00
d55153efda4898b9459824bbf0a0cceb,1,credit_card,1,102.66
6d9e993faed56b20fe3f762fd8bbf24f,1,credit_card,2,64.04
877e88c213b1ca25f07ece4878bb8acc,1,credit_card,7,97.03
c8395c703a6133dc947b6b371b2551aa,1,credit_card,3,150.14
873d039c319333bd488dbf6b66d602c9,1,credit_card,1,98.25
a1bb68068326efb8e9c0bfa0e0a02466,1,credit_card,5,50.95
4b007a72f108b589a20227ab419705c9,1,boleto,1,36.38
afdb52c08c5d497fe471069341921788,1,boleto,1,47.79
c6dc29188afdf102454edab964438d2d,2,voucher,1,44.11
b13ea9f410b092728700af281c0b3663,1,credit_card,6,77.69
8a37cae0305cc1e69d6f5d0629719e9a,1,credit_card,2,73.27
d54c217781126defeb4a78dc16f5ad39,1,boleto,1,35.41
53cbc02ffe278ca84b6f4920d9d3ecd5,1,boleto,1,2276.10
7edf26c8a1e67ce26c2d1457302bd03e,1,credit_card,3,72.02
88fee4747e42f5d4b4bdbf2a730d6e2a,1,credit_card,10,182.29
2c1440ef98f5dc82a9936f1e55acecd9,1,credit_card,1,118.09
3c7a85bec79aa0e49a8c03c3fbece2de,1,credit_card,1,105.90
33339858fe1a83360ede2fdfac766e3b,1,credit_card,10,141.20
e062a8654d4b657cdf2b673c0b2bac8d,1,credit_card,8,921.05
b1055ce3474985fb91548bf69ace69a0,1,credit_card,5,71.14
34fa8bc180c03d1b4c70250bca0adace,1,credit_card,1,103.55
e43062fd260607596c8e02e5c12081e5,1,boleto,1,193.17
ed415dd934c5bb15a4a2fd223bb0a43e,1,credit_card,4,91.16
9f363e28be707432b8173ded00f855f2,1,credit_card,1,54.09
062afb045916ff90100893d5df84c186,1,credit_card,2,142.92
6049ab061f1a014ee71d10cf04e045ef,1,credit_card,2,53.60
b170f1243a620b65504157b83f69a2e0,1,credit_card,3,80.15
58300b00ad189113ddb608765a954301,1,credit_card,2,135.00
518fcf931a950e2fdd0c4de17b5ed862,1,credit_card,8,175.63
771c67ea357fe4e07933ca5c28e03bed,1,boleto,1,162.70
5e21c6f2e0e0007bd16ba2839c9628b2,1,credit_card,3,192.39
b4059555399120834bc8cf54a84bc6c8,1,credit_card,1,26.77
e54493dea108e0cb48f3571e1249d418,1,credit_card,1,111.98
c279543d72807dc9b91e39e5d87b5493,1,credit_card,5,103.11
5795afd080b42134859d9b925c7919ea,1,boleto,1,71.14
3924f091293036f904fe4c2ef928defa,1,credit_card,1,180.46
6a4b27f33e33875ed99945d3e271698e,1,credit_card,7,372.27
c0f7519024e35aecc37f31b7578711ba,1,credit_card,5,102.31
6e58a0efc826a4a4fd29592260be773d,1,credit_card,1,85.62
68ebdf4ab83f4db8218e13350dca6bcd,1,credit_card,8,228.24
010e7dda85fff564e8b7076ae3928efb,1,credit_card,10,133.34
c075bbb88b67014143bb3d046f0b8610,1,credit_card,8,171.44
435e8115e759a6c6da83193f08e4ea24,1,credit_card,1,47.75
6a978028a892efba783a6f3be848c512,1,credit_card,1,154.72
e47a63ad65b54953702eae37cb14632b,3,voucher,1,20.00
10224c72b9364fe2d0608e92ae535f88,1,credit_card,1,78.20
0f3f49e2316b72f49e23fea6ffaa2371,1,debit_card,1,24.28
f1a0e55a47be518c4c52510abb60bf22,1,boleto,1,46.92
6cfe2a252e18997b4a5b5a0a612e7a0d,1,credit_card,1,33.12
5e823b29f4c615d58cdbfec5bdb2ee73,1,boleto,1,182.91
07144524b0b12343da7f0e7227dcb28d,1,boleto,1,100.34
049446a8732fca98a50e6767bb58bd49,1,boleto,1,66.01
cd0589dd69b11dbb8ca5adbe3fb753e6,1,credit_card,3,132.00
dcaa8a5fd8f675e791daccbbbc9caf11,1,credit_card,1,4.15
a27e7bc82ceed97d792b678d7ca3e888,1,credit_card,1,58.59
35546dd6349a2065ed8ac6ffbd2b7aba,1,boleto,1,352.95
72b02234375680d174bc9fecfb0fd9fe,2,voucher,1,29.87
15360da03a0a021fc0e712a2d11f3020,1,credit_card,5,54.09
d07eb552f514f38f0107ee31243f8104,1,boleto,1,76.31
d7455c47afd27f9cc57ca0cc96b9cdd1,1,credit_card,7,436.25
13e46245791ac3c971ba82ef45a1a280,1,credit_card,3,58.37
2c757e77a76180de84c39b8afdcdcb72,1,credit_card,1,72.97
d8457bd7376bc47702228915e4c4f187,1,credit_card,5,54.62
c4b2b908aab6585b6a3147ac72952242,1,boleto,1,85.81
c8258090bca7cc6a62c1e15d7fd995d4,1,credit_card,2,150.99
5b8c38123823347dea1d23abd2635c21,1,credit_card,6,347.83
fa3cc6b1b48c7b730f6c4c43e423c5aa,1,credit_card,5,674.92
e0e8bc6045cfe08b087197d81196e339,1,boleto,1,164.53
53e92c6a182704806c0b00b02f89ad32,1,credit_card,10,193.80
10a2c5cabdf1f2dadfa09ab7491f1f04,1,credit_card,2,22.39
2e1f1b86124165634a36f9954e368b49,1,boleto,1,147.52
a4d1612b7bfa43ca6f14b27bfda0d1cd,1,credit_card,1,31.60
7a189472050d185af07c5550a7dfc5ad,1,credit_card,5,620.68
e16532416e7fa0b226f67cb0a05696c2,1,credit_card,10,1082.51
92af9bafd80bcd2636471ac01bc77f60,1,credit_card,8,204.11
f002422b59aa21ebc2c12136d1ab4019,1,boleto,1,82.12
ea9f37dbd83c492fc3b37d6b9e6441ad,1,credit_card,12,123.69
b2a33016c177ab9b6f09ca324bb26ec6,1,credit_card,6,287.96
0b958a89cde3a26acc1aaa43b64b999f,1,credit_card,1,32.09
714b93bc4ed81c32fbf579f30619f3eb,2,voucher,1,173.38
a29c6282a6e4ec30881051cfaa99029c,1,credit_card,8,375.22
ccf15697e8a9c460dd3bab4f04270c9b,1,credit_card,4,241.61
173cd9df6006351e8e5151ea0f400bd3,1,credit_card,2,257.29
8337da5abde9a018a9ab51bf20aee333,1,credit_card,4,197.69
be178aef757640fe4721501249ae18d8,1,credit_card,1,38.86
33053ee45764f34778295ba8a0a4131d,1,credit_card,3,195.00
91c6465db4928c8a908d1056f5763c8e,1,credit_card,2,227.44
caad52d4e709edbd81fa417ccc0179c0,1,credit_card,3,113.05
6e9e60623cf73b485aee48dc4b45c98d,1,credit_card,3,137.02
41537821ce113ccef16d0e4b303f1230,1,boleto,1,89.27
9183e2fd9515c57925a0251ccfc21c63,1,boleto,1,85.40
b99a2fee4c6c76f8f22757566c90d534,1,voucher,1,44.60
36bd9a684be63b7aed450f82d31727f0,1,credit_card,6,133.93
0bd8de09c6bb3ea2457b00aef3b682d1,1,credit_card,7,77.89
c27a26005da9b758c804674cc9aa2da1,3,voucher,1,100.00
2921ebd304831878ac888644314d424d,1,boleto,1,113.08
7cc699da1cc98ea6349ae005feae3906,1,credit_card,10,554.40
fc50f8edb8f9c1c84ad90e2af6e09ead,1,credit_card,4,56.22
ff768f0d1c8049b457b59a74104cd1c5,1,credit_card,1,56.75
2c6e3395e4f4716fc4d23742912ff80d,1,credit_card,8,504.35
90a854ca6f1238059e7d45e6805c8c32,1,credit_card,10,152.72
d98078af880d3b6f9254693dade63983,1,credit_card,8,289.89
2df92600294b6acc114b86b79dfff0f3,1,boleto,1,44.23
d01c5b46e00bd214519fe9f64bbb2649,1,boleto,1,93.72
41b03a6bad9f1feda28efccd5e428117,1,credit_card,1,220.66
821a1e7c9755a640a28554e2d777df92,1,credit_card,4,151.96
13359bb817972f7492a922fa64a69cad,1,credit_card,1,279.30
5b04efc47b042c9734bf6d5a67be3b6d,1,boleto,1,28.08
50517e1413e46c6df586274af938d47e,1,credit_card,2,44.65
605f2add48efc71a276d265b071695ba,1,boleto,1,75.17
505a3bb5ff0c07fe7d0557cab70693ae,1,credit_card,8,193.51
3c6c89e079dd7a3a2b71fe55bb30bc08,1,credit_card,3,63.10
9c7bac99c8e380b1c915cdba1ff29e65,1,credit_card,1,90.92
895b3de213f9fd7efb2f3896bf21babf,1,credit_card,6,343.85
4821d5af4c2ac98b0f70e47c5d845520,1,credit_card,3,69.11
1266f3e39be1dedd482da8b623328821,1,credit_card,1,31.73
54e21f5480d90336080ff89ec1ba503e,1,boleto,1,67.14
e04abd8149ef81b95221e88f6ed9ab6a,1,boleto,1,349.01
cf7dd05504fa5d4ddab58fcb69bb18a6,1,credit_card,2,111.86
620b5f7f730ead80c8dba1202716a29f,6,voucher,1,9.39
6f756900677a981dd764c34ad85c4b4c,1,credit_card,10,141.96
0ad82b0c5d9f039a29814e465165a0da,1,credit_card,6,318.40
b540844595095b4bcfe659fba93d3827,1,credit_card,2,454.95
cde746ccdc9bd5d1ee4772ec20c7bd13,1,credit_card,1,56.60
93dbea6be0ad39924a14fe9360679560,1,credit_card,1,46.53
1422a4b4a2aa8b66fd49ff5557200b42,1,credit_card,10,924.12
518556dca9ef8c42a63ae02ced2a479b,1,credit_card,2,971.10
d181dfce5d8355bc51c2370c6910d4bc,1,credit_card,10,497.62
6f791d3c2f75ec3ec0e97decd281b0f3,1,credit_card,8,570.94
8d9c47d02bd99ae8d7dd151ededa9281,1,credit_card,2,415.97
08d551ca6776789b820288466888bc3a,1,credit_card,3,63.49
d17168fed59b987a3b0f2b7d2be18ca4,1,credit_card,2,80.77
c063af469224d02e7e9bcb0b1e46583c,2,voucher,1,20.00
d189540593578f8076e6cf12e73a8eb8,1,credit_card,12,172.23
4eeb7a26bd818dca75553383c9ef857c,1,credit_card,1,64.09
1d9a9731b9c10fc9cba74e6f74782e8b,6,voucher,1,8.47
186bf8bd19e28345e618ad39706928bd,1,credit_card,2,241.73
da25492a616ea75359094ce9180d2691,1,credit_card,2,188.80
b8752fc264f1692031237bb715061cc4,1,credit_card,2,68.17
598796ca1dffa87337f6d02b8d47bae0,1,credit_card,1,90.88
521eea255d54a537e8889bb61072923d,1,credit_card,2,96.71
bafbef1334adc6aa02affd8fd62ec0ac,1,credit_card,4,66.44
0c45caaab2bcc146bef109bee64d3b98,1,boleto,1,127.92
683bf306149bb869980b68d48a1bd6ab,1,credit_card,1,8.58
ef4c9493836f7e9cfb813f3669166a7b,1,credit_card,1,81.76
2ce193276df0831b86cf55d9c47ce8a8,1,credit_card,5,59.82
55ab3650a53071b34253bdcada9e584b,1,credit_card,1,40.76
324f3c3352916cbfee179bcbae1e8ce5,1,credit_card,10,107.10
f0a3e1364c48c7c7f24a2282883d5c64,1,credit_card,1,27.36
d513f9d572bf6a3a3c4e59252fe4f19c,1,credit_card,2,28.93
6a1dff28da32815c94da401e19d2a7f8,1,credit_card,1,40.96
a8bea4f26eec48abe4e6fb0e6a35f7ea,1,credit_card,1,188.73
277ef68319aa0ee0561831fab6e9e0aa,1,credit_card,2,69.73
7403ac23ba120fd8567475b2f38bedcc,1,boleto,1,40.76
9564498225916371a8670c3b0253ea81,1,boleto,1,177.32
0762fe35b71987563f8771eb6d14938f,1,credit_card,1,87.03
b88187e3e61e2aa58b398415c2d2d4cc,1,debit_card,1,44.18
3311bcf8b85d70179b7a3addec72e5cb,1,credit_card,1,2.27
d26bc24224fef3d3b81a759802c26434,1,credit_card,1,29.75
b777b4bfa1fd6d0c466cf8fd0fe7f541,1,credit_card,4,47.53
06b2c7035561ef12b16045ef4bf459e2,1,credit_card,6,68.02
468c2f34312a6d270a20c7aef082041c,1,credit_card,5,51.00
5ebeafc8671fe60c04a814565386de2d,1,credit_card,1,44.29
3629e2c183d64e30de63e3bb23b00ade,1,credit_card,6,300.09
961a93eba7486b47946616baaf442372,1,credit_card,5,263.02
316495342fc714e50303c6cf4feea79f,1,credit_card,4,48.68
444881cdfe678e977b5e268fb6200760,1,credit_card,5,188.79
520ea64853a832e3e2fe0ff5d6f44667,1,debit_card,1,119.80
198078b833ce5c6249ea278d2bb3e220,1,boleto,1,119.84
b5569f238f8225742a0ca65b827d0456,1,credit_card,1,243.45
4b9fc2bcaef1126cf5e22ba8afecfe1b,1,credit_card,1,75.65
7a80708ef3077d6b8334d40b000926a4,1,voucher,1,29.96
b9ab6047d37ddd3df234b9e3da860b39,1,credit_card,10,248.76
e23c047042de8af99ddee111258c121a,1,credit_card,8,375.41
5f9e4b231676bfe9ead7e5ed49d06dfc,1,credit_card,10,2083.09
0d2f476fd2a5f059f8b4e36bc04d54ac,1,credit_card,1,60.30
f894a976b2f88c235756d17fde814a4c,1,credit_card,5,102.75
053d5ed007096a9cb5adfe0f0f6d30b5,1,credit_card,4,84.60
9e60724a9f4d8f5d169ee0b5bb7a8a46,1,boleto,1,298.32
e807a70014b92cf251b7b8f3768b023f,1,credit_card,6,67.88
62c5d13fc49db297fd55a998c9cde780,1,credit_card,4,82.95
12788f3056c6392e73afcd37df5482ad,1,credit_card,8,89.62
d02add6627c4d73a21227674f39e6f86,1,credit_card,5,151.70
beca5b5e9460824d84352c01cb89b421,1,credit_card,2,239.50
1516bc58e1b5b8020aa6595d2e27e858,1,credit_card,1,506.17
3a517309f5eb2056a5549db3939bf07d,1,credit_card,6,217.16
9416d46f37f3852f96df822e953ff6c5,1,credit_card,1,198.40
efa1a52a1724dde7ef9954873517bf2d,1,credit_card,3,177.86
6533a0d9c1703a1ebf0115fb55e01834,1,credit_card,1,36.30
7a728c0fe2dd475aabd244294168bc39,1,credit_card,2,117.26
12950f3d9bc12065fc5da141faab5780,1,credit_card,1,103.82
0159c6355a4e32f6ac68d838e2228150,1,credit_card,15,242.11
f2f99bdf2e5cc73abc5e135a2ab1767e,1,credit_card,2,46.13
028e8f5a96db8d372890e03d22829e9b,1,credit_card,1,20.75
106035bdd659c0a04d902135f4559663,1,credit_card,1,123.52
12be0a0f242d89cc02773e057c2f7f0a,1,credit_card,6,113.28
e808b609d07ef4f022d702b20db24137,1,boleto,1,129.25
b7afd3ff20d28b3d5ebb3b0f1d4c2ffb,1,credit_card,2,211.51
0ecc87706e05dcabbbfe5aa29767e9d0,1,boleto,1,1087.44
ed4e8b0a842c00f7ff68654911fbea63,1,credit_card,1,34.60
f1375aa56cb0446176623bce0a650bdc,1,credit_card,8,86.09
ad81d0d06a681bb6285a1aa66634f762,1,credit_card,1,38.80
ce2667764bd01eec8aafd6f09282c9cb,1,credit_card,2,91.18
423bacebe695187f7c0f4c416adf5a37,1,credit_card,5,73.38
1be51feefcd481bee3118900e6777057,6,voucher,1,10.05
e8c2e13dbaea9f65abb449dc65d6e883,1,boleto,1,181.57
fdaa819b4c4dba8f7ed72e2d1102971c,1,credit_card,3,47.20
33504b554c6fd21bee085f5a180a7fa3,1,credit_card,2,67.83
0a03b50bb658dc86547261ba8cd5676e,1,credit_card,2,197.72
2d06d0f685d85988dd10f283e5da1270,1,credit_card,1,342.38
3d531c28fb36a432495acd5a1dcf253f,1,credit_card,10,317.80
bddbca2d48a961d74fe81de8febf9a73,1,credit_card,5,180.49
8624c1e28cde5fd7175aa2e87e03d494,1,debit_card,1,81.61
0d5e27935dad336ff3d5962a73b30f2d,1,credit_card,5,56.94
4ef50a2c9652e429d7d7591a0712aad0,1,credit_card,1,135.72
3417639844a3a88b3ee9e86ecbf802b7,1,credit_card,1,120.90
70aae84b2facb982a1867a6793603919,1,credit_card,2,198.13
fd65881e4d025c30be898ab8dd8bb736,1,credit_card,2,55.09
6e50c3286b2f4fef7e6adc496afd5b70,1,credit_card,2,140.40
899f386e0652a9e159d00cbe97836be3,1,boleto,1,37.94
03eae39a27aeab0f8c9ad5b84555a6d1,1,credit_card,1,60.63
56a726fa0f40d3678696e62aaed9690d,2,voucher,1,33.05
9a43b717c408493ff788aeb5d11d0684,1,credit_card,1,33.18
1bda1235720d47a2a737221a9cb666a9,1,credit_card,1,157.32
8a4f049e93b07babc87ccf981d7cdd94,1,credit_card,3,61.01
b0afae22d864d70e1af1d87a017c71d0,1,credit_card,5,174.52
8cdd96554616b2466ae2bd275781ef0f,1,boleto,1,40.48
55f4a795aff551817b34f6ec2907f8bc,1,credit_card,1,164.79
3f24b1ee5184d84b2d4fe634755ab3f9,1,debit_card,1,39.56
550f1d2fa6888807a4ffb1d80d06f899,1,credit_card,1,103.27
a9b030fadde5aba797d5401eb6623d12,1,credit_card,5,55.92
3ca6693c62bcb94cf84a1c9f89191483,1,credit_card,10,204.53
89b0e57c47e090334a13fad8d382246e,1,credit_card,1,29.77
09fd9b0402ed675bbd1ee1e81171ac7c,2,voucher,1,43.98
536a79f3bcb2ac2163cd5c46695fb573,1,credit_card,1,69.09
9c27a49a6afffd10bd25a5990a02c1e1,1,boleto,1,52.38
ebdc1743a498b33e5f50d4270c117175,1,credit_card,4,142.81
cead9dc81ce08f2255afff2701c569d2,1,credit_card,8,186.85
4efbb5172eeaa8a9dd5a9483cfae3637,1,credit_card,10,416.54
e398683c47bda1cf86be8772a50b4579,1,voucher,1,58.71
4f1948db278b553e701c7930ee85cb8a,1,credit_card,2,105.52
21cb15950725534b614707f82846010e,1,debit_card,1,27.60
7385577575de1767a08ee7b11fb6d4af,1,voucher,1,27.36
f81bd34ec4dd1f36d89fe966cf87c4d7,1,credit_card,1,46.33
64d7ed1c4e843c97738d861140943a73,1,credit_card,1,188.50
d56851f342ee399d61852bdcd356a663,1,credit_card,1,187.87
47b04efea2b87358b63ecb45b93ead7e,1,credit_card,1,624.59
2de6a60c0b5386778d202e28d688553c,1,credit_card,1,41.60
3ba5d830ea579cb8687862a83f5b47df,1,boleto,1,141.48
aae94c2aeef4dd87a92315ae2f25f67e,1,credit_card,4,126.64
1233838f2d670d7e4d115557ddcc52bb,1,credit_card,5,178.89
74dd410abd613e48dcee781aeb269181,1,credit_card,2,24.68
b22b324b1e1fbc78c0f7006c3eacc3a4,1,credit_card,2,76.61
b9edb51e964553c82dd1cb214873cc32,1,credit_card,1,248.38
4a28fe31d1808616ef3925084765c8b3,1,boleto,1,60.97
3a46c264be2fad6d10c5a7362d8cc2ff,1,credit_card,3,188.69
de1f7486e03b78ba57d0f814b925ead3,1,credit_card,4,171.29
48805bfedbbbfe75dabe602c05eae895,1,credit_card,1,75.42
e4798e36e5f3fb9c75a695fdb0a2936a,1,boleto,1,31.17
66b59bf4515765f0bcfc3e42cf2ff344,1,credit_card,2,173.86
75b1a5c661cf89c511ec6ec5da5c4c8e,1,boleto,1,58.13
6706f390222e7bc202b12f387ecd6e29,1,boleto,1,60.65
fd700d48d34b0b4f75767e4502c3fce2,1,credit_card,7,79.56
596e35e2fccc09d06be80e504dccab38,1,credit_card,1,27.84
8f89a91120f6ee124abbabe2b1408c2f,1,credit_card,2,102.64
b8f1d12f21b83fdb91d157f357617d90,2,voucher,1,57.70
fab3dc50c9cba98a6261babbf9c16a62,1,boleto,1,58.01
a971cf0a515e6051941bd05ff3efc0d7,1,credit_card,5,102.27
058afe6c6322b4773393a66003934493,1,credit_card,4,245.29
5c25baef0771109ddfe73e4c91f68cd4,1,credit_card,4,103.37
4ccf6ee1044ab9f8ec63953f1f2a708d,1,boleto,1,136.71
79bbf3a1b3d37ef1258c8acc524e1ebb,1,boleto,1,76.29
7536412c065c3c88cab8d15d406b24d8,1,credit_card,2,28.09
bcd050a34214fa492826f945e3425650,1,credit_card,7,367.10
3c58bffb70dcf45f12bdf66a3c215905,10,voucher,1,1.85
5958326b12eca1c2a2b4627dc4676a2c,1,credit_card,10,153.69
90b0ca32bb968251ac0b7eeb5393b7fe,1,boleto,1,146.68
a42e0d143aa73cfc5268d6756f36e7cf,1,boleto,1,24.09
acab0597bcff87a5fa4b143f2d4aff80,1,credit_card,1,17.50
1d671f4aa75c57086215073b775c7f41,1,credit_card,1,57.80
c5ed4a55e251ad5ceeb15a399999516d,1,boleto,1,44.09
8ae25a46b2c36b4792ae3600e0fb2142,1,credit_card,3,78.18
0d560bf6bbc1b2e3637cdc56cf7e9639,1,credit_card,10,111.30
7ebe19943d85e81a7b0eb108681276b7,1,credit_card,8,211.94
2f0406761edfc84594b3ff458e5ddc6a,1,credit_card,4,175.64
37a4f672747cf7ec17050e7c1ebc1508,1,credit_card,2,104.48
5b163ebdd5ac559f04d06af2069e23d3,1,credit_card,4,48.01
be0cfa52def8dbec8774d5caf15b61a8,1,credit_card,5,891.91
ce79ae0eb1e344fbf19835147efc64e4,1,credit_card,6,120.00
2a633b0c6a563a575a8887426a80a53b,1,credit_card,8,80.18
da2259f43effcc1adc7e8e1eaeb720a0,1,credit_card,6,92.71
5f332fa4ad3167e08253c656a2fae4cc,1,credit_card,3,75.99
312182e0c020c06cbe244ddb6d4fe780,1,boleto,1,41.88
d0c657a6c80777d2c1c616e0cf917e32,1,credit_card,1,22.95
3dd45cc3460f14bbe6c2249a8019a450,1,credit_card,1,38.37
385949d678cba16e50726d65f1743d7c,3,voucher,1,28.71
91f8127396bfce32461d286408e16167,1,credit_card,1,123.67
f886ca9715359489ac5ca62177ce61c9,1,credit_card,1,47.44
ab9524b08e09e4acde1a3f40b8228870,1,credit_card,6,100.33
e80158981f299f984453ee1a55275764,1,credit_card,1,28.40
7cf3887824504a66be11bf1bab9fca46,1,credit_card,10,817.15
991bf1c6e96eaac9da55927eda155d99,1,credit_card,2,28.83
c77e3aa4caf8e752789d9b7ce1caf352,1,credit_card,4,109.77
9de73f3e6157169ad6c32b9f313c7dcb,2,credit_card,1,135.44
275d92b213bfe10256116957faea6d60,1,credit_card,4,116.72
54940bd418078f7e912f36eab839928a,1,credit_card,2,138.60
f20142c58be62ba5f9175df74670dcb5,1,boleto,1,79.46
80d96347e69c438801f589825dbf0d66,1,credit_card,4,295.40
d9c7d6586555e3adb3709a7047e36c11,1,credit_card,2,29.08
4ef2dc299b0885933a8773c1aa3656ae,1,boleto,1,88.72
186f651321d21b2a793c4cd866b7b62b,1,credit_card,1,57.80
381d16906fcc904fe66028d7438ebc3c,1,boleto,1,116.94
b090db406a3c2b8c132d12115b575fa8,1,credit_card,1,238.57
414fe5cf5ccc8afed3c265aede6cc37d,1,credit_card,4,65.99
b5b143bb15757cfbb8c5f447e4586940,1,credit_card,1,16.89
753276a5b8f820bbd0000f93b319bc0c,1,boleto,1,65.11
f73c0c32115b0bbfd5769c0cf67fb1c7,1,credit_card,2,56.78
49db7943d60b6805c3a41f5474772a09,1,credit_card,3,125.94
e4e3babab4d0f208cb6963df2458709d,1,credit_card,9,92.57
c6492b842ac190db807c15aff21a7dd6,1,credit_card,3,81.77
106f6c512adbf8efc43791f75692d25c,2,voucher,1,14.38
d849519c380fc7427ba88fc312ade389,1,credit_card,10,383.50
d4483d3fe5bb19cb4dcfe5d9a0bd4604,1,credit_card,1,254.45
57990cc544625b86e3401474cdc330c4,1,credit_card,2,43.10
1355bd6c7fa80ea43bdecab48ff8052c,1,credit_card,1,85.15
7249fd69ae42373a6a357567e41ecc57,1,credit_card,1,110.70
a8017b769d03b3474d5869b0dacf5f7a,1,voucher,1,114.44
0ebe7b603e2e4b83d9adf9f169585f0d,1,credit_card,1,19.35
38bec8cea5e040be0ab60e3415a27572,1,credit_card,8,681.82
f082f28d8497b7ec4f89389dc373c7a6,1,credit_card,2,50.09
7209ce21354cff1e1957b42ea0a76cd1,1,credit_card,8,162.65
2fe2852de76ec325582d6cb9953e86fa,1,credit_card,5,177.52
bcdab55f44bb436dc1b014c0cd004cf8,1,credit_card,5,81.33
7d8db373393c49a61b22e4688965988e,3,voucher,1,20.00
1a9d1688e994626c7556948cfdf0cc5b,1,boleto,1,70.14
c5ddf6be2ae50588b29222f7b1fd84aa,1,credit_card,1,67.44
71e04ce93a0da9e3e05c2f488c26bd91,1,credit_card,1,101.93
a1b9ae5b3934e2757434214f3acba4a4,1,credit_card,1,59.87
7d11acc91c9f1986270f23fbf9c93e4d,1,credit_card,1,88.88
3186e75cf9e4a13149e5729f23cebf06,1,credit_card,5,178.44
3d9c9af0e623563594ffe17db9a5a486,1,credit_card,5,435.44
6616b080a04b814ab8245f7d0d386025,1,credit_card,4,76.74
ef3845484f82e3b6eed4a579e3c1063d,1,boleto,1,143.50
af581263488e6e37a5eecc8323943693,1,boleto,1,1075.23
97bcc96998b24fe6ee7cec4ae04001df,1,credit_card,1,45.09
137e61abfdecd3bfc15f45999fbe8809,1,credit_card,2,40.09
bf98c50762b9fc7e06742bcd424e1e9f,1,credit_card,1,39.10
359015301bc32c8897957246a4b11621,1,boleto,1,42.58
ccc1002577e950545f551f79bd3cf01c,1,credit_card,1,40.86
bb8f873e2d4e898546ba92f7febc7b34,1,boleto,1,815.65
a1b499a72aca650e451a357f1eb45c03,1,credit_card,1,59.56
f46423982b1927442355a79e98c8bb29,1,credit_card,5,61.75
982721650f1a226d3b11b4d852d461d2,1,boleto,1,43.00
70809734fe201ea6db6d4577b84a3022,1,credit_card,1,163.08
55c2859a526d3cbf1df65ee601139c3a,1,boleto,1,35.84
446965992096e4620bf30d170edc3f9e,1,credit_card,8,106.31
4fe3375df4882c70c200e075e3f1fed0,1,boleto,1,97.08
34df7484b616fc09350bd58d5abd1355,1,credit_card,1,67.13
7042e0877cfb1a8fb8e4293126dae9f3,1,credit_card,1,99.57
e3c57d0ebff7edcd11f4f15e59ccc852,1,credit_card,1,25.31
42179e8f527c0f76eec0b2a37a284f4d,1,boleto,1,101.92
faabc69ee9f9b4e81c8a4504fdacdc50,1,credit_card,1,118.20
84a7061cdc4f24ab1aa024c9bd595b6f,1,credit_card,1,67.22
cc2462dfe3164edb93bf14003c301c3a,1,credit_card,6,185.94
33f1e992ba3e439bfd0d432164a3d44a,1,credit_card,3,248.51
ca8909b3f3d130ce4d68392541e91800,1,credit_card,3,217.09
58fc7929e8fb79aa684a3334b80b757a,1,credit_card,2,96.69
8280bddb9636fd420fecbd96c5b0c877,1,boleto,1,77.57
511792104eb626cc6881f7831561265c,1,credit_card,10,419.30
9c6dd0d5cafca153761250014cfbc320,1,credit_card,1,115.35
caa54c0c98a40fedc7ee2dfbae713846,1,credit_card,8,840.82
ab8c4bf0204081a450dae1139f6eacb5,1,credit_card,1,189.62
236f12cdb8ad031ef9dccb5cdae83ce2,1,credit_card,1,37.37
d51bf6ce24909fbeee788f10c841a55b,1,credit_card,3,35.00
cb6788e2b64ab1ddde45555de93c809f,1,credit_card,5,248.85
0d4429188b4311015ad2b6b091cc5f9c,1,credit_card,1,38.17
883ee9317106f1b48b157ecaddc83f64,1,credit_card,1,48.23
c0ed812b599ef187f8d89f8723dda7e8,1,credit_card,10,159.02
cd68632e7dc6d980f29dc6826a936d03,2,voucher,1,199.15
c08a3a0b0a729cc378e7a36ebf5e9a95,1,boleto,1,425.04
64ff09b60c2714ff11ebcf304ed21fb6,1,credit_card,2,138.94
59ee573107dc652d64099e2e834aa730,1,credit_card,2,124.02
878a0241d449fe7ea1bec1cf145b9c9b,1,boleto,1,55.00
54359cee0d9645cef070695ce5539d7c,1,credit_card,1,51.41
5fe9874b96028c851e35c1c28aede4c2,1,credit_card,3,167.77
048cb31a5449d208f197f1fe7b617c3c,1,credit_card,3,84.42
af4f0dc6b4ccb0aab19367dd0d19ffbb,1,boleto,1,168.29
98bffcaf0aacc0569cbe1fbfc94a9639,1,boleto,1,175.77
b8b17051a70af754f5a15916490b578c,1,credit_card,1,690.68
8571f5b695cac36f5124691c0e102b41,1,credit_card,1,69.33
08432abcf785878edf1221a0611960ea,1,boleto,1,47.18
dc10959ac4ed148a4ca7be1f2b7dec38,1,credit_card,1,152.50
cdc80ab03580d7d907ecd33ae7818caa,1,boleto,1,102.03
0e02536713cb943858f5cd5b34f43e4c,1,boleto,1,101.25
a0f2abd22194d771e11728852ff988bd,3,voucher,1,61.22
402094e1d8f8b5f681f962bc2554345a,1,credit_card,4,152.72
2015fdddda0f27eaf4ebdf451d70a41e,1,credit_card,4,79.19
0692bac30867d1bf96c14aadbff1cf17,1,credit_card,1,43.72
1f59870d6111d909e3c3f511d4d6dfe2,1,credit_card,1,35.34
5144dbb4f6ca252c6c13a14f26c3fbe6,1,credit_card,3,95.64
4a63bdb264d95eae86109b24b4880aee,1,boleto,1,61.29
b09b18fbceead5d238576060df8d45cc,1,credit_card,2,90.45
33e9e7bf59600996dd1a153ce751753d,1,credit_card,1,120.05
ee234bfd26ca588915483995d811c1d0,1,credit_card,10,619.86
fcfe1ea18aae8ae4a08253fd4060a763,1,boleto,1,82.97
96329094267555553b0fec10591cc3b0,1,credit_card,2,58.98
edce2b8ca0cd95e95e9fdd2367beb2e3,1,boleto,1,124.09
9888c63722f4013669bbb7fa059d4641,1,credit_card,1,33.85
e3042fda9ca1eec3bfd3ec1d352cee94,1,credit_card,8,127.92
21f27570ef536f54c3f27f4c9e9c9709,1,credit_card,2,211.60
7a43bbe9766ce937332b6f9dcba36715,1,boleto,1,52.38
6a4fd1d9a1dbdf8a12102fafa2abeff6,1,credit_card,1,60.24
9a61dea33159894a2e383b2b3d520158,1,credit_card,1,61.96
dda0996054bec18cafa1ede0d62dd3cb,1,boleto,1,406.95
1488ee1c0dc7439e64d5df80ae9f6089,1,credit_card,3,132.47
8e0aba4e9cd80e71b2cec14e22df868b,1,credit_card,4,137.00
9ea091924b1229de50a0ab7dc63a797c,1,credit_card,1,36.87
bec6c8437e350113789da9c0bc9c2566,1,credit_card,5,179.04
b76a3d04749c4594b548c8bf8c76270d,1,credit_card,1,98.33
6bc4dfe9abc405f51a0ea37ef8804b2f,1,boleto,1,57.51
cf020d5028c46dbd39ec2f9345777cfd,1,credit_card,1,77.53
b71ae2d7677a2cb21e4d19ac1141e7b3,1,credit_card,1,89.36
006df90050498994d670b40da4651d22,1,credit_card,1,21.39
d4360753aff7fa8fe8a6e83c65179c00,1,credit_card,1,72.66
6a8068cb2233e4e303e48efa7628d7ce,1,credit_card,1,78.09
510489aaadbd8f7064bc8f433b222de9,1,credit_card,8,340.72
33afe754f48de3e2e8abaf42f1d6281e,1,credit_card,3,122.01
6f7575421a734bfa430fcbf23f41e1f0,1,boleto,1,81.72
673242a6057d4287cb24379d405cf5ac,1,credit_card,10,115.30
4519eb4d4f31920150447454d2a0b560,1,credit_card,1,70.34
eede6f786783c6fc09da4a544e83e4d8,1,credit_card,4,412.42
fad93ddceb5b210f71589b1e9258a110,1,boleto,1,102.78
d495dd3f39ec305acc17bcb39712f772,1,credit_card,1,71.29
aa5bc7c80064a78e898a7c2defceb690,1,credit_card,2,106.87
36970c35cfe02cb355e55690bae4ac02,1,credit_card,2,179.86
f59af974d2e7a5dcdb1aabdefd024c2b,1,boleto,1,28.17
942456653f776d428a6107bb73f7780c,1,credit_card,3,270.26
2187a89df025d844e72cfc51e29dcd6c,1,boleto,1,31.13
5ab1880595146abb553d7defb52b22eb,1,boleto,1,198.50
15ca98d5b78da3dda3626eb0ef55d3a4,1,credit_card,8,124.92
2372e039a79fcd32009462cf86c2616f,1,credit_card,8,151.70
7e15d67fd47ef2c79326ca5358b1f5d2,1,credit_card,6,134.45
af15ff821c39e3eb5fec800be3d79841,1,credit_card,6,65.79
d5f7fa751e79c6327ae63759c262813a,1,credit_card,5,147.07
1a9eb3bcc740324dc4c07ee364ef837d,1,credit_card,5,51.79
73462226b9dad0fb514e39b1ee832193,1,credit_card,2,228.41
85951c338d992f64e7abac3d611dba6d,1,credit_card,1,70.89
3160f9fa13bf36dda5ba225649526968,1,credit_card,2,172.19
f6efef5d403a2c70636e3903f1ebd151,1,credit_card,1,52.26
bdc11cf6acd11917b9ea3d91b95e1395,1,credit_card,2,65.22
dbc94ce4ff22c2daba89640dacc43949,1,credit_card,1,58.63
6fe56ea74b5cf6242766596550cd2d0c,1,credit_card,6,137.28
0e87c108dff0cd2a475fc00da95a50f0,1,credit_card,4,114.06
27fd0c263b9d38e9cb2c2d07fc0c706e,1,credit_card,1,47.87
09b9b2b8758ca1fd4a9bcd3f2af6fb10,1,credit_card,8,197.63
629a524cbbd0a42a04f87ad39648d4ca,1,credit_card,3,194.78
4689b1816de42507a7d63a4617383c59,3,voucher,1,56.42
70fe4499137ae8b063ffb41f3833c2b4,1,credit_card,3,148.18
8fc11d5503f6e2b6e15242e0365633e4,1,boleto,1,597.20
03ba96e3cd1a918f1e0126c93dd93bb5,1,credit_card,2,57.55
b7224751323afdaf34d3c285bfe72866,1,credit_card,8,219.77
38b80ac02e3ce34b306483fc57a33bc5,1,boleto,1,35.86
e53f0cfe74143e4d79c05a2df7e80411,1,credit_card,3,116.94
1dfc0df462a5535aa569317a1cf19a17,1,credit_card,5,213.70
3c74e538974fb013e938fbdd7d83675c,1,credit_card,1,20.28
2b0259629144c6b7b9cbbeae440287a9,1,boleto,1,69.49
e2b9859bf979f248fe6fa970d1710b91,1,credit_card,10,104.68
946f9c80195609dbdd3258b549d8fe16,1,credit_card,3,195.43
3c90356d0505af8fad4231e48886ba3e,1,credit_card,1,68.34
78376bf275535930db73f00a985ef199,1,credit_card,1,186.56
70c166d4c5cb846d78663b5b3e4adbb5,1,credit_card,1,49.92
a8858a23008217d160630ef24a83f155,1,credit_card,3,74.16
69644a0087c6fefeb4f90eeadc03e80e,1,credit_card,3,99.58
59249f8efaa491f566ba65d67ca9c254,1,voucher,1,195.12
0df8cd93fe931f8eb18314b794f45ca6,1,credit_card,3,284.02
d1ccec3180d63d8bfd37f65d34f07da5,1,credit_card,2,27.67
cd8f1098418f4fcc23c29232d9c04dd2,1,boleto,1,73.15
7ace2ff7c617d34526c14991b996436b,1,voucher,1,43.89
c8552e53c39ddd0a833f474899d5a966,1,credit_card,1,165.39
541bb2ccd254b84fbaabf01e82324cb0,1,credit_card,8,105.29
2cbcb371aee438c59b722a21d83597e0,1,credit_card,5,52.18
4662119a5b84b9a8bf3b4c50e8c868dd,1,credit_card,8,378.05
1bc50e93f3ab76ab6677faad4dd5216b,1,boleto,1,47.84
ca5fde2f82e0bb2a7e7727f165b28abe,1,credit_card,1,24.38
444ebbf5602b5acdad22e0b4a9951bda,1,credit_card,3,372.72
1cd7c89429be94ecaafb5a84daf3beee,1,credit_card,4,56.92
b7e339d3c4aefa73f6e86875b78250f3,1,credit_card,2,147.61
b27af682321527a6349f1761eb3f360c,1,credit_card,10,179.13
d0cbe4010369ff1b911352d8d99b162b,1,credit_card,8,94.87
49096a052563c7c07964cb46f6f4d572,1,credit_card,2,126.09
dadeb032c1f01467182f4f0716bdd141,2,voucher,1,72.30
7de45d1340279aa6e3847ffa7bb235a6,1,boleto,1,130.81
9d43eaf1f72a6d200577517c4e4265e0,1,credit_card,2,155.73
ed5495fbd35104360dbf954d7fece421,1,credit_card,3,89.63
e9ff655634db2dac0d2c18cd8fc57869,1,credit_card,8,210.23
2c81e6aa6ff35dc1927f3002b02c7066,1,credit_card,5,202.83
3d567c0d343aad7ed3da44cc0430dabf,1,credit_card,4,206.44
cafe257a6af47e3a0f99d202c0bbdbf4,4,voucher,1,1.63
b116018d4629bdd3363848a36c42861e,2,voucher,1,28.60
ef26a1bd5203cf613f8150597210abdc,1,credit_card,3,215.14
c4cac393cb3ff78fe2823fc2222d1f04,1,credit_card,1,261.07
b58c726e8f5ba3196c593b1837d25744,2,voucher,1,24.51
0123098b96f3d4014545642be53d891c,1,credit_card,2,117.08
07015ec9fa46c951514edc46a108d719,1,credit_card,1,67.90
3fa59277573f0fe06ece044ebec2eb02,1,boleto,1,91.05
38ec15a8c5ee8b06e98a7db4f56f066a,1,credit_card,4,105.28
be16956e185d1e4f58a8443b3fa7b7d6,1,credit_card,5,57.77
e239d280236cdd3c40cb2c033f681d1c,1,credit_card,3,102.03
3311b1573fa138150d43e80f46c7d1cb,1,credit_card,1,117.46
0c3edd1850a593f62fea844191a4424c,1,boleto,1,217.64
e79151590aa7ee3040361aa72796c4b4,1,boleto,1,157.30
9bc5cf55f8c2f895c92856ca5a179139,1,debit_card,1,92.30
ee0db22a8e742b752914016708470ec8,1,credit_card,4,167.82
6120dca54b9adfd072f8fd9574161063,1,boleto,1,137.57
6453f61ca0e3788daed375fb4ebadbde,1,credit_card,1,57.17
31e45c5f9ee488243f3fb1b2507219d1,1,credit_card,1,38.09
4af95e06a7850779479ce55a62000dac,1,boleto,1,73.80
7c0b9b2385b65bd8c7aa778a843155e9,1,credit_card,2,151.60
baeb39b2cba12d118ef8c856b32d3163,1,credit_card,4,92.49
a1deb5a1e93bdf89bc4e5e00ec3691d6,1,credit_card,2,189.56
38636a6a86131fe2c507943a16833350,1,credit_card,8,151.18
047723564a4f371af7f16f08f08ae0e0,1,credit_card,9,299.39
46a09de362c7550f138187deacc9f840,1,boleto,1,20.42
7ac3402986077088fc8185e65ec5c7b1,1,credit_card,8,315.06
1a0ce44b1b78ab7a0abb0bdf7062b2c4,1,credit_card,2,98.70
497867927f8b7eca209cf8a7050711e9,1,credit_card,1,188.30
0229b2e398fde4545d32b5bb232973ad,1,credit_card,4,1017.63
06f0ad130c4b691011f1a12a33649a2b,1,credit_card,2,97.39
84fea092818c45e87513a303e49893ea,1,credit_card,10,101.00
1f70d88d8d6e9880a9e50ee78420c24c,1,credit_card,8,134.46
df7c3cca620b20622f4252bd497dcbd4,1,boleto,1,36.69
c7e1e46af92704b1c2e1924de96e7479,1,credit_card,2,132.64
abd05c85cdce8b1426ced8f27fb59eb1,1,credit_card,7,361.16
db7374d1f9c8965e0fbbc1fd1cc916fe,1,boleto,1,112.98
a7be2467cdcb078b2ffdea6fd401952d,1,credit_card,1,31.63
1fb3e3b50c0686e0c491b0c17249d2d8,1,credit_card,4,46.13
4ff1875e3f8c120cfe6cef2ec1aca104,1,credit_card,4,154.11
363659036e23f1e7b77d6368e25b1f08,1,credit_card,3,406.16
8c026d542e6e6803115061acaed02330,1,boleto,1,76.38
a477cdebba202e2c15cae2e35dbac3b3,1,credit_card,10,113.52
350e81ea69628f5c056e29e198b2f5a2,1,credit_card,1,5.70
ab100844826f01cfa2544e2ea0b9ae4d,1,credit_card,10,639.77
c6c17394464f987209982d3f1423f068,1,credit_card,10,139.80
ec6ae689bec92fef124043f61f553778,1,credit_card,2,121.90
26270398457731cfcecc0585e20bd45f,1,credit_card,9,151.87
f61d8df3d4314897d9ddc27cf6b94bb5,1,credit_card,1,207.24
da36f0ed6b7669628846afd6d75a9a7c,1,credit_card,3,1173.56
81d715926d69a15e7220e3e7092f6c4d,1,credit_card,8,315.89
eb752d7dd31fae34db80457d17e72ad0,1,credit_card,1,50.26
e88333581538e25e87d48b2dbc1782b8,1,credit_card,3,137.75
a41c8759fbe7aab36ea07e038b2d4465,1,boleto,1,53.73
fe3c6e4834730e9f8d50983b1a47a13a,1,credit_card,5,55.55
16cbf959cfdb88c47ee2a29303547ec2,1,credit_card,7,141.58
d32ec519c65a1661bb50020bda09194f,1,credit_card,1,152.44
3d3b7c4f5d2e07cd4015a956e164a9bc,1,credit_card,1,205.19
bbc914b2842d3c32f438b913b31f0ff8,1,credit_card,2,167.39
fb5ea894786347722a854ef8fbad3e78,1,credit_card,4,71.44
8e5148bee82a7e42c5f9ba76161dc51a,2,voucher,1,156.55
35e6328c980b8ff743074072b2aa195e,1,credit_card,1,355.02
c26b658f524a034377074e4bbf6cc236,1,credit_card,3,34.10
f40d6e04209aafd02ba09a7bf54146bf,1,credit_card,1,46.77
3486059e0a7914ff9133784944751b3e,1,credit_card,3,126.19
c941ad898bc2355a4c9e9a19b504c69c,1,credit_card,1,33.34
2b4b4a22de76a4cc703a9d68cb690bae,1,boleto,1,229.65
2240d9349c55949c40dbfcc98ece280c,2,voucher,1,84.05
973e2efa6a19ac5083691b9deb4c0a51,1,boleto,1,37.77
c152d21bf4fc58f89b8644af56cdc116,1,boleto,1,162.55
425de35c38a6fbe5030783d1ebf2b93f,1,credit_card,1,278.11
e67a3047fa3e8b2aecd942f3b25b0e3f,1,credit_card,1,66.23
1e7aa60419488b934fe799d6faad8b7b,1,credit_card,1,33.68
da5839ce50528e73a7b48bd91613d715,1,boleto,1,178.00
9a4682180e9fe8e7bbb9648d49c78101,1,credit_card,2,59.06
f7254acdb2c708372182c21f4ef3af88,1,boleto,1,102.74
cf1bc456a0d5c63bb6c94d3b8b2c56e7,1,boleto,1,71.27
048e6e4623dbf118c43e0f5572016faa,1,credit_card,4,657.63
3f9cb2aa22528f88dafc9323f6925f09,1,credit_card,1,51.44
509952a95c250007c345b4b929663dc6,1,credit_card,6,136.91
ccffad477fa78262d2690795ed9a2016,1,boleto,1,85.14
989771e34a670ec77e1f406c05ce66b2,1,credit_card,4,163.03
a64424367810e29c6d8903b27073a8c8,1,credit_card,2,313.54
a3f157a067efbb72090189af1f7b78b4,1,credit_card,6,200.35
8884d621c46890c4fef64a8ad59fe7a0,1,credit_card,1,120.19
549fcae8637a343a18425a3706cf8b3f,1,credit_card,2,144.98
0cafd6a7576a6aae0f891008a87f1546,1,credit_card,1,10.90
c341b928652ab66dc02f4a2e9bb2d969,1,credit_card,1,49.53
78d08dbbd210373254dc4730f3aa25a0,1,credit_card,1,79.24
3b56cbdbdb60dd5d1da927732b03b24e,1,credit_card,4,93.50
9b336781d5b596503cb852a8e043496b,1,boleto,1,44.49
c7a69e528db122e94405b79ddc5ad934,1,credit_card,1,84.15
1afa51208ad0fe3d17577387674e6924,1,voucher,1,40.10
4845232ae57f7a4425c4a12adfa8cd06,1,credit_card,10,350.56
9cc3a04136905d908a83caf612b0d7cb,1,credit_card,1,55.83
1349bbe7ded8d9342526c249d9e6ceb6,1,credit_card,1,39.26
d48c5016ab8af7b122d630cd75a63627,1,boleto,1,208.54
463cefaa4147d39621500e986396b5cf,1,credit_card,4,196.72
e5c7ad83fffff48754bc2696e1ea59fb,1,credit_card,2,124.01
1475f5ec3a992c94a397148561439873,1,voucher,1,63.42
cf6d45bae6017043952a20f3457379fd,2,voucher,1,31.17
bd4ce88d696959198a72416bd32be0ca,1,credit_card,2,134.49
d0317266c850466c6599360d6c376200,1,credit_card,3,186.90
49df58eca26497b2af5a5685006f9615,1,credit_card,1,35.36
769c9e627636f4041274ad3cf6b94fd3,1,credit_card,1,39.09
2899952345d332e41b79ece6d0463e9f,1,credit_card,4,119.47
58ecdd5dee96d19e30c67a29cae63e4d,1,boleto,1,105.28
7c5cfb19cd59e93d54d251302ac8268c,1,credit_card,1,54.01
8860f62912fc775e52409a351a1bca14,1,credit_card,2,158.94
7b4da8a23b304605ffac1da44f1e7017,1,boleto,1,110.26
8fc207e94fa91a7649c5a5dab690272a,1,credit_card,5,135.51
8d362590a388a3c9c7de2dbb72edc957,1,credit_card,1,32.42
fad45938bae3bd8a63fbae03cc8ae040,1,credit_card,4,852.37
eeae119fa8c06aa988a02dd0a40de8a3,1,boleto,1,36.35
69f02b066e4d88eb8a784a81a8c7ad97,1,credit_card,2,67.36
2c2f2d6f669b78caed39af3e63a5439e,1,credit_card,9,123.54
f92947b16fe446ea59a6d3de2cd7b819,1,credit_card,1,1891.63
d912af00829984e706d3907a63594e9f,1,credit_card,3,69.73
147208427d245b8404fa8a797aa0a2ef,1,credit_card,1,186.01
fc6a74f2fe46e7d94471556385398a1d,1,boleto,1,51.04
4294d6c2b09c5f2438c01b11c91ff7a8,1,debit_card,1,184.77
1671068b64a9cdbffb5bdba38a07382f,1,credit_card,4,97.87
6b3b0b39d2a619fa308f4606d780af2c,1,credit_card,8,214.69
a8c17d4b336d73e8162c709bc88b7c18,1,credit_card,4,135.64
b7592da1b6c34d2b2404a7b6e8639376,1,credit_card,4,257.08
c58376e6393aab97f2ce125e6628b6de,1,credit_card,2,91.42
17f6265814025fb8df1b31db1d8545e2,1,credit_card,1,42.67
b973e51d5b8172ede592b1378db59175,1,credit_card,3,105.57
8b5be28b78c96b28adca40358eed3d7b,1,boleto,1,69.90
677b1a4dd9c69ee17aafc0d2b33af06d,1,credit_card,8,85.60
b3e176098b9f9f6122d37fa3cb06279b,1,credit_card,1,66.65
4e16f71b2a5ddc0266f9ddfdfd0bcfba,1,boleto,1,134.63
a911df1b9a76faaf67ece263358e285d,1,credit_card,1,76.97
67fedde68ac222a19b4351dd0814d76e,1,credit_card,4,223.19
8a4611e08772a0a101cbeee84f121200,1,credit_card,10,198.30
8cc424a5c8314e99e6e6027b99655b0f,2,voucher,1,100.00
be0f9dd8034713beef855df4e524f6e4,1,credit_card,3,459.63
099b01b8cc6b861aa593247b2f7e0b7b,1,credit_card,8,169.00
f38fbe2554bdb11e37513dba2113906d,1,credit_card,2,38.09
f58228001d45c09c8447ef1f2fa6a2df,1,credit_card,1,15.43
e880c960b083af6aae64e809acf0693c,1,credit_card,2,347.70
bb3bc9b2e2b9022f70bdac9912cf67bc,1,credit_card,5,62.01
43070b94b6d741a764e8e1ba4a2ea91d,1,credit_card,10,1310.95
055a2893cb600bebc05a16d06e3de36f,1,credit_card,7,76.08
3a49b6bd30aef5e2c1097738adee416f,1,credit_card,1,66.39
dad1e3ac5ffebd3fb9664bdf1efd3064,1,credit_card,10,159.56
e9a6252140ac4d9e51867934fad095eb,1,credit_card,4,114.04
6f209510f34ce1a8c89d11273039981d,1,credit_card,2,51.42
728def86ce88492592386a5e4a990e04,1,credit_card,2,104.70
7d6c0dec1e6a1670dce5f5d97dad5051,1,credit_card,2,179.86
c2132e2cae45a1362b9d3496c25c5783,1,credit_card,5,110.63
8af6e63a87680604c9bb2098f866505b,1,boleto,1,82.55
9341630a8687fb3b0cd5483bada2bc98,1,credit_card,4,133.06
25db8af390f9984ee0af317b5239af35,1,boleto,1,114.68
4083b3de3f83063296da5c898dddee6a,1,credit_card,1,28.62
1c4e52b03bd97ecc8800eaf8c6046cb9,1,credit_card,1,98.34
6854fffdfe70d857523100e4364518d5,1,credit_card,1,49.29
1161944e39519870ff70405caa44acce,1,credit_card,4,209.30
3d6002f122e72a5d6e07d4c54e79e3a4,1,credit_card,10,154.52
2ac00a6a0a00ee7f8e2b235f8e361006,1,credit_card,3,122.92
7e25a1c58e68fa94300358caad65b944,1,credit_card,1,77.57
f779f822cb55bce6ada1933a729cc2b4,1,boleto,1,66.69
94be63e1a7ab923288bebfdca7e71e84,1,credit_card,3,194.12
70498ad5af42884a122355352f008c14,2,credit_card,1,239.39
46e8348ff73e64f24843a7d2fad9fcfd,1,credit_card,10,840.26
357577189f4230e0d5fcda6ba4b8dec8,1,credit_card,5,239.54
7862252721fa2af6aae76774b7514b14,1,credit_card,1,98.97
202c632ebb14ebfabad48f43c9a9f166,1,credit_card,8,205.31
35b19a06842a6d82121828643e1bd16e,1,credit_card,10,573.74
293654220ad21e2a3f268a874f6f0e69,1,credit_card,8,437.84
7dfd72bed82d922fdde7a5c897353932,1,credit_card,7,177.55
16590e9d976a66505a26c3c820d47295,1,credit_card,1,133.71
dc5c1e4b9f70ea51724488c3f86b7c68,1,credit_card,5,396.32
8b01dbab48de4c2a6edcca84a1798df0,1,credit_card,2,22.29
ccb3e2fc8477b6fd3e3edf0dad0211b6,1,credit_card,4,235.12
22473977c12e562a85b3713c75e36120,1,boleto,1,171.98
b53fe2cf3a372c3ee003f70652185fa9,1,credit_card,5,204.55
2ab7c0d346a37bba7f0a515bdd281745,1,credit_card,1,48.13
5f5d440ddcc70a0ba6f17804435ec791,1,credit_card,1,302.62
472ce7491b9e1d5409e48c3717a8072e,1,voucher,1,86.94
dea1e695f08ba5ff543ac1f0132f6db3,1,credit_card,1,160.16
372538516b3d3f36483772cc19b2e433,1,credit_card,2,125.98
d4b9a0a5998cc96610a91b5de647f440,1,credit_card,1,77.19
a9bbc934d59147ac5d452271a95e4891,1,voucher,1,184.27
087c44ddc65697d4a3a2af9234c5a22b,1,credit_card,1,66.25
4d0c3a21d494b800520fb1dbaa715164,1,credit_card,6,119.64
c72933a2493f0ce8b9631656d78520fd,1,credit_card,2,84.65
14e9f1caf8efa770b1a67ec0adf24737,1,boleto,1,131.76
cdc8fc8cc642886abe16af26b0781daf,1,credit_card,10,110.61
e0a341e9f5a2c4c054ef1f49f6836414,1,credit_card,1,30.09
54c8a1ae2a5ba17d24381040d3ae3fe9,1,boleto,1,113.62
3f265b4152ce33df196725325e99ef49,1,credit_card,1,59.23
323d6a7119864c4c95a2a27b45e89b6c,1,credit_card,1,38.68
23dc1dae65a022e0f216c057e1ad3b72,1,boleto,1,66.10
cabbda9faa21b3ae37ff649c0fec4f55,1,boleto,1,162.19
5627a31940ca40213ead4a6a71e7b386,1,credit_card,1,69.14
3f70fa55743ebe05b4b94594c082dfc4,1,boleto,1,25.50
29acb175de2a4da2b456200329d0f5ca,1,credit_card,1,171.00
cdddbaf91f8abd761e51c7d5f035695b,1,credit_card,10,254.04
c31c1cc9cd9ad952cbdc6310eaf88e15,1,credit_card,2,116.16
5d1a75b5ee80b3ef12a57b30a418975c,1,boleto,1,287.55
57b27ed317a9d0ed3ed31b5a50392b51,1,credit_card,2,127.82
69a4726dcd85987f5c301bda6d0ec78f,1,boleto,1,266.83
b29f76d1f7a17439d2e451cfb6afad05,1,credit_card,7,689.93
0cd8c62de8c2338e4af0afe71e56ee64,1,credit_card,1,19.78
d5355dced21ef64e6f081ec25945fbd6,1,credit_card,4,109.77
949ee5d5e7ced365753539d09e52289f,1,voucher,1,37.77
7942fdd6290ee4b2946bb066287bc91d,1,credit_card,10,139.62
80603ff81081f5b1afa87c01e8cf490e,1,credit_card,1,60.85
d199bccd68b67266244fd9e225d6f77e,1,credit_card,1,16.22
768a7c234c6cd1715bde13496e5cfc26,1,credit_card,8,233.83
0dee58528ed64475b6af5433ef84dc23,1,credit_card,6,138.15
e914e961033af34e2fc13b3b0d698a94,1,credit_card,1,39.59
488af1da339f776ccc9c5d4b26203cec,1,credit_card,1,57.72
263c5916eca59eff23f65a1cab611380,1,credit_card,2,98.82
3db98e0e4429b61241e02a015c6cea46,1,credit_card,6,96.47
979fdfc1766453994df684ee9637ec80,1,boleto,1,131.21
40ff15fd1f4a802dd323bd89a6967b5c,1,credit_card,2,45.39
076d71b244e240e104ffe5bf5985faa2,1,credit_card,1,8.93
e4ba1a004c49a4399b0cd95fdc64a7e4,1,credit_card,5,244.80
239f380355f65dcb68551f07d16fc4a8,1,credit_card,10,251.63
89a854a74c3f34399207674b686299b0,1,credit_card,2,161.90
e4b2030986f453ba45c63a508073e3d3,1,credit_card,3,253.07
e12d873b226207d68d316a6bcf65123f,1,credit_card,2,45.10
a36c4be04977d1e030ff28b9791d8ebc,1,credit_card,3,148.07
d6e86df5b1614d493da54c4c87ce7f2d,2,voucher,1,163.58
e8b4a4b281582a6ea90afb7a0e7a0eb9,1,credit_card,5,101.72
c90fb992daf8f63f00c1f7819f0897ab,1,boleto,1,214.32
fc66798245e4d173bcc7eb36eb72a278,1,credit_card,2,179.22
491a1961ff53513a57fa193570a11311,2,voucher,1,50.00
d1ccf9110e914e714e76f6434142710f,1,credit_card,10,154.62
e4cbb88fcf9a02837b22b1f6f812a9ed,2,voucher,1,25.00
2a797f1dfd6274ca81b660f4c59d0269,1,boleto,1,202.07
7d68f1da2ad6d6fa877e000788daf541,1,credit_card,4,291.52
c195f1fa107c4161ca71b557b72b01db,1,credit_card,3,71.62
c55cdae2f69a79de4fe44a6437391c64,1,credit_card,1,36.77
16efc11ccab2e8a17656020f80cd39e3,1,boleto,1,255.93
3a17199c5f4688279c69a931b1950c86,2,voucher,1,32.22
c11b9c3650e886882788fb2f834dd152,1,boleto,1,53.27
d16add0ce9751d6b9e83bcbea48aaefd,1,credit_card,8,203.05
5a77e4bc8ac96edc52bed4bc00eaab7c,1,boleto,1,45.95
6afa03fba2ab6ae8174e9c9477c85506,1,credit_card,1,54.10
dc034558fc2acd4a0d55733dd55b3b9c,1,credit_card,5,185.94
a28b2354a61dbafb15e76454d557d543,1,credit_card,1,49.12
eed5f84919d668737e50dac75a4ebbd4,1,credit_card,3,195.48
c590ba67ec2c2ec0625ec1f9119b6598,1,boleto,1,56.22
817856093e04996ba35912467fcb6706,1,credit_card,1,53.05
620f129681ecd1062dff9066aeae1e28,1,credit_card,10,127.92
1593ad9516af3ed6b4bfa1769d77f0b0,1,credit_card,10,743.56
c4583fb919a75c51dfb38e60c34d29c2,1,credit_card,9,96.71
f6cd41298d06413e39c491540baf2745,1,credit_card,1,121.78
015e6682b50c824bfdab6b866f937936,1,boleto,1,168.27
eaf817b1e9460ea656747c70aa8d9c6b,1,credit_card,1,72.56
a0b7e79b8a0c48aa2f4112b356be6e01,1,boleto,1,449.74
b058d10cd1c5819182e6071160eb23a0,1,credit_card,8,223.19
1edf6220f293bb806c6d390700ccccd6,1,boleto,1,73.94
aff48f2bfd2432bf92264b9308c424c3,2,voucher,1,27.40
d19a87282922be2fe89f5234b1bb6c14,1,credit_card,2,74.05
4bdb824616b048d04ab361c35af51e77,1,boleto,1,35.40
5e3e20f7b30f0f66aa9dccc8e30cfb1e,1,credit_card,3,172.34
f23444b164e24a1e91c2457d1dc788f7,1,credit_card,1,107.99
103407760762721e1dbb7247b5f7c331,1,credit_card,2,48.30
1a2442f225e9147e717dfaa6a93058d4,1,credit_card,4,80.77
c54856ceaaaf3a273f3921da4faf1e8f,1,credit_card,3,88.76
551881f4a46fb5aafca0e72765c499a9,1,credit_card,2,109.07
38035a76fee1437dca92e94b3e057af6,1,credit_card,1,60.00
d9237a626ce181c849177a05d3e863f2,1,credit_card,1,35.00
918c8964de139753f073e73843b677af,1,boleto,1,35.10
6f8f0e3ba6fb99d979b8db8728b6a385,1,boleto,1,276.08
0049edf42837aa808e03552a62bd2158,1,credit_card,1,67.50
e93662c430b438b8bd5d1bd6e35480a7,1,credit_card,3,176.11
5c78dd4658f7e317f7e2b71fe2abf783,1,credit_card,1,37.44
3f61fdc385ace6c39912703194992ad7,1,boleto,1,169.48
3d0c0f6ab268b67176fd58927a08b69b,2,voucher,1,40.40
f964ec281f9f4098870fff22b6b74fec,1,credit_card,4,47.51
754edc03c66f1bd22203c465db885cbf,1,boleto,1,69.56
8febb29840d98fdfb4f00b2b26e4000c,1,credit_card,4,44.24
0d88c1807ea23596e9a3222c2aad549d,1,credit_card,1,54.00
41189ec3ec41a82996b68cb4a6a661fa,1,credit_card,1,22.79
7b232b239a1cddecaf6d757b4bb3a0ae,1,credit_card,1,75.07
778d960ed98fe278fca42ee20d002b1f,1,boleto,1,64.03
9e52bb433e0c3da92cd75849bc446fac,1,credit_card,2,186.43
6dc67cb39f917644a71c8f9410d6505a,1,credit_card,7,147.06
770ba60e0114ccb3038b59f95645817d,1,credit_card,5,116.94
016befe103ce7c9e5b1b7ef359777eea,1,credit_card,3,60.85
9e5ad464d579c1593e82dee8ffaf05f9,1,credit_card,1,136.98
c401e0f907a3a0912a86473918b3aaa0,1,boleto,1,139.28
42764ea3fe3c6143d0c7e3deef849e78,1,credit_card,3,63.10
1b4fa94977b3370291611e53694a6918,1,credit_card,6,67.22
ee9ca989fc93ba09a6eddc250ce01742,8,voucher,1,5.31
905a97a2114f9c1e549b9f76fb5a8429,1,credit_card,10,908.43
fd7d4eb658279656ec6fa1ff66620925,1,boleto,1,20.29
9d3c59fdcbaa99d6857084449b8aacd3,1,boleto,1,112.40
f390346ecbf61a6b81b92017a7410df1,1,credit_card,1,69.73
3a272f742a03e6f800cdc955ef4c173e,1,credit_card,5,93.49
39f95a00d83145b299d7b0aeddccd24f,1,credit_card,1,58.60
7ed7d32f98587cf0d5aee4ccec43e11e,1,credit_card,3,38.78
ea74dd3b5134d715abcf385bc904d577,1,credit_card,1,61.87
c2a9913d397112443fdd3676baea3e98,1,credit_card,1,21.04
dd1dfe88448d5571a97af819c52776b4,1,credit_card,3,68.89
e1e667177bf730d0964be7732d806213,1,boleto,1,105.30
55237a86ff63f2db34b6b47bbb3d694f,1,credit_card,1,126.19
31ebb964e83b9262b17cf1583a3eb45f,1,credit_card,1,303.76
5ae27cc40da0652f19685c5b8352c979,1,credit_card,8,510.30
3c91e3497ee8a38751b01e5d549a9bf3,1,credit_card,1,26.24
34c5c02777cc9ff009021f208b971041,1,credit_card,5,199.14
7d7a6cf235917cb4b46fdce40d607758,1,credit_card,2,120.40
bd971317e81cfe24ddbdd9226751da33,1,credit_card,9,476.85
898377de9edf5bb634bf69bea116a339,1,boleto,1,103.19
844f01e04cbbf8ba9a2ada9f036eb8d2,1,credit_card,1,42.69
22944b4163f09171dfb645a94b87e645,1,credit_card,2,311.33
9f9163244dc37358223b3534a4013807,1,credit_card,5,91.23
00bdcdda88e6b02977fc6ce3d412c600,1,credit_card,1,137.83
b144e2ac9863ed27bc59dbe4dd2f8773,1,credit_card,2,99.70
d67445efbe81f76ebe2f1e2c474411f0,1,credit_card,1,66.82
0d8e4bdd8a9f84b606ea672b4e722f8f,1,credit_card,1,328.05
27c7c6aa7b6f3de99d2a3a64674d296f,1,credit_card,5,123.20
f4a88e642ae69a32fc88f63ffbf49651,1,credit_card,4,64.22
240daaf6efd35c9e062dbfd0a74beb91,1,credit_card,1,58.16
5bbc94ad182b8b20ea955b1c3cae7d60,1,credit_card,10,538.07
8d5af908ce8ffa721a9f665abb660200,1,credit_card,2,64.00
d9ed7b8cfe99da8442618eabb0f9997c,1,credit_card,4,230.00
7fd85cb0143de098a4c5ab5a57bfbd91,1,credit_card,3,79.73
9b2d0b62b218b964a7d93e0df5e07b7f,1,boleto,1,30.69
a518b37b54f26e19044d8706b65e8133,1,boleto,1,61.85
81194be55fc90582cc03fab5c592f817,1,credit_card,2,69.32
44d2ec7f124befc9d02cd313f1af14c5,1,boleto,1,142.69
c05394da933eae4ce6e374978c70998b,1,credit_card,1,76.79
c09395a3ba913b8f6c2594a7df7df72b,1,credit_card,2,325.35
34d79427f2177b6ab8397e13d4233a85,1,credit_card,1,46.78
20a1537691864a0ec56e69c40ec2ae95,1,credit_card,2,243.62
b8bf848cf366061f0e9555337da2a9d6,1,boleto,1,55.00
02c6f38cbd2d15df19cf2621019823fd,1,boleto,1,413.96
29748bf43e13388a744dbf9111d073e9,1,credit_card,2,155.25
c1f89369bd3cbb73632fdaa0ccaea081,1,credit_card,1,19.39
33dc68ee07456f6fa5da352d9cca5d93,1,credit_card,8,521.56
250eede6202cff2981de57cba5c1b08c,2,voucher,1,25.00
d6e14e286083e99ba8571e9e8baac0b6,1,credit_card,8,200.35
9960ee97c2f8d801a200a01893b3942f,2,voucher,1,201.65
5e7715473075848a1953230996ea3b3d,1,credit_card,4,40.09
5021c4cb8f8fa752b0b12fc72fd72cf4,1,credit_card,1,59.09
3e654c7f3c4a852f6b18cede3015ea0d,1,credit_card,1,136.93
8e642de08fc40170f87db3c976ba2dd2,1,credit_card,10,234.30
d9ae780e2e7cd20bca43149fc09cf5bc,1,credit_card,4,85.14
611aef870c45d1ba9c852bab44e25f36,1,credit_card,3,98.56
164a6c920f4a6f51223792333af13e24,1,credit_card,2,63.12
1b0eaf74d5b9166e7e9dc0b39be862a8,1,credit_card,10,434.35
809fc33617d44c48deb9b253aa7397ac,1,credit_card,10,114.28
aee7414ea78fbc7601f88ecb530038aa,1,credit_card,8,177.37
0e7be6aaa59ac324e8b9b4e71a84f3be,1,credit_card,1,80.49
de71f9cb7b28e41118fb7bb28a6b1087,1,credit_card,1,33.90
0f924038b00d1f102e4d09bea4fa666a,1,credit_card,10,2759.95
cef1e24f9b327a9571e045a091dea452,1,boleto,1,45.48
708c129b280e719faa3988c41374d4fd,1,credit_card,2,136.46
eb999d408b8016b7bd014cf08348fe86,2,voucher,1,86.30
b168316aac3ca36c5087b0e250c9008f,1,boleto,1,31.00
de4c508282732a9138afe232f9c7285e,1,credit_card,1,70.27
1308af1ed83bcb145e40683235fdfeb3,1,debit_card,1,42.90
2edf506c823b1a3bc6d134864bc4c10c,1,credit_card,3,89.19
d4da0eae97584a51df1e150a105e4f20,1,credit_card,4,249.39
3828ca6e6450e317619b87f49eca6492,1,debit_card,1,20.89
eb56ddfc112b49241ad368f44da00dc3,1,boleto,1,113.42
252a22829815d332157a9f3a8fe174e6,1,credit_card,8,215.83
cf8734286de02dbdf9700cdf2bf07976,1,boleto,1,55.04
af665fdb65698c6161b3f5ab956f3d2e,1,boleto,1,72.45
b6659c7944e48c1be78a188b4d51dbeb,1,credit_card,1,40.05
e2c0db58acdbd422711f241243fc726d,1,boleto,1,52.77
2276cb7758bd76c104cd5a3971f47e9e,1,credit_card,1,113.55
451bc3a8e6666fa7fa88c989b996a500,1,boleto,1,199.26
9dbceabb8ca1d10023c837a1b30f852d,1,credit_card,6,68.43
f84ce87db546331194264e91b87fe84d,1,credit_card,6,118.70
f9f88b0c2d64a8b36cbf24b1b35cd3d9,1,debit_card,1,144.78
4624f54e368960605699b48f08d4ff9c,1,credit_card,2,75.53
775eb0ae1891c8dd8f12c2f8c6850006,1,credit_card,8,1326.79
fb502b9421eb6ab817d72fc973b7b708,1,boleto,1,73.34
3e94a8c8e34e42fff9e500e404d5d233,1,credit_card,1,32.13
a082f140d70dd20b4e2d7538557b5946,1,credit_card,8,127.90
e471b8e7eaa8fd21277e359033828817,1,credit_card,2,149.73
649fbfef8ead059794ca4dff975904d0,1,credit_card,1,150.78
cbcdbe6b464173a568087f71cc7593f5,1,credit_card,7,578.78
19b37f1efa2ddaf265496e78e245c19a,1,credit_card,2,49.45
510bff1cf06be1143d3b6698df2fd486,2,credit_card,8,406.38
c643ec88999766ebea4bf3bc53d21e41,1,credit_card,1,63.27
1e7daa50f3b5b4b0325e1467947249f1,1,credit_card,2,248.33
d1846363415db8171f834ad2c5ad25d3,1,credit_card,1,48.21
c8da096eda1ac468af162c20d2621512,1,credit_card,10,285.73
2c293bd3c9f41735731112a36cbcaf81,1,boleto,1,184.17
c56e40373799e9fb580a236fd5fc72a9,1,credit_card,8,83.12
d40d7acb41c23539b6b47ea86e260c28,1,credit_card,4,96.66
89754646c3e0baa367bbe02974056098,1,credit_card,1,51.85
af4c6eae672d9b20d881b0ef961bee65,1,boleto,1,56.78
e547c4009f2792489ad11ee1d89d13de,1,credit_card,4,45.09
68b4e818c05f12bec3a76417829c2846,1,boleto,1,157.78
41b3c9e5e85309a0ddf6fdf03c906b26,1,voucher,1,118.35
0c31953b008c5e98882d436f4298cde0,1,credit_card,4,108.30
01643942766bdec224d5593041f714e6,1,credit_card,1,47.60
c938c0f0b42620a6be99b3f558ead0f8,1,credit_card,8,266.44
97868e4c884bc85f4501ae0a66181cc9,1,credit_card,2,172.84
abb4105be6a56ad64b74e4e74d5fe4f4,1,credit_card,5,827.91
53a2fc4e276fa45a7962cec897d2bc89,1,credit_card,2,142.14
b58a6cafa236091ed83bec2b0ff64ec7,1,boleto,1,61.84
879d57dc015759bf30e71a20b5ae0652,1,credit_card,2,179.60
98ce4ac632c6960f83f6b7d7323ba9a5,1,credit_card,3,74.31
690b993c5b9c86969f5d763a0f1d5c36,1,credit_card,1,50.62
66cbf9f31647802b60c0db44f2924ecb,1,credit_card,4,190.00
fdbaa530778c33afe4b7762457bd8204,1,credit_card,2,75.65
fc785ee76910f164cc65821f006a58d5,1,voucher,1,175.64
a00ae528eb61acacc2917ce50bf77d65,1,credit_card,5,112.35
52217c0ab449b049002b45c4d68f7bb4,1,credit_card,6,175.90
8a1af4b10efdc90daa0fbd611fee2420,1,credit_card,1,43.62
c785675f92b03bbf76fbbcbf2acfe7da,1,credit_card,3,327.01
bdda3ba1c505bc39ff2117e340280a74,1,credit_card,3,141.67
9a259797098595401e84f676d0c57320,1,credit_card,2,88.90
7729dd457f2649c804b02f610b54acc7,1,boleto,1,67.18
b54fa43051fefab27d1f06b71938062c,1,credit_card,10,211.25
329799621fa31033287e1294f418de06,1,boleto,1,141.47
ff455a4ac6c4471e4e1ddc55f6610e60,1,credit_card,4,320.07
578daeebdebcc19bd2dcba1f6b06b3ce,1,credit_card,10,108.30
10f5c2d2d4bfa731b1ea9cdcb6175099,1,boleto,1,97.83
3b12b05b1ef9fd1f18face4e10c50c2e,1,credit_card,1,275.50
67fd617db75c8db65cca2054ac5c8bbd,1,boleto,1,36.73
1590f37cad06b14cb123f6a45b2bdf4c,2,credit_card,5,53.65
59de7be8730dc1a20caadff4c7686027,1,credit_card,1,82.88
34763d94ee16ecffb979852f4ee83571,1,credit_card,5,110.12
0f6d4797b3933b25519398b754dfe58c,1,credit_card,1,114.79
3fb155b4897652f5cdf1b5efff32a465,1,credit_card,5,596.27
bc7a8b1110cf6edfecfcb0a1484f36dd,1,boleto,1,85.60
45de27572f22822e03786f094dee22f3,1,credit_card,1,93.09
09ec142bfa34576d3914bdf8c19927c2,1,credit_card,1,70.76
37e543508b869d9d46e5cb9eedc85cdb,1,credit_card,10,217.29
0e135d08663e167e3c28ef4b5c61424c,1,credit_card,1,97.71
e09eca55c225b904c8579bb1c56b77b2,1,credit_card,7,449.92
da6d11c2027b52e35bf5089247eddd4d,1,boleto,1,145.53
85e3fe590f151c833f6a8a7e21983712,1,credit_card,3,69.04
4c5ac16a6ed40ba5691024e3b3cf94bb,1,boleto,1,34.27
d8681bf9afb5bfde505998488d3c61fd,1,credit_card,7,103.29
353d20a8de2289ef1fd13c03c2b5651c,1,credit_card,1,69.73
e0dbf52e0c78f9be2caeaa5d799a83ea,1,credit_card,1,64.03
a427db09dd194740f13a3a2c7bcf38bc,2,credit_card,1,69.00
39c85a598770e3810eb97fd7bc6232d3,1,credit_card,3,72.90
41a9892d27af50019d56c037a3256cab,1,debit_card,1,133.27
420fb4457bf13ecb615ef8bd9dacdc03,1,credit_card,2,229.65
0838c36e9894cf5d929f58210d5b5bb0,1,boleto,1,104.91
6f8607cd0ebba75f55b2ce01a1250963,1,credit_card,1,51.46
129751cc187cf2f43dcb7ea8f8fdcf0d,1,credit_card,3,68.89
a78d3e0dd36caaa19d8b61e8de27ad1a,1,credit_card,4,210.56
d15a4add9a1af2006ad10d70d9a4b634,1,boleto,1,106.47
02e6bcccce2e88560389846400e74e50,1,credit_card,6,264.38
eeaa75133a2e3ef15f077511708f7052,1,credit_card,1,45.48
ca1e57dd2789cc1abefc1e5b9a76e26f,1,credit_card,2,42.32
9564dd2ea4d0f6f0f66b46258208ff73,1,credit_card,3,74.85
1cfcf75d2d461f1ffb85a3d7f85391aa,1,credit_card,8,215.16
4a38745716bb4884b76fd3a12ad5cdd2,1,credit_card,1,87.71
ea5b7fbed8f0f55de316e8f9d315e3ca,1,credit_card,10,1101.51
ca7f087476abd2a0a52b29410dab0939,1,debit_card,1,199.26
e26def18967c8f7038476bbfd3256f43,1,credit_card,10,754.27
33ec97b423d769023dbd71f138aca94a,1,credit_card,10,1381.87
ebe0a2b49f09387ce9e38a8353ae7f27,1,debit_card,1,57.51
9a9e42d30fd1e23865968c5aafc1898e,1,credit_card,10,195.00
ed0ae3732ee2e824f65323bc549605d9,1,boleto,1,39.09
058ac520863d0c0d57e3cf920de368d4,1,credit_card,1,40.22
f872170fde91c3b0006f1e57ce27b835,1,credit_card,1,101.28
74061a81b1a19f1c62f2f5466d0c2522,1,credit_card,2,144.35
5687ad45d33870c742b2cdacaf758353,1,credit_card,1,69.14
43cf2ad64d9ba181030a47b6a7cad49f,1,credit_card,10,174.13
75917ea91a5cbdec384278689bdbe142,1,credit_card,1,106.56
1b2d35912f9c5a605c93adf4b3b74839,1,credit_card,3,48.27
b8cf888c89bf19c6b6483fa79b0b13bd,1,credit_card,5,232.71
87a8ef7006e5aa4b8ebddae4f7b8a54e,1,credit_card,8,166.48
1537883594710d72e0f3e96f796fcd27,1,credit_card,1,35.40
75da883b23f0ee17fc5811bc5573d225,1,credit_card,1,385.42
8832736e69bda45d9e1c6f5a64e64517,1,credit_card,4,316.18
2fac55edfd9754d1a0e7ecc67d48d08d,3,voucher,1,80.47
5f2dab3e956c0fd71c9df923c30faf33,1,credit_card,3,34.75
384588323436f6d2ae1474b58844eccd,1,credit_card,1,76.65
08724b06f2204993989fa6c331dfa3d6,1,boleto,1,76.30
54f060705abd4a776a48a28f9858ca6e,1,credit_card,1,74.12
a951133aeeb49076723a581a3eb8d51b,1,credit_card,1,73.05
4f9b8c1bedc66f4bd34725cfdee6833b,1,credit_card,1,151.58
031a7dab65c3430d325ad35ab8a95277,1,credit_card,6,128.72
3f35998ab9e335d4bbce362585565265,1,credit_card,1,45.46
11c8a3b7adc8c5c3f5ae4f0257c5e953,1,credit_card,1,53.33
7c7730a9be0a2cd5d43285e6e53476d8,1,credit_card,1,24.08
6c6035b5c538935be5381cff46351355,1,credit_card,1,32.69
c934cfe574e2fa46180d1c2166a43beb,1,credit_card,1,54.09
fd8406e55cd74ad84a30ccca898589b3,1,credit_card,1,68.88
2c61d0e37fba7aea7d8b7f27091be232,1,credit_card,2,377.09
0eeaf3619d35e90b2430da57d351dd01,1,credit_card,4,147.78
372f7d827bed42ed537ec39866756e71,1,boleto,1,159.12
67730eb2f9468b8c6eb20a45dd477bbd,1,credit_card,1,5.99
32fbf6c11887296b35662f212b378974,2,voucher,1,100.00
7fd4a54fa1cd70568f88704d03ce000e,1,credit_card,8,629.63
65292b5890e7f0ef333b4a4904db838d,1,credit_card,4,97.87
94672e5686a487a37916262fab702f76,1,credit_card,1,107.50
d9abc12fab04ae2bd6cd0a45a66ca19f,1,credit_card,1,153.83
89ba725dafc2f8bce0db73d323a687c2,1,credit_card,7,71.12
aa05f92f41748b3327711e6cc9ee9fc5,1,credit_card,4,150.00
6aabdc795efb588de3fc71a018cebff9,1,boleto,1,127.64
dd1130c58ae85a282c4cd0cddaccd0ef,1,credit_card,4,208.77
2f5124f516a7f5e4095ef4325d67c511,1,boleto,1,135.46
235970f9da00d655ab21d7fa98305d4e,1,boleto,1,167.39
9378f7fb4dad9527f338b16cd75fc196,1,credit_card,1,117.01
973753497a88aa596b6b6a94c0f5e0d9,1,credit_card,5,255.42
af3fae91bafed6357991c4a3be0125d4,1,credit_card,2,163.46
5132d60eed6685d7cb062a0cd4655caf,1,credit_card,5,528.22
7afb8d408d72272d7353f90ec6870d5e,1,credit_card,2,51.56
f824b4829cd5241bb5e90df926d9434f,1,boleto,1,420.90
164e1bd75353e367ce8141ccd61d1ff5,1,credit_card,3,130.01
a9eec1b45478f7ed063439b8f7506807,1,credit_card,1,46.13
522b2777aac040e0393106af251e3a1a,1,boleto,1,149.16
a1cff9f46b83ac0fb525c755e46851f8,1,boleto,1,148.35
bcd7dbf9f460ff7e9553592547797b95,1,credit_card,3,115.45
19c4f810dca09d438da021fd6d52839f,1,credit_card,2,48.23
e7d4ae390bc647da72d2aa2a9faad141,1,credit_card,6,337.50
e6a66a8350bb88497954d37688ab123e,2,voucher,1,10.51
ffdce235aaf8a4e381ba694a4da99221,1,credit_card,6,69.14
f4d71a4da431f1650c221ad918e22290,1,boleto,1,101.12
85d7c5b41a94729aa45792bc7b344b79,1,credit_card,2,64.62
c4bc2a01f871554711dadb82537413f2,1,credit_card,5,89.36
330e33e1ba4ecfc10b0f1225fd9276ad,1,credit_card,10,312.49
3394ec2a7a1a88bffa56fb92311d8134,1,credit_card,2,53.61
af4e2e186d1553f35c402a9e153f9444,2,voucher,1,100.00
db1e72ae09a684d17ae47139345e9018,1,boleto,1,468.25
798f872475163b012f68c583819f0a39,1,credit_card,1,24.73
6bf6d79b7a1a551ef6621a52c435ed1e,1,credit_card,3,188.94
a731b7db34fa6e6897216789ec1543bd,1,credit_card,3,204.07
15faad2f4dd5cdf1bceb9b8fac8f137a,1,credit_card,1,202.16
02b7cbd604df10c09427902dc682b0d3,1,boleto,1,48.08
989788f1c17a087572e29eb4fc130983,1,credit_card,10,103.11
2e024656807ffab9d81af39abd9f18b8,1,credit_card,2,113.60
93c781a8790c89bac596f6ff7d924c73,1,credit_card,4,93.28
3053d9278ac444ba8fa2ab0d7a4f6547,1,credit_card,1,78.91
85daf7307b6fe2f3ed3cb569633b9f9a,1,credit_card,1,232.09
35298b52820bdcc64b7bf71ccc28a36c,1,voucher,1,82.67
89fe5e16d119e60870f0e2040c548094,1,boleto,1,36.38
7c405ba2f3b8dd2c78b2bc4b002def54,1,boleto,1,62.46
a233eaf2bd44e053226cc032f87a69ed,1,boleto,1,109.82
42b0798ccc52aa08aab4693a33960eae,1,credit_card,8,218.21
9221e4a9fb1a45521d3cce76aa1258c9,1,credit_card,2,29.77
ee16c51f125b7df3e418ad66a3a95434,1,boleto,1,58.27
7af99279a8af75b4b281a28927b84b81,1,credit_card,1,3.39
ec6fe04836bc8811fedf31b14bd8b549,1,credit_card,2,147.84
7efd95780798d3826acbaafd16953320,1,credit_card,10,247.85
a748e3090451d03a5224b1f9b0b5054d,1,credit_card,1,147.06
375e959b0c2a17fef2be1bdaa03fa1b6,1,credit_card,1,44.50
4dfe2ddcd2de2e45fd88e8c6bae55901,1,credit_card,3,111.62
8e9168f5b8cbf3a8e5d2f6767cefa724,1,credit_card,5,111.84
c10c68068674aaf6ca04ad0387969333,1,credit_card,4,48.10
9b6c23f7e50fe64b97022b8c0d3602a6,1,credit_card,3,63.54
fa3b5273908399cce287019297580550,1,credit_card,8,247.83
d41944802ef44ca7d0cea1284fd0a605,1,credit_card,9,96.22
d288e92a6be123f2e77f34fafd902464,1,credit_card,1,141.35
5fec03fce725fff481779aff4be805d8,1,credit_card,1,226.31
2a358c47c330a979b1be5fa20e6dc96e,1,credit_card,1,183.53
8760a79c661c65e8e42365e7a4c24d9b,1,boleto,1,195.12
86c94a0d5411b58234ceb4ddda0ee6c1,1,boleto,1,173.67
58e27f23b4e77996bbcfc79b51373c76,1,credit_card,1,88.64
8716d097800b4155b24097b15ff45fe3,1,credit_card,2,126.21
73a516c7297dcd6a809778fd0cb8bdd4,1,voucher,1,193.46
152a293b457051eb0d7673c27bba44c7,1,credit_card,1,44.09
893d10bf292ce2aca52ba56c1d741764,1,credit_card,1,254.24
0f503b220e9d1fd78562e41a427a0c6a,1,credit_card,10,480.40
c1298dde22013d58424f39ec4397f54d,1,boleto,1,107.78
82f80de0171e33975afd163727d03070,1,boleto,1,351.54
32d7800197408f1dc16884bf75997754,1,credit_card,1,35.68
c191b759eb232bdd68e1ba7030f58a56,1,boleto,1,87.80
dab8a6c6bd6ec448df5b3a6b6cb887bc,1,boleto,1,121.90
51fb61776ef5371653e8b4e1c99d1c12,1,credit_card,3,31.96
7d5c1320ac55581cd5de4d8f83c99731,1,boleto,1,166.59
10bc94fc052750e8053c44b8a0cdab8d,1,credit_card,7,372.75
fcc8173153ab317f1827da42e62661f6,1,credit_card,3,81.50
0fb2036805020445edceb236ebe847c8,1,credit_card,2,26.77
5bab7c4dc62f5bae4f349ceb09639444,1,credit_card,3,167.05
0f6fb6d733b3a9e800c8aa92abf81584,1,credit_card,1,138.48
cf56d3d1b65accb1412da2abc22ff4f7,1,credit_card,1,28.62
6a5c924707872ba699631777212bc781,1,credit_card,8,85.15
d736797e446b9c7bc072d55b49748180,1,credit_card,1,92.50
6374351beffca74fbbeb17865a05d86b,1,credit_card,2,58.28
84cee5c1b66cfc2dcb7c7834e7169246,1,boleto,1,202.12
4bf27cd715a4b7ccb0ea582b5b5fd639,1,credit_card,8,80.65
69bf2d63fa24ceda9a9045233d315833,1,credit_card,6,126.89
8ee667e6f4ac4034b939b09c26f1ce2e,1,credit_card,2,87.15
c2412fc369f785dbaebb28b731f92bdc,1,credit_card,1,37.53
8e5148bee82a7e42c5f9ba76161dc51a,1,credit_card,1,0.67
a1a43def14457b1136b6fb625b7553aa,1,credit_card,1,24.02
3585d13e3147a56c82596757cff8c66c,1,credit_card,1,56.39
4aa035e4e8e12fb1a3b3127f1c561760,1,credit_card,3,32.29
a45fc977eae1ef0ed4504f346d31a0fb,1,credit_card,3,34.78
d53539c07b0e0bb28c0468574526dc88,1,credit_card,3,62.62
88d8024d811be666f66e7199e27a830b,1,credit_card,4,48.81
5f6d7bc44eb2d1588b7cb6ac202d63a0,1,credit_card,2,113.76
8da267ea6fadbb945e33ffb911885e23,1,credit_card,10,1963.14
9f9337d4e1debd68a43a89ee594a732c,1,credit_card,1,32.72
a622a08f7c22608bf1f2c546a830de74,1,credit_card,1,105.28
a009d7c1bdc1d3695519bee1519a07b9,1,credit_card,10,296.96
79d3522a0854c853a4979ff2691abd91,1,credit_card,10,3048.27
a96cff07025408618e8a121b1ba3273a,1,boleto,1,32.99
94b35c859940ae8a53643992ee1ae7a0,1,boleto,1,86.15
8623ddd82259f932337ad9f727cd25b5,1,credit_card,1,61.42
d5f1b4c2e52be04dafb9cdacb1b86921,1,boleto,1,89.75
55d741cba8bfa4db04ec4af34a99cbfe,1,credit_card,2,186.87
9a4ae4d5c3a3dabdf42e5d7ec4203ed2,1,credit_card,10,197.91
8c9479e56a7609daf0260e1ed2a1d674,1,credit_card,1,115.35
9bb20141c47cf5f8919640d4c91f1b31,1,credit_card,4,43.62
816ccd9d21435796e8ffa9802b2a782f,1,credit_card,1,5.65
2cdc4c50ebeabd8fd87582544e8e46a6,1,credit_card,1,74.01
57c8b21903ac8ad8de52488bbb4ada7b,1,credit_card,1,117.85
b47e5f219beebf1ec0bea2ea907f6e64,1,boleto,1,205.54
3b1367c314dd3ee56c7f68621977d142,1,boleto,1,199.04
e31fbb2860d15276b1e38f43e9423924,1,boleto,1,483.51
fdbd1f170a073a2252d7e8154089ae34,1,credit_card,10,219.63
9b883472f4826d7c694d8c52038a8c67,1,credit_card,3,192.69
e44883a879c6f6572bba41ae8ed98e93,1,boleto,1,72.76
7d613c8e230ae48ff60df85bdbc794ab,1,credit_card,2,198.73
bd1fa6cec6b4313ecd85584380d1804e,1,credit_card,5,128.66
ed510933339bd7b6d8e16d6c83026998,1,credit_card,2,86.02
1ca9b19a39f0b18a4a1470eba6eb5cda,1,credit_card,4,81.00
605b496ab2cd71fe8105952dafc16227,1,credit_card,1,59.86
89d3b46e266c588a70dcac017b613004,1,credit_card,3,41.84
a3cbfbf2c6364b1c16f1c0ce8f6fd306,1,boleto,1,83.93
469872bf23abc5c0ce6db24fd6fec382,1,credit_card,2,99.90
f7286cad79bffb23e77a11e113977387,1,credit_card,2,72.42
0afa4eb653f04cb1809253eb3b1f9768,1,credit_card,3,335.46
b4c317bb5f8fb237f37171f190e8d332,1,credit_card,4,104.72
eca1c60d914e6b6b936a63727aaffe7f,1,credit_card,4,213.11
b579612f258cd7fd3094cef8207e6f07,2,voucher,1,50.00
43f32fa8b0b6eaf74033bdb392a481a7,1,boleto,1,186.47
9a3956da42c0f49603a35e901b6e1fab,1,boleto,1,31.66
0b020adf769218b4661b301ce96c0ca3,1,voucher,1,29.34
505b77e04872f9f03ae71d4f75f43af4,1,credit_card,1,47.43
80cc641291fcdf79b31212ddd7b175c9,1,credit_card,4,244.72
d57dc0719a809a0b1f533d4b150fea47,1,credit_card,1,109.75
30a461491fa262d5d6321e3194bbb452,1,credit_card,1,63.83
8bdf9c1234f103cd24f42bbe538bcfeb,1,credit_card,6,78.42
fa30ef180f70971c1a3e9d88ceb38a33,1,credit_card,2,147.45
75674608f3fd582a5d47385912f8aaf2,1,credit_card,3,136.95
5c6a84ff68eff6e372bf9529b864e4aa,1,credit_card,4,150.52
be70f7847d04a2b2a559b992e92e21d8,1,boleto,1,177.49
eca4633566cacdae57271f51ebe79131,1,credit_card,4,352.98
03f9705f9135ccb809e74e902f19b2e8,1,credit_card,1,30.29
2ec2bf93089bad17f6951b34c3763928,1,credit_card,3,232.73
2ede41080a5404febc04debe6b371426,1,credit_card,5,58.92
047d7bce997c4e73c6efe724711fd3b8,1,boleto,1,58.62
355c14cca8fef764ee4faa28db69342f,1,credit_card,6,66.42
9fa2472c84bf1f97b21ebb5f6bc39b23,1,credit_card,1,215.48
d3338a2d613211c38ed44d8e63bce9a6,1,boleto,1,233.67
1de3194cbc4750380afd0b30efc6b18b,1,credit_card,3,73.06
6181e544115300a8f280b66fb5867454,1,credit_card,5,56.49
e6f96e33b5d31862c79ab7b0eea58d25,1,credit_card,3,124.80
1d550821ddf4dbf2ec30545f33108874,1,credit_card,4,124.60
38a467d0cbbbd3f0a4d3d61f79615b9e,1,credit_card,3,352.98
e6bb409c7115979984f53a191daf6a1d,1,credit_card,1,41.99
bca42f7a909e7ef1946eee14699f6e87,1,credit_card,3,77.11
8784e1595ac9dd7e7f4ebaa6bc6d79ed,1,credit_card,6,63.61
81432ca9258f8686f124fb774cefa7c3,1,credit_card,3,188.22
7fa8a261aff75638a6a7fae15425728a,1,credit_card,1,47.69
699105d95440b6f63141676223db5d05,1,credit_card,2,156.32
8cfbb8cf89ae7debae363e130964dfcd,1,credit_card,4,122.62
b7dc8c5296b448a5ccebf0c992c09f86,1,credit_card,2,167.80
cd3558a10d854487b4f907e9b326a4fc,1,voucher,1,71.80
6c93ca822cc626b24dfbda211ce26e53,1,credit_card,10,118.89
a8f2b9f64cddf499563efdb804537781,1,credit_card,2,163.08
98b0796c2b195347f4f85906a2b6c373,1,boleto,1,91.55
f458559864ac9afab802d3a109c430b7,1,credit_card,4,96.12
81fd075e4c7bbc4370a3467b89d28cdf,1,credit_card,1,49.91
cdd37a2cbee3ccf5fb245f4e19971f31,1,voucher,1,28.09
3b714b1a7fdd3fa6787c2e5ecce9977a,1,credit_card,6,68.25
d47efef4161e33638c14122a723fd9fb,1,boleto,1,134.39
15e2d9eb38b0fecf6c2bb792d11bfb93,1,boleto,1,80.67
f86df9fa4000285e8ba647d4c6df5b7c,1,credit_card,3,114.18
6e293c815e8f107882d9a0671546697f,1,credit_card,5,248.57
e5ef5de6da3c56ad874373fb7c10c53c,1,credit_card,1,24.72
2e76a5ef63f6a5a14ad1de12b201dbd2,1,debit_card,1,79.61
f81f3d776ffdcb6331fbc140d5a1f2bc,1,credit_card,3,75.17
b094b88a36a6a907eb40730b9382cbb8,1,credit_card,1,48.29
36f3a1a2733d64350c4532c5cd77bdc8,1,credit_card,1,82.90
fa8161b19b784110a75dfd84c5c63b1a,1,credit_card,10,311.17
a8ab4d61b3fd92a9aa110f5940434d1e,1,credit_card,7,373.10
48bce5f7df05ac43bea16f77546ef22c,1,boleto,1,142.34
b88cd65e1d90bf6e185bf9b6f0b614cd,1,credit_card,4,40.86
0646e0e4885dd8c69dddd6b2742b3b1b,1,credit_card,6,571.42
fd965a5e6e0a6b5d4e631551ecd45b9c,1,credit_card,1,109.75
f813aba63e668c603b5e723e0f8f7bad,1,boleto,1,57.51
871785b214cc8a90e501c4a4200f25e4,1,credit_card,3,62.78
92578ad781aea777f9022bdb6319e4f3,1,credit_card,2,89.47
efe5d91d523dcb8acc12b56d74523979,1,credit_card,2,87.62
eb54651b02b959e50ba4adaabeedfe80,1,credit_card,4,400.80
2cbcb371aee438c59b722a21d83597e0,2,voucher,1,7.80
283182f68c047a2b61aee07baeb819f0,1,credit_card,1,96.10
00018f77f2f0320c557190d7a144bdd3,1,credit_card,3,259.83
09db1ec04535cf2bba4a73954a252e41,1,credit_card,3,334.98
fd13060be6469ec5e5986eeb10930d90,1,credit_card,1,95.99
0bd044f3b358bb88951e3ea66eadcc70,2,voucher,1,50.00
e5acfcde950aab469e4885712a1cb69f,1,boleto,1,71.38
7a4fa3c26b5a8846a34da9564571212c,1,boleto,1,273.48
57958dd5540bb9761f0e10453515650f,1,credit_card,2,88.95
cf9d149b8f8e534901d64f8b10320133,1,voucher,1,25.28
28262d9fd1a7ceff1089bc357b873b91,1,credit_card,2,72.77
061b74bca735bb2c1953e40bc098101d,1,credit_card,3,98.88
05ce664903d14969bd94d9633ffd8f14,1,credit_card,1,89.88
d77f1a81387ccc7a918fed8c5fc8815c,1,credit_card,1,61.75
0afcd5d6405dd1fbe9554f4ffa99d2b8,1,credit_card,4,202.76
9a5052c5b35166324a4fb52e3ccd37d3,1,credit_card,3,257.61
632e726a9f9d86fa53c5337dde0b50a1,1,credit_card,2,52.04
8d2484db47799c849ab089ebaa4909c8,1,boleto,1,50.68
c70fef01838263b8faae59464fd721a3,1,credit_card,8,367.20
c8c07db73aea73f15237a4eb11867551,1,boleto,1,298.22
34196d9c6207a12879fa5ac8b3585a20,1,credit_card,3,30.82
5b7078954da6923760467cf39ac91bc0,1,credit_card,1,46.00
0e5f3862d95c44aabc9b2a0f703f9f75,2,voucher,1,50.00
6f6d300a348d527dbd7f0ae9cb12aa86,1,boleto,1,111.80
2ae87534d2afc8b5a768988977c8d582,1,credit_card,3,218.49
fb4de3600d359f84927517e78ff9ba54,1,voucher,1,0.01
df08d513a0f8e2fd9822effae92d84ca,1,credit_card,3,225.12
18479ed06f428cd8d50702b4decdae1b,1,boleto,1,149.89
3f35c6738385d5ce2e765fc1743efe80,1,boleto,1,66.17
ecc72b676b14179b5bd30e446043c1d2,1,credit_card,4,46.85
f5e893bf1ab1969476ddb21ae35369df,1,credit_card,2,286.64
1ab8b3bd6a4d22497ce5164c01bc0e2c,1,boleto,1,63.95
d4546a6eca6dd37e19a290e4b362fe6a,1,boleto,1,208.07
c6b9d9f3b3e711c1cceadb55a9e02db9,1,credit_card,6,134.36
740ae797f7cf4c60ba34060981cf6491,1,credit_card,6,67.10
4d7e10ed70b8c2358e94850352bb490b,1,boleto,1,77.57
d4ceda456a12b48a1f8a592aa2070b30,1,credit_card,5,80.88
5c424723e6c31ecf7f61cf7b048c11d5,1,credit_card,3,192.47
eb0fec00c8cee7edcc91a031d939ac1a,1,voucher,1,29.86
b31ee0faeb3ac3b93e33f3733e8014d0,1,credit_card,3,38.68
160359b793fcaa5f17e5a5f20c491a75,1,boleto,1,104.37
0d2d1445891e7aba669fa2069d695601,1,boleto,1,51.75
bc77707b484afdc5bc5fedbdac867746,1,credit_card,2,103.92
d8f309041b7d515605c0d4fd15b12db6,1,credit_card,1,25.89
48e715c549b6c9eb4ac2c75f6df8b01e,1,credit_card,3,220.86
29b179123b9eda65690278842d2c364b,1,credit_card,3,68.52
137d0174b6161980026a858b907762fc,1,boleto,1,42.27
bb39cd2f2f58e93ae10568be5cad1b58,1,credit_card,8,188.50
69bfec47c3230907ad9552f2f1e0c690,1,boleto,1,41.50
00cb9736c0b43d6c1e2fbb2b88e69f6a,1,credit_card,2,126.74
2e506fd7d44cb2a909964a9328d86e01,1,credit_card,10,223.14
849bc872dde848fe9c7f2748390f31c8,1,credit_card,2,133.76
046a69282c430c5d662cee78c019f95f,1,credit_card,4,342.03
0a62a2ee479a419db8aebf78129b2f5e,1,credit_card,2,131.61
8ff88873f03f1912c00741f8e5ae6c79,1,boleto,1,71.14
de8f4a82099fe4fa6bcb8952ca51420f,1,credit_card,6,64.83
31932da1b041c8391eb82c14213e73fb,1,credit_card,5,118.28
e8f1a30189522698bfce82adf60472e7,1,credit_card,2,52.77
dc608454ac1f85d42db31f7d558afff6,1,credit_card,4,389.12
363db2084f02a7975229da39cd0ca573,1,credit_card,1,58.16
b231ac7a6c9bf6113ddfd94e6fec8cd8,1,credit_card,1,123.92
1d46325dfd950feac6d805fe8a5bb44c,1,credit_card,7,162.70
0b6f494044b2d9b79bb80f785ce292b9,1,credit_card,4,98.34
70ee631a6eb795832e5318331fdf56d3,1,credit_card,10,762.40
dd2abc99a0eb03ae77d66e95f32baae0,1,credit_card,3,71.36
067cdcc9257641b7d0ed7a49a466dd8d,1,credit_card,2,108.87
eb951538a1e505560662159b6b4ef965,1,credit_card,5,738.53
49c2a0e5dbc011d92ab9d19035684fb5,1,credit_card,6,101.74
5c21b2e93c438ce5e3f2c7ee2776922e,1,credit_card,8,208.63
77ac59c6eca2cfec705ad0c804c6b092,1,boleto,1,36.72
7021b6631e7eeee66d0c205798c9a8b0,1,credit_card,3,36.59
498081e5523106ea57b698fb881fb1c8,1,credit_card,1,107.07
cf50fec98e2167d836c09c0ed57ba841,1,credit_card,2,22.33
35444785eacb17aeda6810ebd8dd188e,1,voucher,1,67.96
9c5bc3c2933ce8e4660ec888ffb28748,1,boleto,1,159.03
257b6d1def081b82c8b6a90d527728b9,1,credit_card,1,59.33
fcc92ad75bbb8728d4d4488325ffc907,1,credit_card,10,297.95
d6a416d3c459a6ac5053a585757bf8a3,1,boleto,1,67.32
29cb59b155735e49bf9d85d37f7ecd79,1,credit_card,2,77.75
b9fa782d4918580e25b6e3b516a55710,3,voucher,1,14.26
bc69b5e9887af14f06d598b85ab607df,1,credit_card,5,71.04
19bf277fd1836e749b4c150b1d2ebea2,1,credit_card,9,99.24
df53ed4b08a845497e1f9aafa11fb2a4,1,credit_card,1,51.10
a1941edfbb473a7e0a9f1e7abbb773fd,1,credit_card,2,37.90
bba25df31ab586c63517d9d4c8cd1773,1,credit_card,5,253.88
ce8157b7dce9a36c6ab802ad73f494e4,1,boleto,1,84.44
c15b82455a9be9d71574cfcd42598624,1,credit_card,6,106.50
3f1dd297747aab080b039b92ef7809a7,1,debit_card,1,81.43
b756c448e0699de0783e5e0164f553ba,1,credit_card,1,68.43
3b61aab5de69abc1731138bd104a777f,1,debit_card,1,1024.76
9ef921f5c09cf02012029e4660e4ddce,1,credit_card,8,148.15
0cee13b4c26d8a1508693a49a3859285,1,credit_card,5,269.28
c6a76def310a4f508d6b11884e8a01f5,1,boleto,1,98.35
7fa1bc2ecbe5c7adc22222afa8e30520,1,credit_card,3,219.54
35259d97f9642ac14994076aee098f39,1,boleto,1,212.22
5a80679a6e63e622b23f79decee7187d,1,boleto,1,114.23
741a4b710c55ef9e32632a7fbdf1078c,1,boleto,1,116.94
de806f0367f37cd3f1861282b7bfcff5,1,credit_card,7,157.13
5529ec8272cda325d9f9300e9bb09d5d,1,credit_card,4,223.32
5077287aeb4c2ee7662411de334235ab,1,credit_card,6,319.25
fbcb9c1c272d20d294b3d5cc25ccc417,1,boleto,1,67.93
e02da1929daa15fa492dc605bdad4896,1,debit_card,1,105.81
eaedef13bb9ae559e6db67c604793fed,1,credit_card,8,189.97
bbed43d93838be47e3a0b194063660e2,1,credit_card,8,83.06
0494f6deee34c3bcc09e66f364b0e5a4,1,credit_card,5,64.22
64ba2e3d931d38f4eb1c1d3fd51ced8d,1,boleto,1,255.33
a8f7a1d76c02dc4a7c5177aee8c2b02c,1,credit_card,10,236.90
8141520643442c50aa531801cbc79e46,1,credit_card,8,147.90
cafe15573de0adda53dee071a1aa450f,1,credit_card,2,110.00
a24474d0a4ebace563a0695a14b5bb0a,1,credit_card,1,231.62
870aa2bc7aa8da08f2c330db4a88c509,1,credit_card,2,29.85
7d82352218a3ff20e045b8e5062dc39c,1,credit_card,1,89.61
87a99c9be1a72ccd14a90ce72e2544c3,1,credit_card,2,116.75
8e71c86d2b713a3391b21218049434f6,1,credit_card,2,127.88
2cd690a78448d2d942353c66dd6f6064,1,credit_card,1,26.07
969a2e70a6aea318567b09b1b165a52a,1,credit_card,2,188.89
8a1f37725eebf19474556726f014f72d,1,credit_card,1,31.74
ea71f65fd226b76978bc09166ce655cf,1,credit_card,1,55.10
a4635c4b193e740cc720feeb43e075ef,1,credit_card,10,100.18
60774e7210a075fb221731434321e048,1,credit_card,2,148.69
55f2090bf41dca177f3eff3f76eab561,1,credit_card,10,196.14
38c4ae942b818085578157aabd4abf9e,1,credit_card,2,183.65
b4af9113418b5d23955be04b49dc6f96,1,credit_card,1,75.66
4477f0fa7855f6d43e17f4b8e6612898,1,credit_card,8,105.28
7410535fe6a922518e4f862208c066bf,2,voucher,1,14.18
1b0bc119ea5ac37e73e2275afc7904ee,1,credit_card,12,1543.25
0281b24682fddf0c7efcaa299b066827,1,credit_card,1,91.99
bc3471af826ef5a2d49ddea3b33634b9,1,credit_card,2,317.80
11156cbbd16c21d0f876588915098a28,1,credit_card,3,296.10
173c3636f03f699cb30e222a549969e1,1,credit_card,2,73.34
e051052721cb64f972da9bf551be79e4,1,credit_card,1,223.44
394dd790418f78501396d1a2912d74ff,1,boleto,1,77.78
97a33ff36dc6cc655389de50726ee49a,1,boleto,1,158.70
338b0cffa439f5e95d42cd30d7ace847,1,boleto,1,190.40
b4a53c840c47fa892902f68fd00c71cc,1,credit_card,10,301.67
253bf86c38be4d6ffa40eb641a356d69,2,credit_card,3,31.68
b5fee65bd894e490f09a8b389cce552e,1,credit_card,10,160.50
77bc193fd7a345307735df45566126a6,1,credit_card,1,36.11
d57c982355905f7bf6cd8aad41ccc658,1,credit_card,10,144.47
3991f987ebb5686ac2cd5fb69d16d9c4,1,credit_card,5,227.75
4c3e9e2bce3a3234a9255f390683e3af,1,credit_card,3,313.20
8b1386c62489fa3207c75cddb43f7e5d,4,voucher,1,0.39
7a281ea07cea9f99a15e8f67d6e982bd,1,credit_card,8,236.36
b144a6fef45d3b18724be5d033e8d500,1,credit_card,6,485.30
3f8dc90a470531b954d9b654e20c58af,1,credit_card,2,98.00
82448518c158621499c410430165ac1d,1,credit_card,9,408.82
62076e9aa47cedb799ddc84812264c9e,1,credit_card,8,87.44
a9afb8f30ea1c72dd798b8eeaefcdff5,1,credit_card,6,137.37
0e3e9e19e36c877fbd3decb94152e837,1,boleto,1,652.92
c3bc950aed66e7b8176ffb5223639f03,1,credit_card,2,59.13
c294004ec80f803b7835e397c4857e0e,1,credit_card,10,166.29
0b517c01a5b46fd3e16b389ea6f4ad3a,1,credit_card,1,22.56
5a94aa7bad40a2f6303210a8770843f6,1,boleto,1,23.68
2650915aaf92c36da9a8f87debb7bb59,1,credit_card,10,150.30
98cc17e56c367cbbe628aca0bbf9f08e,1,credit_card,1,54.09
dbb0da1abcce904dc52dd60ae31d5c12,6,voucher,1,5.52
c95839b7dde4af387d35f35a382c512e,1,credit_card,3,37.72
e9cd104dfc8837e084c067292c013b0a,1,credit_card,4,47.71
64bf74354f2ce35678e99356584d3a2f,1,credit_card,1,31.01
6ca9c0a909bbc8eebf30f6c1fdd2c3af,1,credit_card,4,487.86
9dd764f96e7bebcba02aa61d0785c173,1,credit_card,10,776.39
3ca220335d57d2c3accc9bb4816d7035,1,credit_card,1,84.92
d5d3b4b504a59a416704978bb72fce3d,1,credit_card,1,32.33
9c781d427857ca8dee49b22614eb9e39,2,credit_card,3,742.51
862a507705acaf4976559515b7b78908,1,credit_card,1,38.93
8e69cb6bacc0ad1b8f16f6990e9375ac,1,credit_card,1,88.90
609fffa13438b14471bd24446e84bf3d,1,boleto,1,359.19
7b516384a257b86ecff5692da89c20e0,1,credit_card,1,62.91
c713f1fadf9be09f8f37e21eddce6a3f,1,debit_card,1,169.58
d2ce9688abb199cda1a106b293847827,1,credit_card,1,37.37
adcdccd191342caa54f60a1f3e6df547,1,credit_card,4,72.08
045eff272f42f0ae0191149686f193e1,1,credit_card,4,84.36
b43a98a6615a9a0319f5ec81a6e5d666,1,credit_card,1,67.50
28cdc94ad78d265b499b509df02643b7,1,credit_card,5,75.57
eabb26aeb1ce1147b26952c40f719f0f,1,credit_card,1,54.27
25ec17a7457f797d4a253f3f492d4686,1,boleto,1,26.89
677b75c94abaf28f434d9f1be4c12808,1,credit_card,1,68.48
894688f5124158773f73df86a3b83c6f,1,credit_card,3,109.02
a40660e306af15d3771b1b2e0a3a75db,1,credit_card,1,84.14
5f3cebe9eabcc0a419086cf3bf38d74e,1,credit_card,1,69.94
c4ee04fd6b5632ac5b0b3c6834a9f3cd,1,credit_card,1,35.42
c96fe38d1e1df0486acb7698fa71b3a6,1,boleto,1,75.58
53a1965cb8e1d6cf426ffd13a16ee225,1,boleto,1,195.02
a60d97427c94f3cf9e9c338ac3e9aa14,1,boleto,1,174.41
a06a669230c816de8d78362b370dd46a,1,credit_card,7,91.03
f64b1037e9e9b824414ca423e452b1d0,1,credit_card,1,5.33
b4280f952d27844984353301a4e5188f,1,debit_card,1,19.77
86c1886c8f8d1e3418ec90bbec17e67a,1,credit_card,3,756.83
0bbb3f7791a87d0307555e57da3a1ff1,7,voucher,1,14.92
a4a7cbfa5424f9c91c94e3483d80f99a,1,credit_card,6,163.69
1fef84eb15d7b166c3e3008a8dd48ef1,1,credit_card,3,162.41
2d834ec410b63544e1d9bc1461ecf175,1,credit_card,2,195.91
ac2a626df847783c310f77108af182ea,1,boleto,1,244.15
12e6f847bdf86df79a51931bbd0798b9,1,credit_card,1,73.16
18cdeae7a1be6702546e3d83e5186748,1,credit_card,3,117.53
f2a634fd6829278af09d901f172f769f,1,credit_card,1,131.17
0849ccbfff0e8fd7168be6a62ca74a0d,1,credit_card,4,99.90
ec6fa0fd3abb372973ffa4c792a2e936,1,credit_card,3,87.58
94153bbf95f273c5b6c342d2acc6d017,1,credit_card,3,61.05
db97652cf517d2cd03db63dec489ca62,2,voucher,1,10.26
6cf51ab464bdd9f7b282f5fe72391383,1,credit_card,1,64.17
ba42f2a26f17be290cfc14c6f8b4e625,1,credit_card,3,45.05
a8a6a00e8c77c47036c858cd31616c06,1,credit_card,1,43.10
55b6cfcdaae4a8dc9629850dc635995d,3,voucher,1,5.14
30eb48d11917481e5af28f68d39002e9,1,credit_card,3,161.83
3e83ca3523a68abaf07131a5ecab7319,1,credit_card,1,27.00
a96d3bc5d1e3315554ccd38f27ff5ef3,1,credit_card,10,658.29
595b8ad8e65f0fcde27e156318750e02,1,credit_card,4,233.22
f5b28abdd8945a967d21c597bfae65b0,1,credit_card,1,25.67
47e929f2fe6a069955baa43ff1545d64,1,boleto,1,82.98
1be51feefcd481bee3118900e6777057,3,voucher,1,8.77
0068468c453d28c8ef3fd089e50a5847,1,credit_card,3,489.85
d83d6b4b12a603ddadd9f182a3cf4608,1,credit_card,1,40.23
86278332ca8c82016ab4aa45191c71f4,1,credit_card,2,108.40
973f596fdd2295f00754dd37ab7eb684,1,credit_card,2,98.79
19546679faff011a366725587c0d944d,1,boleto,1,171.02
ead6e94505588441e5b1137582a2a1b1,1,credit_card,2,65.71
6b026a0a382ef161c512318a3b1edbe1,1,credit_card,1,67.78
d0842f390a190ab877648fb618b4dd56,1,credit_card,2,129.86
e760cfb29c60e22956a48ad4c4e6a639,1,boleto,1,31.84
03ceacbc3d61dcaeade2b6b1ccc5fcfa,1,credit_card,8,81.89
43df7d0ebdaa1d4df7b8f25e2fc50fd8,1,credit_card,5,228.59
7f4214f76d60bda5b31f6003e8efe6bc,1,credit_card,1,111.69
18956b40b774d6384c8539cd61784bd7,1,boleto,1,91.23
0bd94afa88fb4a4ad9657569c9cc9ed2,1,credit_card,1,38.24
bfea0767c18bf1f63b7f334b42309ecb,1,credit_card,1,547.98
f1e2b7376f89e974ba81956b133ef935,1,credit_card,7,160.00
fd4c3a2912e854eedd463b329540da4b,1,credit_card,1,1395.76
3ddc07d7669b7ee4d1741132ae14302c,1,credit_card,1,39.09
dad751910ee8793efe38a28bd04cf1d8,1,boleto,1,86.04
1093c8304c7a003280dd34598194913d,1,credit_card,3,36.01
72720cd963d6632b6d378ca9baca8963,1,credit_card,10,204.96
36fab5ed597c9dca017dfa0711e84687,1,credit_card,3,80.92
e4b40fda48f1528f2b88921fa069b2ac,1,credit_card,4,135.54
a0123fbd74e1c68d8f3f46d14a07de6a,1,credit_card,8,301.35
c3fd670b03599718895218d479f660b6,1,boleto,1,921.04
b067f7c5967819ff5e1cff8bd3814a6d,1,boleto,1,154.28
27dfe580597e36bfdb283184aa96a201,1,boleto,1,116.94
394ff86ee81814bb5f88c7e8ad2812b3,2,voucher,1,20.00
adf684f287283640cb375a2e8ada8c82,1,credit_card,4,294.42
f40828a647f246819e9db956f9b87a26,1,credit_card,6,130.30
6e9b4255caf63ea821955da352e67498,1,credit_card,1,7.54
6c47b95ad53fe1aae994040c6de9ed16,1,credit_card,9,476.99
2e386e86851d57f3a4f9b2bde748df42,1,credit_card,1,33.75
64e5cb1dfa641be49d6baa62b8f41b9c,1,credit_card,4,272.87
beb0c6412a4fab0bc73cbebe972365b2,1,credit_card,3,169.87
f626e77f9c9ecc457412d1dbb20dd314,1,credit_card,3,118.67
cef32f42c7dcdc8bcf919ba74f04da78,1,credit_card,2,51.69
b958654614e94b4600cb336391326045,1,credit_card,4,45.09
bda0a601b915e77d4f2d40c927fdc931,1,credit_card,1,76.88
59e88b7d3675e89aceaf86f372d3bc9a,1,boleto,1,92.02
7889e9a569a5488a0c9d93381a13d5ba,1,credit_card,8,196.41
abbf6b153da3839e0c12cb1e78c1569a,1,credit_card,3,79.56
471a20066d4855e0de2359824437be13,1,boleto,1,97.65
e18b80a24c2ceaf4de431f7a9b042f10,1,credit_card,2,103.55
2d296a65254039cec32b6f47fa89b269,1,credit_card,5,85.74
b74fdd0e8b23aa49b5d32de02043bf69,1,boleto,1,136.23
5ceb3e4ee314981936b94070f2bf8270,1,credit_card,1,109.59
cb12d32a82abfd6f2d13581b3c8e3e80,1,credit_card,4,97.35
a8517ad7dc98471e355ea5c971d3a6d0,1,credit_card,10,129.48
fc0e7c52306f65220d5eca076e70c610,1,boleto,1,78.26
18af086e1527bd81145db05cf74a0188,1,credit_card,4,40.86
de65887c84d470bbd06abf600e7c7a62,1,credit_card,4,111.21
3ef5b9f1e389f2dcd9e2694ab91620e7,1,credit_card,5,247.62
5a6da3ba0d659abdabc4359be7697099,1,credit_card,1,28.86
34efa0681bf639559e9739d0b5a703a7,1,boleto,1,41.05
e573bcbd71e063eb151e44500cd89360,1,credit_card,1,61.20
6c825e27cef5e047f570be83dd1feaba,1,credit_card,1,55.96
baa6a79da6b02b2a756bafd22ca73636,1,credit_card,3,66.78
9b573950822247289cc283b3e30f19d8,1,credit_card,2,37.09
ba75b8044f56f7a37a05faab18d7ed45,1,credit_card,6,1322.69
88986b613097da641340bc366a2d91d4,2,voucher,1,18.06
395286e0dd44e422c5f292567f0f694c,1,boleto,1,187.76
e9469e5fcdd939ebabbcd92bd8e8cb39,1,credit_card,3,50.23
dc1d41f0e6212d99f654cf8177510110,1,voucher,1,36.05
c46a116ac9c84425011f5e56acb66c85,1,credit_card,1,106.21
23a9867e2ef4c3cd636e7e275edb0252,1,credit_card,10,351.33
8b1a95230c9ecbd01c91b80ba1f99a32,1,credit_card,1,109.47
b10350ed7f626af6db79354ad0e056c1,1,credit_card,2,156.56
fffcd46ef2263f404302a634eb57f7eb,1,boleto,1,386.53
22fe036a63b56dfae665a7e584138f37,1,credit_card,10,292.47
865a538da589ac50d21a0fb922afabdc,1,credit_card,1,107.47
e9385a6ce895738e4ea275adb91aa955,1,credit_card,1,27.79
cdfc8d98469b5469527223fa4d487882,1,credit_card,1,2.40
6ca34a7e19802d00261e550467a965c8,1,voucher,1,92.57
0affd51e37e6621004e4fe4fd7c64f4b,1,debit_card,1,1353.28
6ce881977271c8a9ee70289bea9f843e,1,credit_card,2,144.01
aea58826ab6af5bcec0ed22041b7dcfe,1,credit_card,2,105.08
7b4cc813e327ec14c78f547a763f46b8,1,credit_card,3,399.35
a062c240bb299fa3f0ce55cf05ec8390,1,credit_card,5,77.51
d453150b728f3361801ca4a588bf9a86,1,credit_card,1,333.79
decda04552d09fe71067557257928aaa,1,credit_card,3,143.83
13f48b228960c77c8ebeef615e898f32,1,credit_card,1,30.22
ffa4b16322a614306db6981043a52056,1,boleto,1,84.57
ac5de1927e41e3b34bc42017cd09a639,1,credit_card,2,142.20
93a686fc1054246c9ea31196b531abd7,1,credit_card,1,75.08
07e74b39ce62a7c6f7063b3168748191,1,voucher,1,136.64
500e119c1ffc702e84371d25d5b29f96,1,credit_card,5,106.87
bc22d1005019c231fda1873c3fc71fc8,1,credit_card,6,1007.98
bd7f8a8a67a2c07406735945fc28b4c7,1,credit_card,3,32.43
adb0286228ad54df30059afbf42243ac,1,boleto,1,96.20
0380d4bc2621c9c80b674b729d4c6c02,1,credit_card,7,77.78
79057e5ff7b1867d1bad7094113196aa,1,credit_card,2,260.99
346c7fbe1745d3fc2a5012e93d121652,1,boleto,1,169.32
e303201d86cda5183986a56d5ae1b084,1,boleto,1,24.86
6988f822e1f28e1b302229e4cf454bf9,1,credit_card,1,94.64
ae92c15a8c95d6f23e9fa43b0f3c0c43,1,boleto,1,96.80
9a92634d7c186b507d82bd00823929a2,1,voucher,1,67.29
9dc73926d7aef761a7bfcfc395d735db,1,credit_card,2,198.44
dc03cc1a4d22f8b8685cf1ddada1b85e,1,credit_card,4,47.29
c1c7631c24af4189464f9bc75189fb55,1,credit_card,1,76.06
55369224caa140402df3d45387f08c41,1,credit_card,1,146.96
29182856a24c6eeb1d7b81ba1fe63190,6,voucher,1,6.55
e0e2dd62e7153d8f3f03e62b4b476392,1,credit_card,10,1097.17
47c001ba3d3d57aa11d52c45995d9e11,1,credit_card,2,73.15
14d35062b86c2e1f69376af68e9e2a1e,1,boleto,1,107.78
eba18dfa91e31cf748f9f52b779f9ae8,1,credit_card,1,31.77
14755aa40518fc8bb089f3f11af8cbbb,1,boleto,1,70.15
d62cc2763a30054a5d55992b3c88d3d4,1,credit_card,6,183.73
5c69ba235cf7367ca4d4c38d8492ffc3,1,credit_card,1,24.68
385419e97be72d63a6bf3c005c838df2,1,credit_card,1,21.77
f2bb3a124d84782133f5aadabe42adca,1,credit_card,5,119.48
cf9fc0dda8554193b41e69f30fb570c9,1,credit_card,3,45.53
1486d33f863a8330379a999cb8c1ec36,1,credit_card,3,192.95
54220fcc516cabe9ec84b210c0765ef2,3,voucher,1,11.41
ed130f481df6a3d6729bee8371261e93,2,voucher,1,171.84
a60a240af8f52dfc1ca0fc4c20e0d0c4,1,credit_card,1,54.07
07261a56ea5f8537a7bc47d5155d2f40,1,boleto,1,75.11
0fadbc4e1debdc934ab72ff157d8be79,1,credit_card,4,97.80
6e35ff13275ac852d4ba9a446ae8cf1b,1,credit_card,7,76.78
1e721ce42c736da389dc1e266e969acd,1,credit_card,10,100.82
32569fba210ee051f2c62dff9d4344ed,2,voucher,1,79.90
874c1e6189681d0a986279d2055bdceb,1,credit_card,3,46.00
a3c0d5a734ba53e42a0ec23ff32b2e99,1,credit_card,8,178.90
62c3b8aeb068482a78dd4c95bbf5fc26,1,credit_card,8,603.56
42c37b18445759836227d8f05e252d10,1,credit_card,1,34.00
ea95ceffc1f14090fa639afd7f1b0206,1,credit_card,8,418.49
5c7ec55f4ff082a66c4ed58a2634af16,1,boleto,1,42.33
28cbc68ed62d4454655aa41bb0941aaa,1,credit_card,4,163.25
2f6c001bbacba3575b0852b17b0c3dd1,1,credit_card,10,379.67
57c432fd96e9d52639f048eb1b2a5b10,1,boleto,1,176.83
6bfb5b857e326522e7ad3d163ebeca12,1,credit_card,10,218.27
c465c2b9e4a0112eb7f91383d2386390,1,boleto,1,63.27
0f26ca22e6ca8daaeba3f8b5c03f2769,1,credit_card,1,36.69
b9ce6b3fb6996bc5690ee196a0c80888,1,voucher,1,179.44
0b35523db4e1c1ee70badc36fc9a4dba,1,credit_card,3,156.68
b5354d8d292a97bc23838762d5c4bcc6,1,credit_card,2,160.89
2b5781efb507c8378a255ae14c8661fd,1,credit_card,1,36.95
522edeff08426375a7001e01034c289b,1,credit_card,1,116.24
c3df9abd148ceaa39d9911b77b041810,1,boleto,1,15.75
7c638ebd9a22fdf7ccaea280a3aa351a,1,credit_card,10,135.08
b1a4848ea79dd95fd703aa8eebcfdf28,1,credit_card,4,76.89
9e0c7da69212a91ad90bc37ab91a6c68,1,credit_card,2,173.27
92cac19c19596022d13902b2908896ac,1,credit_card,1,75.17
00061f2a7bc09da83e415a52dc8a4af1,1,credit_card,3,68.87
82a9e8fe2ac3a3bba14bf07d4c56813a,1,boleto,1,328.60
068d0d74dbf3b124a2b65bb2aad2387a,1,boleto,1,171.44
cdaf4ca1fc6d2b2304d8224ea767038e,1,credit_card,10,126.90
e6af218ec05996c969d34aa4e2dca436,1,credit_card,10,670.20
e64219e0a4f33d57e6dbb217dfa73564,1,credit_card,4,46.84
321ccf646a619a8fc722779075ecc6aa,1,credit_card,2,57.09
676157c2d1075c88ea0009f8d7d2d389,1,credit_card,6,76.60
06ab29b4849c4417bdac17b1e8a6e482,1,credit_card,1,109.79
a52c52c656d3b3ef3ec72fcdc13c714f,1,debit_card,1,69.90
ed0094f95927e35ebb97a275ed02d046,5,voucher,1,13.97
64436f4f8512c1b4391df3458e082b94,1,boleto,1,63.63
ac29dc202ed3414563f9093e2dad9ec3,1,credit_card,4,134.98
afb622d96607d2d13ff0a4e8ae16486f,1,credit_card,1,43.72
0357e50e9686e55b75e6873a97993075,1,boleto,1,63.51
5df3ca6f9f8ff2d461a774ae097f9809,1,credit_card,1,62.78
969fa6c8bd06032423ea3e4d69d12206,1,boleto,1,69.03
5261141ee2f17f6a0dcb5f7aab6acaec,1,boleto,1,133.46
22bf3dde4d90667a74118fad0041bfd5,1,credit_card,1,64.42
c01b52b26b2be81e5712a958631d858e,1,credit_card,1,77.12
b91a3ffa761815f3bef95a126159d0b8,1,credit_card,1,135.76
49f0bd432488ec2cc7a18c0c786b743f,1,credit_card,3,33.72
524b32821380cdcaa2b6d3110eebcd7e,5,voucher,1,9.11
a3a97bc6e236d5351537c8f466c34dad,5,voucher,1,6.09
c72588a7cac72efbf2189a48d12ab61d,1,credit_card,1,27.68
7725825d039fc1f0ceb7635e3f7d9206,1,credit_card,1,66.41
e87da23aab323df28deb2e98d41a3fb0,1,credit_card,8,321.08
48e86fac091ccf24da8a7ebc63ec3111,2,voucher,1,118.19
d201c804379d3dcf1d7c9047b3abcf92,1,credit_card,3,99.80
9f8177425941a76fb6aece9cb6d05660,1,credit_card,7,173.88
ec07c952b2e699cd885db38a3c9362f9,1,credit_card,1,7.32
4b2f4bcfaf2147dc60b9f86452ac885b,1,credit_card,4,44.09
d338e94a703f4d7af1612be068a85bb6,1,credit_card,1,18.78
cb00f9d32f51bf65823f130e9c146173,1,credit_card,1,72.14
ca1a95284ae96a8e085f7671c44f37a4,1,credit_card,2,206.50
87680c5e6ba498472b6478862b55f883,1,boleto,1,644.15
ff74e94493932bd63924387d576ed9b9,1,credit_card,1,97.35
21cade19cb2ceb4f1e5c9f9aa0daa4a9,1,credit_card,1,137.26
9e29a160f24d2edbcc64b218108bdc82,1,credit_card,1,89.85
5342d918c42e56be9a2f0f272c3fe39b,1,credit_card,10,394.24
d49fdab745d226473c5d4c8d762ff68b,1,credit_card,1,62.62
df9a9799d18fea4a40cc802a44f7c400,1,credit_card,1,31.75
fd966686fa519b004275d0f422800a60,1,boleto,1,158.66
466334b9ec76342cf368c99aa06375cc,1,credit_card,1,68.72
8092da256aefda13b330290d2ca86521,1,credit_card,1,105.26
67c03c278fad216ed9ab5573e8cc551e,1,credit_card,8,136.63
4c3cc41d9fad33476cbf842592458f36,1,credit_card,5,184.85
13b825fdc28948500cfc7a03eb975fbc,1,credit_card,1,42.85
ed3d229ff5daade6f2f99efc36a7fd05,3,voucher,1,6.12
ff3d6fd1b0c2dff1989ae3e6841498bf,1,boleto,1,140.03
2b4525a187e754cd2c55f847056c76a9,1,boleto,1,135.61
15735c67370744a57eb8978014aead04,1,credit_card,2,183.85
f73aa9d9da868421ed166e66df561602,1,credit_card,3,87.38
2399e406198f0b9a12baf8e176453e9b,1,credit_card,3,34.13
06bb67936cfa5ac3f449e4f6733de4b1,3,voucher,1,20.00
85f7f388139247ec5874f8f9661b4a06,1,credit_card,6,116.82
75c3991c985f0ad3e6c3b9ae67f16b76,1,credit_card,1,197.95
55ccd4969754c36c0e5d45ce55594aa4,1,credit_card,1,33.73
7ac519af67a90b42fb3e296a8998f7c9,1,credit_card,3,120.39
8d48068c3ecbc21886a881562c96d7fa,1,credit_card,4,40.92
e5db5ce380f52125b3748bf78fdc7971,2,voucher,1,55.00
56977f88a655bfbcd1e8f20a20959f5b,1,credit_card,10,101.36
a8c4fcc8e48fe5abc8a3ff717cae70f0,1,credit_card,8,318.87
6858998aecdc09bc7b5a8ec2d79d21ff,1,boleto,1,87.25
1a9543c90f188e2e4fb14327ad4a9c9b,1,credit_card,6,662.34
b2dd5d5bb33639803c8078b84ee9d539,1,credit_card,1,48.38
a9c89bb4f8fdb0f08903c73d7d4e8822,1,credit_card,7,70.72
ae0b49f902be4012d913509645004e98,1,voucher,1,117.84
672410cce728c5bc55061e45e7a9982e,1,credit_card,1,29.63
e3329a89dc0bbed6dd9a3df80f452eb2,1,credit_card,4,117.79
26d400a875f601666c17347c2350beb3,1,credit_card,1,123.69
e4dfdab4dc28a8727655a0f0a19224b2,1,credit_card,8,515.94
282798d3d9e90c0c2c02697bdb07b839,1,credit_card,4,190.33
de694f11ec11e5fe9863ef978ebee3dc,1,boleto,1,86.02
8b745c54dfd32df8f3d575a2ab02fc9c,1,credit_card,1,66.64
4ac6cfb47c51ac043927b84975d1a62d,1,credit_card,1,29.73
b757c5b68510d1d1390243961552792d,1,credit_card,4,42.20
510d53ecef0e951a4c0cf058f579b626,1,credit_card,6,603.03
fd3c2f37b535d300e61e63b029edfd20,1,credit_card,4,383.20
4a49f0eb11c5d69be2aec70f0368cb90,1,credit_card,1,73.72
52f1efb2a407df9b385cd3960975d107,2,voucher,1,25.00
a86fc4e81f6a746ed3fe4495a242e3e4,1,credit_card,2,367.79
b691ffb0177f480a9a5eb8772050bb2d,1,credit_card,1,55.95
8595563cdfdd7b6274ba3dfef7ab6ed8,1,boleto,1,310.08
9177fe6f8c324410d13aac7a2ac35f33,1,credit_card,3,37.10
a058c79008ed0d21597ac66af7733642,1,credit_card,2,163.53
c6701e6d9b17bfd2a252ecb5aa4c7949,1,credit_card,4,106.88
de03f4f4bb610147a9bbfbed56438cbb,1,credit_card,1,14.84
41be6772462ac0053519d7f2e957211e,1,credit_card,1,6.76
354a8fcde21bec79e0aa3a50dd54d72f,1,credit_card,2,119.89
9edf857fb745380a09bf319e39843439,1,credit_card,1,80.15
4dadcd5f9e682c17fdc6dded70c048e0,1,credit_card,1,41.43
016726239765c18f66826453f39c64e3,1,credit_card,10,265.77
81aa3cffc965f29788470b3e2550da67,1,boleto,1,37.38
b93a19a84516997a69f59da9b871d109,1,credit_card,4,103.93
e086bc3dec55562863dd1d2f850e750b,1,boleto,1,138.15
67a3eb1dd398761dcbd4773e7d811cf6,1,credit_card,1,41.09
a54f35a6dfb350a13c6410aa276e52d8,1,credit_card,2,149.56
056793ca2483a5d5943cb5bd90f5b314,1,boleto,1,39.46
83f40343811b7a7641af81d74e1a7875,1,credit_card,1,62.39
aa6e3cc7cf13ef1dc599d1243daee6f6,1,boleto,1,152.70
468edfd1aeeeef023e6bba4943f2cdfb,1,credit_card,10,168.57
ee748540786ca7a510e0889be7ef88ca,1,boleto,1,33.99
6970a3865417daf2e16446623fe67db2,1,credit_card,10,102.82
755cf67137ab32121faf4035cc4e97d0,1,boleto,1,130.00
f3da0d205fb8a689ba773b74194ad85c,1,boleto,1,86.02
543191db0a8f28cd664d601260fb1dee,1,credit_card,10,1714.21
e30787025578adaddf110614dce5e399,1,credit_card,2,329.98
8785e55bb98c01696f3773d9ed2fb851,1,boleto,1,115.90
51fdc51568710c421372d93f12c21ab6,1,credit_card,5,57.80
7b851c9a82166bba7e2bce7bc005a226,1,credit_card,1,53.68
555bdeeec0ae00faeb547748b9e58ec6,1,credit_card,7,141.24
8e62788b1e26aaa3f5786c80788880e7,1,credit_card,10,218.24
6e2c325b5837ea4f4f30dfbf27afbb4d,1,credit_card,10,167.45
35e622ae03fe40ef5476f73b37919c0b,1,credit_card,10,280.63
e6e7ffc09203a472e7a298a12281363d,1,boleto,1,111.76
6f93d4fc5b38d5862f6fb366cd9afd01,1,boleto,1,24.68
e57d9d7eca079892fe0aee2b0cf96311,1,credit_card,10,115.42
9a3dd3cc9b84a29bcd07f44f82866ce7,1,credit_card,1,39.00
70b7e94ea46d3e8b5bc12a50186edaf0,1,credit_card,24,274.84
dceb62e8fa94b46006c9554fed743df0,4,voucher,1,142.75
1916f29d84d0c59dba74b70880457a8c,1,credit_card,1,69.38
f2af7540e2b81731609d138b17191794,1,boleto,1,54.00
6a587a7eb18089ffa1628bb4eb427c19,1,credit_card,1,75.17
669d4be1c2a2cab7e5ec040bf54c5d91,1,credit_card,1,16.89
f338453ca69a4ab210fb2f6184e7f6ce,2,voucher,1,26.76
28672222b02d08ece33792d1bf7ea147,1,credit_card,2,58.13
769246167cd690b84b951cbef38d3d7c,1,credit_card,5,204.08
717903b4b996a7ae799b0c76b779fa0c,1,credit_card,2,43.29
3c32b5ee0d19331febeea91a6fbf37c8,1,credit_card,1,51.92
38d4d6c821c0cda17600c430495f6a06,1,credit_card,8,153.10
cbf962ea0d3753eb77e28f576f636f71,1,credit_card,4,268.88
9695692d040abab63df40b68c2905278,1,boleto,1,1264.17
a84c6f3ee879e72955a3fcaa2dc55771,1,boleto,1,205.98
230429e6f253f9cd6561aad72ce7ee2f,1,credit_card,10,131.71
a10ad0776eab0418fa809d168e1dbb8c,1,credit_card,2,167.39
1dd1d53c1ea5df0ef093bf150807315f,1,boleto,1,87.53
9fbe7e5fb8d03b367b8a3b7b995ce6ca,1,credit_card,1,166.35
b64ac23ab101c7a751f630414df68790,1,credit_card,5,667.88
fa21661c4501069a0726697b9d207400,1,boleto,1,159.85
ae49e90268bf29c43b79c9e447278c84,1,credit_card,4,88.31
a8ecb8c3d0aca9e0740521256a9a9d74,1,credit_card,3,95.21
0ab93232e2390bb66ff047c39fd91077,1,boleto,1,76.85
81d3c99b31b4d1972ce5ae0f8cf769e4,1,boleto,1,86.15
88f79e3079458600cacd188c2550d463,1,credit_card,1,142.20
bf5e738a4999370cea8ac59801c748e8,1,boleto,1,231.27
d0e368ca78daa02e421325f3d1b8541a,1,boleto,1,67.36
c522b045e713a7b8bd172fcc37f116bf,1,credit_card,8,379.99
b038f6ae89bdd1fddd3b51ace3ff8b30,1,credit_card,1,89.10
d3fa993cd95accac6c3d0b7e51dffcda,1,credit_card,4,55.28
23ef9daa5d06d57a70a022994cd9ded7,1,boleto,1,86.04
7ff2fc53faa0627c1754a4b00e5f65f2,1,credit_card,2,162.79
d2b733c929342acefcd33572f8a1e3da,1,boleto,1,86.64
e5606996314126e707e6cdb585c4de0f,1,credit_card,1,116.95
30ff43d8703d375269c1675af737bda7,1,credit_card,1,95.98
9184e4fb03ebdcb5a06a6d1237463ca5,1,credit_card,6,215.56
63be17dc5497f1941b4d15f7be530387,1,credit_card,2,224.43
5f80e465e18f7f99372159cb3b5c88c6,1,credit_card,5,421.20
ffa39020fe7c8a3e907320e1bec4b985,2,voucher,1,64.01
ac6a5b80624dd534ee1e0ff1e7f1486f,1,credit_card,1,68.35
73f4780e56b3a089b1d7671a17ee4da0,1,credit_card,1,173.75
815d1d46ac6c32dbcd84232025884014,1,credit_card,2,32.77
897fd799ba00cbe2a0d8f726dd211231,1,credit_card,1,26.40
c8b09d2fb2d0f23332a7e6a4e5e43d66,1,credit_card,10,912.00
32219b8b14d2170cb4d16cf24c5d6025,1,boleto,1,85.15
f3f12fc90564a9b036680a887cd64668,1,credit_card,3,144.94
79dbadc3cd0a6aa1b1fc17d005721668,1,credit_card,5,54.34
a92ba1a2eafba406c847277f7cc5911d,1,credit_card,4,48.62
701ddcb0eab1d32958b3638a5e8c4e97,2,voucher,1,8.66
db60e917f3e707779a0efd2b52354951,1,credit_card,10,224.14
4a690c399549365763c91fd29ead7345,1,credit_card,4,253.36
319d8eb9ba6d4f64a4b7c5da23b82cf1,1,credit_card,4,46.29
e1a86e22da680449cba8e136ffa97f8a,1,credit_card,3,163.53
d1845227bab7e5c1f169cf2a98d742a1,1,credit_card,1,127.38
48b4f1f96d5ae13b404fe7d041a8d393,1,credit_card,1,94.74
b2f3d2d1f85fbcb5a6c45772be41c65f,1,boleto,1,61.00
86a0962f08397e9524a60256d2bce32d,1,credit_card,1,40.13
a4fd084ec20dad1d716b8eb4c9b08601,1,credit_card,2,117.39
c346218ec3d36d79c60de8073dfcbd8b,1,credit_card,1,24.68
c8332aa7a15349000b30b596b50a98f4,1,credit_card,7,213.04
c4644f8b9bfad66c5105dbfa8f74b65b,1,credit_card,2,65.00
e91b503ac4c35874db3e157605036ab7,1,credit_card,4,94.30
4e78c8e6f00a4ca7409db04227837738,1,credit_card,3,95.64
79ff1e2c4405dc4fb530bdaab48ad4bb,1,credit_card,3,31.77
ca61d72c0b9e1072b94af79bac8ff610,1,credit_card,10,161.88
3549d4f44bac42a299415349e0fcad15,1,credit_card,5,206.08
cd89724850cc66ec67af22f8513e7010,1,credit_card,9,117.85
a69aaa894f707814637e9794aa556f0f,1,credit_card,15,211.87
35d5fa2dff695764ea7c3785b6679c6e,1,boleto,1,150.83
4baffd900565a4d95fde9d2057b95813,1,credit_card,10,166.83
6554129577eff36836f1a93894b64f42,1,credit_card,2,139.80
38c27dfc491d9aabf7733ae9a163f8af,1,credit_card,3,85.81
9aecb82bfe0db20de65127f00bbb158f,1,credit_card,4,95.30
4e998f9a0a0748cc381ea01aa6de635b,1,credit_card,6,327.17
25ff38b3eac37d28ac1fd35e41393218,1,credit_card,4,112.71
ed273cdf7e2668c17d6cb199ad52d7c4,1,boleto,1,241.50
20109f40b1a81ce4ec90a30f1e625046,2,voucher,1,78.01
92513c17b1e446ae2b162527361b595e,1,credit_card,3,68.62
4254f084673c8b5d85ad824fae3aa522,1,credit_card,5,275.11
d374b00ca864bcf61a03638e73cb744e,1,credit_card,8,178.89
f75f6ef2200a609b9a11d7650ae623f2,2,voucher,1,18.60
530d6b82444d29e791d959a7c3ce4559,1,credit_card,1,32.38
decd51240a83290835fb78029efd1f0a,1,credit_card,8,340.13
73e934755292def8b6519b03f2230723,1,credit_card,2,49.06
35648a75454c580b64688dd24dea43da,1,credit_card,2,127.47
3fe0550ff13606fe21abb5e1fc426a20,1,credit_card,5,109.89
b04bd4e0a1a21fef81b1f24f6fb81c08,1,boleto,1,143.78
3d48ddecaa9e06e1bb64461135dd7be2,1,boleto,1,121.09
78469a4c4c4527d1bf67198adc690ead,1,credit_card,1,40.00
24643770500b1396c93afd30d760f444,1,credit_card,1,29.73
0c02a4cb5207e682d63a1343cbddd13b,1,credit_card,1,99.34
fe0105a4696c7d31837cb3130fe9c4b1,1,credit_card,1,103.55
04bc36cd51141e11c2cbbd188b6e47ca,1,credit_card,1,58.41
ffaed28dc2c916f896616e904036ffd0,1,boleto,1,116.36
a61a5c36b1749690eb8fd91ea1b0ada4,1,boleto,1,70.35
2c8740f9df6d253c15dc035eba80ebed,1,credit_card,3,187.67
ac648ca06b29a1e27daf1f9a087f773d,1,credit_card,1,49.89
f5068e06e9de577bdbfcb519ff9fb5c5,1,credit_card,1,192.30
3bdb4a8f9e391c81696a80c1bf7c67ff,1,credit_card,1,61.46
40566e07284e5387c3c479d0ac7aab9c,1,credit_card,10,136.99
d7d9f1ff0b6aa62f2d4e7fc99e60e8ea,2,debit_card,1,35.00
190c1aac0c0643db9b7dff0fab7f9e3a,1,credit_card,10,192.22
403b063e9e57ae6bbcfd6fae2bccfad4,1,credit_card,2,127.25
3e9482fafca86df873bf05a9563578c2,1,credit_card,3,170.97
790d7fdb41e9a2457520208c7a7eb0ca,1,credit_card,1,75.07
051d3d717e96b76b07fc9076b88d671f,1,boleto,1,86.61
7ac0ea1aae0c98fd853d0baf7108099c,1,boleto,1,150.84
9053a7a342729c317ced50baf9de3040,1,credit_card,1,159.56
21cf2a548764530e2638e941f0dc7fed,1,credit_card,2,150.37
4dd08fa7dea495346c25580cf491fd79,1,boleto,1,55.38
b8e89b6c4b552e3302842c82c3d3690b,1,credit_card,1,47.42
a9b0a7015644d713589e4836e2621897,1,credit_card,1,161.50
e1e5a84a3748808d3ff0dcb4b58ac5dd,1,credit_card,8,1317.04
eb013841f776a6661fe5fe8f799b8866,1,boleto,1,42.78
0fa425ec819100fb29a4838e37e5d27e,1,credit_card,5,98.83
4f119798c24c4840ae9e70d952b75446,1,credit_card,3,1550.68
c785921c49242bfac499ee30c455154f,1,boleto,1,90.73
b6b7ebd3ab897684bb22eaf084f8f299,1,credit_card,1,60.85
f9d90a312f7c442297e418dbf9564475,1,boleto,1,33.00
dda34d917fca93319316d959e22b9289,1,credit_card,10,1146.20
1a35a638a0ccea24d66ae229e2d5d9d8,1,credit_card,4,325.95
2e1bbcd435bc99b41a07959ef2c3965e,1,credit_card,1,79.62
a3629884bf8956b0f572069b8a20cc55,1,credit_card,3,47.47
90c76224c097ab3cc738957b2c204bb0,1,credit_card,1,245.85
101827c549fffc0725534eb293f31af1,1,credit_card,4,236.34
0dc7533a0c0ca1829f5a42eabed32f0a,1,credit_card,10,2325.22
bf3a76ee801a768ad823615d9fdc019a,1,credit_card,1,230.48
90b22de691552b213f33c2a25c74c413,1,boleto,1,97.78
480d258f10c520532aca9659d5df87ea,1,credit_card,2,142.10
d800296ed7f572eaa43c580857d3674d,1,credit_card,1,83.98
0f21631dd255a459deaaafb7a98600dd,1,credit_card,1,235.70
02aeeaf3075593045bf2f59a7109e2c1,1,credit_card,5,71.95
59ac31de88c9c4b239aeee82c6a0596e,1,credit_card,1,33.95
f754fc05a50c00a7a04eb9da5e97c646,1,boleto,1,135.35
3efdbf51c992266c11eb3938e67e77da,2,voucher,1,80.00
e3ffc18630aca4eb79dc587b127e2814,1,credit_card,8,638.08
b0687213cf67e3c3aa0fc89237bc79b6,1,credit_card,7,173.59
c24b8b41e6857d59a27f2b150bb669d9,1,boleto,1,93.41
d6f83d3377bbf1697831ea355301fb87,2,voucher,1,113.18
e7673cc4ac15a894f6d03cef60d88fcd,1,boleto,1,105.71
eac014015af553915d20367416f6ad82,1,credit_card,4,41.19
37c5a6df9c11a51d43f647c3fdd0904d,1,credit_card,4,117.94
0217ad862ae7391cc3964c07ce3d6ea1,1,credit_card,3,117.85
bbc289789c7c2753320ce35b3fb773a2,1,credit_card,10,671.80
b7e4aca3e798d20643faacb681272a9c,1,credit_card,5,172.42
084ac56b13107e32ab92934f70638bc9,1,credit_card,10,1271.98
2beef95c5b98fdfefddc581a17f27b82,1,credit_card,1,73.84
ba506068ed3555effa5ca62cd1b22225,1,credit_card,1,50.87
ef2b5fec0f07bc46dcc243b4df361988,1,credit_card,10,312.59
bcf8ce1cea8935dbbf537c9caf248f46,1,boleto,1,47.59
f9d852b1cf2bd8c89bc635849359cb4e,1,credit_card,4,418.68
b1e4c784d72d000802c113dc0d4420d0,1,boleto,1,44.49
ba20c230064f86c3a1c764fe3cf7ce8a,1,credit_card,3,92.57
44b5da55b74c44fd304b7b8b3b29d5d2,1,credit_card,3,32.09
db57aa40a4bd36993047eb80281d0df3,1,credit_card,1,46.34
43ad25e09be659b55ed165e2dd94f360,1,credit_card,2,159.83
fb5903db78c27a8ce31f5840de3c0abd,1,credit_card,1,61.85
fb7394481514a3870d70bdf7f9c2382a,1,credit_card,3,87.94
69a2e27fe34392681b7b5ab9c5aea437,1,credit_card,5,323.00
d21711f4bfc26162d5a8e471d7edb25f,1,boleto,1,198.34
57d81cf23bae8a7dac02a955f3a6d81d,1,credit_card,1,56.18
9f14c1ef946ed872bfb5f6c2ca8adc3e,1,boleto,1,157.07
a0d8479e0bc26a5baa9988711c4320b1,1,credit_card,1,25.78
be315a78a8989c669993c22b50f3920c,1,credit_card,8,176.20
87f3e0c786f2e675979bd0d0778cd9dc,1,credit_card,2,243.65
09e6dfb3a40d9c2e75458a76ff06e2d5,1,credit_card,2,45.86
1ada38b97a26793e53c1205050892669,1,boleto,1,98.37
cf3da3c7f3915ee38eb71471c6aac434,1,boleto,1,91.23
728795566669c2f36ab5118fcde3af33,1,voucher,1,75.26
70c50ba283cdd637ec95a4c0b0821a7b,1,credit_card,5,92.57
b0cad7d87be6ed433ef769ece189b1f0,1,credit_card,5,114.85
edef0b2745085ba24975770ae2ce155a,1,credit_card,5,163.69
e6b52c8a1736370e10c2f79a52fe0129,1,boleto,1,53.93
c2cf3ca69af4ed31917198c6ba97107e,1,boleto,1,765.76
f36c1228bd06f0ffe6595b5b4bcc4bdd,1,credit_card,2,28.96
e9e64a17afa9653aacf2616d94c005b8,1,boleto,1,144.56
0b49ef15b00408f4b3cc8c7ac0c5ae19,1,credit_card,3,94.10
afd09879ff7489d300d0ebeab6348e35,1,credit_card,3,38.09
8440ebc9a2a4aaa712d4064c35e52995,1,credit_card,1,32.09
c9fe3cca849fd78e942704ee0078cedf,1,credit_card,2,57.77
86d0407492e51a6150dfa8883cbe4094,1,credit_card,1,7.55
9e06e3dc3431cfc5d70126246373fbef,1,boleto,1,84.64
597c3302d155d4d75ee6734213ab487e,1,credit_card,4,228.01
377049aa69aa696871a99e82b281e3c2,1,credit_card,5,167.59
9257ba43d1349df1fe69c0fdcf214056,1,credit_card,9,92.89
a5c654c2a0126153f98af71a65a159de,1,boleto,1,115.72
62468ec3bde7ad016b389b68516dceb1,1,credit_card,8,173.12
793600b6f83c44827bd1d480fbde321f,1,credit_card,5,153.40
40e370756cfe851295bf0ca9e6811f46,1,credit_card,1,27.38
b6e916862e541946569d34420c6e9145,1,boleto,1,36.69
0c51264bdcbe5893081232bba640dba0,1,credit_card,6,94.31
580bac61d7bdc3420e66d71a5b037ee8,1,credit_card,1,32.00
a4009dfb92fd1a68c1c19af9f93b4561,1,credit_card,1,92.83
819c0a8de9efdc8a6886525a06dc7967,1,credit_card,2,47.29
cfaf3a6d54da5f266c97d838c661fa4b,1,credit_card,1,195.62
e194f9ac9793de14b87eecf9b3532421,1,credit_card,10,347.56
7cb960e4db19c8f1728b07b97fc8bacd,1,credit_card,3,58.79
cd1eb285c53babf41b30ec658c0bf122,1,credit_card,2,197.80
b804eb2b61e98adc0352b6474f7348e8,1,credit_card,8,162.04
758d60d6a43952b7dd1e130edd26a18d,1,credit_card,2,107.65
632d2d4329144ecd9b722a64e8756021,1,credit_card,3,50.53
d905ea9eb4e5000a35cbee306bce1935,1,credit_card,6,649.86
542dd8c7a80f7006b56c9cbb95e6433b,1,credit_card,1,53.24
9244c5e7b61a5ec0c86191bb1a727ed2,1,credit_card,8,236.72
6503586e6d752bdb3ebbd1607e6a714f,1,boleto,1,38.09
01ebb9ed879d6fa1da4857ed617972ab,1,boleto,1,43.86
5ae83f493320d31409a108dfd7aa5c20,1,credit_card,1,34.51
a20244bef3bafb6f4d37e3603539336d,1,credit_card,10,1173.44
57234dd70be5134da4994cc77f7d7693,1,credit_card,1,35.06
bb87483a5b76ab87a5a3aec0e066526e,1,credit_card,1,215.14
0731519818400f39a85714db501f1781,2,voucher,1,99.90
5180f5ceec20f3f7d4c082c81a07926f,1,boleto,1,56.85
9ac5d8f3cc22c272de0146a5cc273fe3,1,credit_card,3,207.22
f3ac96719aada8e7d197ff55ddea4d12,1,credit_card,2,48.00
9c64098aed08a0e6989201c41dd75136,1,credit_card,3,175.02
d8fae81e30f4b6ab5dadfb1b5ad5f83a,1,credit_card,2,84.48
eeb7ec17386d00ac88c486894a069505,1,credit_card,3,261.18
0cedb7b34000334cf6a9e407fcaa5203,1,credit_card,4,241.65
408b675f9e40be5250625c8c70472409,1,boleto,1,158.98
e886c6890329e3b34b75f755974c4349,1,credit_card,1,52.22
1b73309833a72dabf3c1ae88863c3a29,1,boleto,1,81.14
9a602e9f9b1dff857011b7aa548030f1,1,credit_card,6,142.54
aef44da6faceeca54a90d604ddca07b7,1,credit_card,3,239.42
25f5fa53bb18e8f31ee6911fcc833414,1,credit_card,4,45.13
7158a97d6f769b92be9b76bbcf8a48eb,1,credit_card,3,87.64
3e22992053887624e88bf136002962d5,1,credit_card,1,41.20
674b530698f9bd8a9167b30ed86bd51d,1,credit_card,10,229.63
30b66faf9517facb67ba9b710f0b9628,4,voucher,1,25.00
47dd5e01f578faeecc316e731005674e,1,credit_card,1,86.60
dde57deff5c66be4e59c0da19696ea50,1,credit_card,3,128.89
8451a3ca4e5da55d9398b9a7bdd69ebf,1,credit_card,4,59.75
2f27666cd55189220c3d790d263cf425,1,credit_card,1,17.87
1c2f555edfc445e72867c301b68ac512,1,boleto,1,148.00
a2eca95fe0a3ac12cb72449511a11fd6,1,credit_card,10,509.97
85f1a7c5b82d38cc3a4e8bb7111a40d2,1,credit_card,2,137.68
b1334405900ad1c02d3521d59b962c6a,1,credit_card,10,465.68
621ab070c6e1491f81eb9a8a8ccb0ea9,1,boleto,1,62.59
2011a926846f9fa10088488fca493f95,1,credit_card,1,36.69
3afad8990c0e0d946e5a8903ed1764da,1,credit_card,1,378.74
d73ddd98199cde252b1c0ee783374da9,1,credit_card,2,60.19
e44bc38d6b4a533a8bdf31db140f2d01,1,credit_card,10,1004.52
580ae081b21388e953adf8add5a26b3b,1,credit_card,10,198.56
d1b60751a74a563a60ea5a1ab1ac6969,1,credit_card,2,84.14
5d7db52ac102f99555d721fa511f9cd6,1,credit_card,8,84.23
38ea876db54669e7e86dc8c79049b795,1,credit_card,1,48.30
10fef716a1d9fb11eb624a9625853eea,1,credit_card,2,145.52
393c4be3908441526fd75379ec8a6fdf,1,credit_card,1,102.03
d6408f7d8bf528bd4da31835b3b00079,1,credit_card,1,164.42
d509aa49d39dc58a013b6e4a7d258648,1,credit_card,2,24.10
80d2f4b0e0fb1b8385d270a2d585a1e4,1,credit_card,4,298.60
21f6b3be8acde5fe76fc6641b467f3da,1,credit_card,3,156.74
10799b37b7755c4d8b315b4c0dfb187e,1,credit_card,1,66.82
32d2334fd92758d51bd693badb2bc91a,1,boleto,1,181.61
949e04ad7b67b1179b05d59b92beb7ba,1,credit_card,1,101.90
47df8ca5e5217025971963e512193641,1,credit_card,2,218.87
ade5cd7237fbcad3ccc1177645e6884f,1,credit_card,1,162.81
8a8b616382f617096bdf45e1b3e7e3f5,1,credit_card,10,721.24
4703d00191e1f41e4d2f979ff7612729,1,credit_card,10,190.37
8a7c3a3a48dbc1c76fb4e7e5844d5584,1,credit_card,2,249.54
5fdf877402c5fd87596c00099933005c,1,credit_card,10,105.74
beed527292a9e9a0e10bc602565b510c,1,credit_card,6,406.56
ff3753fe031ab5314a80e05249ecc275,1,credit_card,10,154.30
016706d732e79b49035275c048edb2c4,1,credit_card,1,65.00
d9fa5ad719e1732700ccfc765c6ff6a6,1,credit_card,11,117.14
6299705212aa08256a85fb33aecfa7ac,1,credit_card,8,168.36
05123197f45cd213617dbd9523bd23f7,1,credit_card,6,136.50
383bb8b07361166ea86f3f4b51e96ff7,1,credit_card,1,42.06
b063bf13bfec7c847d7a6bdb54554c00,1,credit_card,10,104.79
f11868435bfed696829e3e512e62ca08,1,credit_card,4,142.10
f556a3fc910afcacd3b1df7c7f120ecd,1,credit_card,1,326.53
7ee7410ad49b716a783af62488071cb7,1,credit_card,1,38.95
50277adbf19aeba5171ee9cfcb9998a5,1,credit_card,1,114.14
baa0f5d368dde908b6a2e98158bc16af,1,credit_card,2,144.87
c1c4911d5c28f6d20c01a3ce2e2b8413,1,credit_card,3,65.01
7bbc66a921e0671f689e2bb419d3cf09,1,credit_card,1,56.39
19638eaf909ee58b9c2e68fcbe112d11,1,credit_card,2,137.32
67d76fc5a4545e99be9b1e6f9e90cfc5,1,credit_card,2,221.47
14ddbde8a800125503870bcad59d2851,1,boleto,1,199.24
5ddeb5159e6cdaa562843c1e6b32ba84,1,boleto,1,122.68
bdce854b86e3fe8851225cb4d17f0776,1,credit_card,1,18.94
66b9c991ee308f9342f6a7f63bb68251,1,credit_card,5,3358.24
2a7cb435d5ffc8aaeae3c4f08a181dce,1,credit_card,1,50.13
8164479321ad8dee50301cba9250bf42,1,credit_card,2,117.46
d738667fa4f31f5d89dd8dfcc07699ec,1,boleto,1,51.69
fd8ca4a133991717f16d0e8e32f01ea5,1,credit_card,3,89.36
370e2e6c1a9fd451eb7f0852daa3b006,11,voucher,1,6.49
2263541189c89c889a7532e7f5766b77,1,credit_card,1,130.22
a8011c5b1b6536063a53c05cabf56bb0,1,credit_card,1,31.77
a0312f29adf4584ac12f17aa74ca8f64,1,credit_card,2,122.57
8fad1f3654133d30218cd4b6fae827ee,1,credit_card,2,73.34
02ec4da9d03014f06d711d60eb37cc22,2,voucher,1,75.97
5a0e61bf3bfdda7dd3ac0aae7dfb86ec,1,boleto,1,160.57
f2052987962f815b4cc4f293e5a3868b,1,credit_card,1,154.14
ba772856bdab971f8c7eae9e03cf8706,1,credit_card,1,62.91
c1b478f170d1ec5c4ff6ea07039fb276,1,credit_card,3,355.10
446d3eee7dfa0cb1844584b53bc37cab,1,credit_card,4,244.36
eb854e76ca9b5d2e3bbba2a72622fd27,1,credit_card,5,187.16
dd436680fbd2d38edb26277f5b8379dc,1,credit_card,1,96.48
53a1210daacade25d3e5ba8c7119ad0a,1,boleto,1,88.72
6e0261934103e060a0bed9e878373374,1,credit_card,2,61.51
12e336061c0f1f6d33710d969ba62bec,1,credit_card,4,55.69
cfa1591318ed6c901b0c80debfd4b811,2,credit_card,10,330.11
f65f13aa0f61098cebf314daa13a51da,1,credit_card,2,128.07
97f6c1beeb18315f25509f009a45b111,1,boleto,1,148.06
ce1c82a64c8c7a41beeecd2d1c1dd21e,1,credit_card,4,56.78
c7aceffb9d1f53a16af318605ae8c460,1,credit_card,10,145.66
80f206a25c4f2cfb8f12febcb3c3baba,1,credit_card,2,114.85
e167837b2967616b88c23b061b9d32b6,1,credit_card,10,303.17
0a9578b7213cdc97d31f2e5b5a359bdf,1,credit_card,1,82.13
e327b1f61853b5d93ba0c53bf998b557,1,boleto,1,87.45
4b08bf2c9627241e09f00f6df0a4deb5,1,credit_card,5,197.81
9883744c6400cfad8a620ddb82b9793c,1,credit_card,2,271.24
106179e2ad058eef3f7aa5b8f7dea1b0,1,credit_card,10,109.50
2cacb668babd0da39adc48af2e2fa715,1,credit_card,2,132.05
2e262f84377397dbc00ac6781ccc1c8b,1,boleto,1,359.50
f179e0782e0180bc2ec9ce167d4cf245,1,boleto,1,94.44
01144cadcf64b6427f0a6580a3033220,1,credit_card,8,171.30
c1ecc1e54515cde540ca84bb519839b1,1,credit_card,1,89.96
5ce8ed74908cd24bd6b5138292ec7b04,1,credit_card,2,126.72
7d7450d00dd0f7359d74c86cb5890fd9,1,credit_card,7,130.25
a310dd02fa5c5747f8a6fdc884dc41fa,1,boleto,1,181.76
85b58bb30d219374cf9cfdebbc5fbb69,1,boleto,1,71.71
f46e4c3b10d88caacf23b8ee4d674d7e,1,credit_card,1,50.35
ddbd05e605996c42f8752c69e235f519,1,credit_card,5,57.82
f9ec88f49637ef75f91d3b52f89b2809,1,boleto,1,133.21
ece3ab91bd67ba73563dd0468fc3bde2,1,credit_card,2,244.27
3396030721df1dfa13174f9aa28c020b,1,boleto,1,128.45
7004296aa0256632eaddc171edaf727f,1,boleto,1,19.62
d0ec19bf3a898ff42bbe48cdc06bb7fe,1,credit_card,1,63.29
6714663b6b3db5c838d7590c6a7600e3,1,credit_card,1,173.27
444a79f029a4c3fb4a713ef828f6800d,1,boleto,1,78.29
e72b2b30d599a41bea8514270f6b8930,1,credit_card,3,141.23
3b842ff9ea0324f7726503cadd3c0db5,1,boleto,1,198.05
91394832e2cfea6fd2da6fe1b72df4c9,1,credit_card,6,82.55
0fe7e34c13cf8781647bd4cfe053099e,1,credit_card,5,131.15
3584d2b8b46935e835424180bcc17702,1,debit_card,1,68.00
81e4c4d7594a8111a17da1f1b399ba07,1,credit_card,1,106.38
6da0685c82e8535a05cf6b4e4eabc52e,1,credit_card,2,312.95
f26f92a3da58e9c771820a7b4d9a6800,1,credit_card,1,57.68
afa91e78effcc9fbc392951b0184f11a,1,credit_card,2,58.09
25fd4274a09c3a289e988295ca88a14d,1,credit_card,2,69.61
afb23e950af5ba7626b9fcc4e1c63147,1,credit_card,4,214.14
720eff52272ce75d967e9a8f382681f3,1,debit_card,1,52.58
fbb12f53a3985ca2a92e718f7b6a8162,1,credit_card,3,105.84
fecadea4b60522702bd322933da20c9e,1,boleto,1,34.69
f9e5527003cf8cbd665bfc75e264da16,1,credit_card,2,317.28
d3617ef729315e3964c28a7404030da3,1,credit_card,6,178.40
6223139448b298754a0f5750c9f1db6a,1,credit_card,3,238.08
02de39953ce1cf1f7c6d46aac400ee82,1,debit_card,1,87.58
562f6c47e1f1b9b37763db9d5ae00e3a,1,boleto,1,57.79
4baf4e226efff68fe5996f63da09745f,1,boleto,1,58.48
4d2997398817763e25ae074190f98a32,1,credit_card,2,161.12
4523eafb93144f31a954666165a59423,2,voucher,1,124.83
c1101a911387fc42d24230c28f75f016,1,credit_card,2,99.88
00f86b368251d739f1896d41469b2b7a,1,credit_card,4,175.05
eb3e838f029e2dd36256fecaeb49b999,1,boleto,1,30.38
242efbf997dcc144609030002b91446e,4,voucher,1,2.96
3f330c606a285a5bd1cf10b860dd6302,1,credit_card,8,647.54
34245c681fa744fbba46cdafcd007135,1,credit_card,2,69.33
cf753c9874f18f99ba2ae6ae04632905,1,credit_card,1,28.20
8e799e5d820ceeffb9b581001cc1521c,1,credit_card,6,102.03
9be4b69acb574b3a1e968c60b563a99c,1,credit_card,6,136.93
d4c04d37c42b6f03e9a2072bad331bbc,1,credit_card,6,235.57
c4451307baafd35a8fbd349339881a10,1,credit_card,3,78.81
e524a1d7796e94896f17636abddaafe5,1,credit_card,7,345.92
0ba2b0331265d38d1c6670ed6c749732,1,credit_card,3,218.11
47f038767a6187d148818c7b79dfcf2c,1,credit_card,1,48.24
f826855672324b0ba0f50c0d67d00ac6,1,credit_card,1,91.66
4c5c035bb0cad9e1d11415f3d74d6751,1,credit_card,10,114.45
0f3d9a2f9aad2a8e778efe652994aced,1,credit_card,3,66.29
265b8c2415ffccf3e31e5622aa91d95d,1,boleto,1,135.00
4f5310c68c4e9a2c3d5bd708df07d212,1,credit_card,2,68.05
c92e9f25637b9515a95acd097e7d3543,1,credit_card,1,50.01
ec69be9fc7fbfea191b1252ccfad7732,1,credit_card,3,84.15
dab321037289756354fa98b118f4463b,1,boleto,1,187.49
79b49127db2c9bc718a161183671505c,3,voucher,1,20.00
14363bf0e98e4ac853c49e2e1b316014,1,credit_card,4,225.04
08ee9c1b1da47ffd2a7c7163aa134b16,1,credit_card,1,32.92
cd896f1a6e1a6dd77ebc7cd87c831066,1,credit_card,3,69.18
27a9505321037616d2e112a11760adcd,1,credit_card,2,85.81
30af846e182aa12984d1454721036e8e,1,boleto,1,65.01
1b2b354adeb38c1c308c915faf7d3288,1,credit_card,1,1137.11
17f1a38cf243632b938f18aa6b80928a,1,credit_card,1,36.69
b95764ee8ef0302702f107df59c9c4a2,1,credit_card,2,90.58
94c71635b9b6045f84dd6cdfd105d2ce,1,credit_card,10,596.76
5939a276152174ff719ee375114e0775,1,credit_card,1,26.04
6bedc4d01425a571a86de3fb2b7452f0,1,credit_card,2,62.01
aa1a31ddc86a477540f194eed363ab1b,1,credit_card,3,126.91
f72f74f21032d3db0b6631a64b1c9126,1,credit_card,2,195.39
2717f8342150ce1ceff315167e350ad8,1,credit_card,2,59.69
cf27162439419d0179b62ebc5a6dccd1,1,credit_card,3,67.98
d194fbbc2e37d685b6adbf21897ed49d,1,credit_card,9,98.74
a2edced92b6709688b9b815a598bd9b3,1,boleto,1,158.52
a5bc722e653d42e3c7e1404d4779f19d,1,credit_card,9,951.61
13430fd38aeb09240481e4aade4a19fc,1,credit_card,4,44.00
b2119fc1abe3ce8896e2e0e951ec8d9e,1,credit_card,5,114.79
ec4015e0b9b735844b7b6c8066835378,1,credit_card,3,91.95
d5b4f23f53baadbbaaf0c6a983494333,1,credit_card,1,44.09
93c45f5d04043d75b06fe63e265b920d,1,credit_card,5,52.85
6ef39ba9ebeec91e5c34444a2c9bbb24,1,credit_card,10,141.32
0fbee579bda94d24feb8e609b8cab185,1,credit_card,4,184.84
37d928cc42067f69b394747c5c71a260,6,voucher,1,20.00
28781e0706467b15858facab8a22ba5b,1,credit_card,1,84.20
1f11f0ab2b0ec59d0ec45f7f810a04f8,1,voucher,1,27.19
d8f468b709cfc1078e9574824a4e16ad,1,credit_card,3,258.24
1c7a2b989035d96cd218d9b9f352c098,1,credit_card,5,238.23
f15aaf3f7b6fbea7b5a454a4f9a38170,1,credit_card,2,155.95
64d68170391ac401d5ff137d9d7775d0,1,boleto,1,82.90
8e78a66489b3861f846342d4b158c8f4,1,credit_card,2,158.13
4fb33c4b52b23477ef973e799871ec37,1,boleto,1,54.00
1a2dfbf5bcc5c3587728996088ba03f2,1,credit_card,1,38.01
6a9dd97887fbcc5e5bb1e10c9b019acb,1,credit_card,1,32.23
ad94c35c2f62d4f94bd3fd352ae922d6,1,credit_card,3,154.28
c7c8b7eca811b5f2d08999ad1c3e4f9d,1,credit_card,2,147.78
02a98752595ee9d94c570ad3e18055b4,1,credit_card,2,80.40
8f2da1ebf763886822d2ee38c2986cbf,1,credit_card,5,74.07
955d6e7631995ef924924d6ae1144a38,1,credit_card,2,106.06
4072620bfe789dfeb38ae264e8e7fb35,1,credit_card,2,103.62
f28cf65c040ec0031234f04085debe30,1,credit_card,5,218.06
15f8a954a337218a8196bae2dc3d801d,1,credit_card,1,147.58
0203892ed7a2b76401830f4b82a5a34c,1,credit_card,1,48.62
ab7342290dcd818479042d1def7583fa,1,credit_card,1,115.16
63b560062bb9ccde4a2b9e9d26b39486,1,credit_card,1,197.58
7e448546180d66b4b7b10eed77a039ee,1,credit_card,2,43.53
23aeda90fa835596b6acd5fcaa2c3e7a,1,credit_card,8,400.36
5965bbd72c3ca0d9634419437ca53897,1,credit_card,10,147.99
1722c7033df589c35fdf704cd5a8779d,1,boleto,1,49.42
2322d66af2e4fa6e3d854b5249ca9f6a,1,credit_card,1,80.10
847bbf8a16e79d8128e4fc5f7554d919,1,credit_card,6,63.87
686c017e3f991d5b96cc80cfb89d7d4f,1,credit_card,5,51.64
4a5906e48505c6f9113eb64d283949a6,1,credit_card,10,128.00
d28a7e04bda001c57d07c08a2f5316e6,1,credit_card,1,44.85
d8a8159f236db0b16fc43e3ceeed32be,1,boleto,1,189.97
7a571da00e7b58c32fce2e6eb560dbde,1,boleto,1,34.58
2d7242fbb71116bf37dbca71205bc157,1,credit_card,5,57.69
e1a9f566dc38eac4f78556976596a43f,1,credit_card,4,47.82
a5fd46480530fe84051edbf96b8beb9c,1,credit_card,6,169.87
ef1f03f43bc6cbad70025fec6b2d369b,1,boleto,1,184.20
02b0bf9164ac7753f9880e46dba17f6c,1,credit_card,1,63.42
1547fe713ab6b9d9cb20e31d7119497d,1,credit_card,10,147.13
765f62aa9ec878cf62b1533261ae8e87,1,credit_card,1,69.90
b3bdaf64ae3778709ebf333ae90f1673,1,credit_card,3,35.31
ffcb98e21b0bf085baf42b16a67732ef,1,credit_card,2,99.31
eb6856a5040be42730df3dd8004a39f7,1,credit_card,8,908.67
281f470497aa1a0af6a1d6024b3eba93,1,credit_card,8,225.23
cf287f639abd10b1630574c4a065d4f1,2,voucher,1,6.00
6b57b46391a662adacf6841b5da8d084,1,credit_card,1,313.99
28fc46ceb57ddc6e17500a9482d694b9,1,boleto,1,113.26
84b8aa364340ac5264c756bf7cb88c7e,1,credit_card,2,113.88
257d1faedcbe9d328080c6ec04c8f819,1,boleto,1,75.53
fdbbb1715d0c62c714e2a8178b95dd54,1,credit_card,1,69.14
652c3ffc10b11f6bb6567b4976d901c6,1,credit_card,3,37.26
7fee8248879e6c2eb655918584bb3ba2,1,credit_card,1,12.64
0d318172edd07ca95c0015267fab29ad,1,boleto,1,84.13
52e1b92cb6de5f5bca72b3d73f59d193,1,credit_card,2,149.88
a30d8838d122e0c839d5aadaa6753bc8,1,credit_card,2,88.54
2f98fa03385c6020590b479aa12b8073,1,debit_card,1,188.28
d142143fa24d4a2bef6ed627060e7754,1,debit_card,1,73.34
a691df9591603131dd5fa585cd1d9406,1,boleto,1,125.33
b87ca4e0ff52f4243bebeb16504f48e5,3,voucher,1,24.31
2a6fcdee30bb4fda09190b53b4e9ffee,1,credit_card,3,77.89
6d17df1418ac08da686036d2a0359f5d,1,boleto,1,85.60
56d77478af78c445066db1c9876e9e84,1,credit_card,3,170.76
8690e66d045afe5a5bd8b559cacd335a,1,credit_card,1,280.12
74aacfe89f7715e9d6655dd55c86da46,2,voucher,1,100.00
e480a56eae420b7fbb29dbca2a7a21c0,1,credit_card,7,98.78
092a7de4b983f4ee3e77af64e2f8c9e8,1,credit_card,1,0.59
6982e573fae66449ecdcb3381c5c75f9,1,credit_card,5,329.47
f32c4d2b078bc5a354f4c1184522b5ff,1,credit_card,1,39.24
ef95c45a2c0fca1b7aaee8da7c0013f1,1,credit_card,1,38.05
ec88a091f17fb7fb6b5a498439931a1f,1,credit_card,1,60.63
9a4a6043b37a47e2c964bbc055f2e837,1,boleto,1,77.89
c07b8f5324dbc378865ca2d1c9883236,1,credit_card,10,228.28
aba950b9cde84070da405636a28d6ad2,1,credit_card,5,417.00
8c49dc4a643a15ef1db44391d2034366,1,credit_card,1,50.24
ef2bd524117e3241e5166da54dffe473,1,credit_card,6,116.20
3b84a70de03a9f409e2d164096ef9423,1,boleto,1,108.00
c4e3b2e6f29f2e5ba28bd079aee75750,1,credit_card,1,10.47
87466e583daa1445bfc03e595265cdcb,1,credit_card,1,62.64
4b011623f156eda7b6bf757d1a1cb78a,1,boleto,1,111.09
6b790716c732ae58171749841011d3bf,1,credit_card,2,237.55
8b1a87ef2390d75e9fe2d8e1e74a8f99,1,credit_card,2,79.02
9bafbb16dccffbb09e9d88acb1a932f4,1,boleto,1,209.94
9a56a27f9e40fe95b274a5e618b798c7,1,credit_card,8,92.13
6c20d70e7c720f7895651a703e320b86,1,credit_card,7,76.72
c617b81bdf196a2a7f3f4f9b68439ca7,1,credit_card,1,82.73
968ba56969b76f24ea8b93d8a5bb768a,1,credit_card,8,423.21
6957a23032580b6c443b068f0b86cab1,1,credit_card,2,204.70
19808643dfb101952f68edccca618526,1,boleto,1,45.53
df4e2731dcd3169e040bda2dde5f70f6,1,credit_card,3,86.00
69d3ec6fc241c9d0bbf66377805976e7,1,boleto,1,150.92
d6fd1a476eb810f979d9cbd33ce43bd2,1,credit_card,2,125.42
c1387d81aa7018f9ecca06376610696d,1,credit_card,4,84.13
d6b2b9dc8bf43a16cb94c37a1ba3a9a6,1,boleto,1,109.40
01f66e58769f84129811d43eefd187fb,1,credit_card,1,87.62
7cd9ffeaee65a09e32ccf456b90784df,1,boleto,1,79.26
426ad73f31e7c52e6eb4b173459340c2,1,credit_card,1,652.70
e348340be1b89ce72632697b8fb283ea,1,boleto,1,111.18
2c02d17ab6c97e9a58c6bf900a39aa46,1,boleto,1,103.55
dfacafa5fce5542f18db6d6bb7ed5d16,1,credit_card,1,98.54
5a65cedc025f607cbdb4c5219f648ae3,3,voucher,1,12.84
0be7e98768e4af5d5f972b05d01a82e1,1,credit_card,1,77.89
fa42ca789329fe838b380b2dce4c0307,1,credit_card,6,171.75
318847873c9758a0bce305f4f3099583,1,boleto,1,102.64
344aec04212ff4fb3b73f86f50ad49b9,1,credit_card,3,61.05
a4bc6ee8a0b10b9362660438b786cdaf,1,credit_card,2,97.11
890f778e65429f5466787ff91cda177b,1,credit_card,3,191.00
e26feee700e28b2867a3e8d6f2b644b3,1,credit_card,1,670.85
54b4da510fed5dc3cf3e7a8e50a5f224,1,credit_card,3,317.64
0c7ccdb239bd524a31dc66094fa59626,1,boleto,1,55.10
64961856ac3ecffc69c5714564e17d39,1,credit_card,10,639.98
07d60a76803db63f0ca6708011e8cf9b,1,voucher,1,100.00
0bde6dfc382fc35f1a5ebf8ddf8e639d,1,credit_card,1,99.90
46658d903ac296a4187c4869bd2a3939,1,credit_card,1,104.93
3f113daaf8b405bcc4349a2812061fa4,1,credit_card,1,5.77
046bac99a3d9ff45ef86ebcd710b972a,1,credit_card,4,108.53
a551834624af764f01a27c3677e583e4,1,credit_card,6,62.01
df3094913bc127b3b866783f3a915565,1,credit_card,3,114.33
f1e204c409acb229eafc85a297a96778,1,boleto,1,162.38
c1556665d5eda63ad0a01cb682e2ad6d,1,debit_card,1,54.14
c33d265d1050e0a3ddf9796301141a81,1,credit_card,10,154.74
536a2dbf28ababa5342b510c8f923472,1,credit_card,2,199.26
9460b0cf19053015adc675b188e5750b,1,voucher,1,118.68
b553c2eaaf7ce5f82361ae904f3dbb4d,1,boleto,1,155.85
e5a848c6a67b48a0f85bb44ef9fe5c5a,1,credit_card,3,107.80
246b14cc444e8a7df0afd80495dfa052,1,credit_card,1,17.97
4a686b47e7eecbd136617bf8ae7c9af4,3,voucher,1,16.63
b5d77498cbd81c314b36f2086c5bdd2f,1,credit_card,5,128.14
86624050a21141bc5122640df317183e,1,credit_card,1,147.24
2890d3fdedd4ebbfddbff344d0c11ac6,1,voucher,1,24.10
612f068f7f21e8eb30c2747b98f5cd5d,1,credit_card,10,220.79
43331248a781e8394ddf4779ca2e664f,1,credit_card,8,102.96
cb59ee47ea87ca723d612fc989466be9,1,boleto,1,176.88
7535955a5fee70328e9fe079653e03f1,1,credit_card,1,209.67
cae8bf54a0ecd79376aac899679de154,1,credit_card,1,61.07
71c7839f5c8ada2b0bb433d9b1b60068,1,credit_card,3,76.65
370e2e6c1a9fd451eb7f0852daa3b006,1,credit_card,1,38.58
c5bb8cf75ccd20ee373200ab31628770,1,credit_card,10,121.80
ec9438263957e65a13f13af7e283b7af,1,credit_card,9,263.15
c19b1ddd7ab6d205a37aae9f0aaa6f0a,1,credit_card,4,41.84
4d830da4d207262a3965ac4429084d52,1,credit_card,6,72.85
ab4bf25a305b9f6d8355117286100d67,1,credit_card,2,111.92
53de14b6f2880327550fe827416010c8,1,credit_card,4,143.11
3c8625b6c73f463438071d00caa35617,1,credit_card,4,43.98
d035bb29ea5accfdb6e0c4b6925651cb,1,credit_card,1,276.10
083fa2fb9d3de18eabbb3427045a1a1f,1,credit_card,5,137.93
f18f5dcedf8a6caf530bf0cad9937b4f,1,credit_card,2,79.80
c711d7f26c4563f427379e7ed3bfdc51,1,credit_card,4,113.11
e80816e94dec73e777b4951533d8f50c,1,boleto,1,869.10
725bc6e0462790b11f170e3729723857,1,credit_card,1,42.86
7748d80d05e319f5be1fa102c4c33886,1,credit_card,4,213.73
dedbf4a9f32dd77fa0d5db00bbf70b31,1,credit_card,2,102.06
18e9c9a8bc880b4b3aeafede031f7587,1,credit_card,10,1037.79
15b491e3b8cc65b5a45e2b1bebd89042,1,boleto,1,31.42
a19b1e8a877c19f80257b15207bd186f,1,credit_card,3,311.68
9210972190e4cf80bcfda96b9c4112d2,1,debit_card,1,353.58
b04b2f28409ccd550c06a3fca4d6eb00,1,boleto,1,67.08
5564c14d026bf6c92241f070bb98fb5b,1,credit_card,2,133.46
a9c74f167b0d8af61d6487fc21934f7e,1,boleto,1,246.23
1e0b82a0da7f09ea9ba1b82dfaf4fa23,1,credit_card,15,876.98
67118db7c6bb624924e2d3f7d1db78d9,1,credit_card,1,56.75
d8eaec04332d52c4a8376881e5af91c8,1,boleto,1,177.31
26ee9b0996cc3a28168e26900655f284,1,credit_card,1,68.90
c1c7173565800e41c6701cfc4435f467,1,credit_card,8,225.96
cb2acc8f1def3d443b4716cdc8188102,1,credit_card,1,35.69
94c753ff371f05e68a157809f9cda46d,1,boleto,1,36.69
291581a794f0e6ee707314d0a2cbc1c7,1,boleto,1,32.72
a1118187790ace007bd83fc3ac113a3d,1,credit_card,3,73.03
d0669b64153d2b6cf4cf2b6a11281c4f,1,credit_card,3,68.75
59b115dfb1007eca4cb7cd1a4cf2c790,1,credit_card,6,1351.51
96d44b6cb21fc7fdc07088201dc2230e,1,credit_card,1,124.51
9646b5afa783a0861b20b9b106229076,1,credit_card,6,117.47
a0fbae87b2c4f96a56e39ea7df0c1fd1,1,credit_card,6,173.82
3dfb5fab3fd989f43639af9dfd3554f4,1,credit_card,5,58.72
cd3e9759dc483946db2133168746fddf,1,credit_card,2,185.57
8925a70c5c2e5b4ce423e37036e03571,1,voucher,1,125.85
b56b0dbbd08c4f1536eb93cf4814dcae,1,credit_card,4,83.69
c642d222512a5f6e0b07d52ae97e8e68,1,credit_card,5,224.50
451d82f07a1528cdce26398f1f04f8f7,1,credit_card,2,314.54
1dfe460e88f7ff1daca47feab6cd614d,1,credit_card,8,202.98
3d521dbaec823d745bc7657d32442975,3,voucher,1,82.09
966f96af9d189dc428ff04ebbca821b8,1,credit_card,3,142.34
323b3a9ecc47294402658286cce4f37f,1,credit_card,2,32.23
2863995f5da2bd8866dc8830507be94f,1,credit_card,8,351.96
ab386ef8f4f634743e03a8763d3c6510,1,credit_card,8,283.97
a71b8771c97d895f5a8240e4a24597dc,1,credit_card,10,300.58
b9bb7dc5b3014d158c4d61d500c97a18,1,credit_card,1,43.45
9259e3d95a99a224c782530615463368,1,credit_card,1,36.43
1e16f42e33100a56e1408cceb4846f2b,1,credit_card,5,64.40
28d2a5cfa6ad3fed5f73c66dca690d22,1,credit_card,10,181.69
f6e8b0a2438b3f7753f7af393c416c16,1,credit_card,3,115.44
63df944db623c7313fae09f61564ff64,1,credit_card,4,75.08
e05885007043bb1e8f723ff2d4f5aa4d,1,credit_card,8,128.27
ea88ef80cceb79ad79ed25ed33d0b7d9,1,credit_card,2,54.59
a66719a9e64cf864937c6c2a598d048d,1,boleto,1,134.60
b0f445cca9b6a54ff47e8834c16ba6c1,2,voucher,1,30.00
062bddc5be851fec2b59598cc33498cd,1,credit_card,10,1549.41
4d49d457ad5fc517a2a6f4f9ba232067,1,boleto,1,35.00
de2884aa8799702e8d242dc4029db3cc,1,boleto,1,250.47
1c8b5a1518e3fa1ce5ad4e40ae664998,1,credit_card,1,38.78
c809662e4bd17369573c49fedfc546f0,1,credit_card,1,46.75
20cae0a28869a4321d8fe372731f80e0,1,credit_card,1,85.80
dec0f6569996808803b3a8130c35a997,1,boleto,1,65.87
8a780d9d26195c946d0252354ae3068a,1,credit_card,6,61.05
eb5158d41f671648c1c954d8330b2f8f,1,boleto,1,166.71
dde501be9ad20d82ea7709dbaade2aa0,1,credit_card,3,71.36
2a2169e99fd0582e2322bce30ab5207b,1,credit_card,1,34.88
ba75b10a16e530cca75088408909b325,1,credit_card,2,104.21
3b3b650dac6b46fefb61189bb2e3c4e1,1,boleto,1,162.03
3489314598632acec4c8a6aee1c781ce,1,credit_card,3,46.30
ddbf66b94fb46c0d9e1eef69973da063,1,credit_card,4,155.03
681a823a9c2f5898157ae87f7c45c59e,1,credit_card,2,162.14
e2df04c1573f061467ee1af3cc6e26bd,1,boleto,1,41.05
e09d6bfb53d7cc90231d15261f2c6a34,1,credit_card,10,352.55
fdc45e6c7555e6cb3cc0daca2557dbe1,1,credit_card,1,112.46
c5d1a6481a4fb3684588a2c7fc970918,1,credit_card,5,148.20
b987bb067d534c991de69cf0c67e9188,1,boleto,1,109.98
fe47e32d0b287864d6165d74e35dbb24,1,credit_card,4,216.07
282773acd16280567c37f4f31012147f,1,boleto,1,46.13
57217ef77e862987dddfc41fb7c3eef5,1,credit_card,1,57.73
1a8727bd046055a86c1103773d39bcf0,1,boleto,1,73.34
f7a8fae2d2d1ed95f1413db630a42dbe,2,voucher,1,1201.08
85d1f27ce2b79aafb89810ff41fc3e72,2,voucher,1,162.07
d077407f0f6dccff3bb4224b3aaec82d,1,credit_card,1,22.29
f6f9344efc918f1e00ab84c014aa21d7,1,credit_card,6,482.69
d543b0fedeb939f3fda2a3c2fe167b02,1,credit_card,3,71.18
d764dbf4808e4b71b8602d2c1655767e,1,credit_card,2,20.29
a4efbda58af31645539bafc75617196a,1,credit_card,3,92.57
8067c5e4834f3c0a3c8a4e921d65c5b1,1,credit_card,1,180.62
e28a4c66f1484567d1e42b3fab64d923,1,credit_card,1,0.72
8b4bddf7147c2e258a07697c3db41203,1,credit_card,5,478.37
168a50979a16bb744fe45d11356ebedc,1,credit_card,3,66.59
95e0f3f5f3e71382baece16f6fa8270a,1,credit_card,2,127.89
7ce28e928543c294c8624ce9744e574e,1,credit_card,1,70.23
3b8571d1b976c25db4b555a5f04b1968,1,credit_card,1,37.79
8d0eadc2f03365a8b7ba45670cc5228e,1,credit_card,1,39.59
078f6a01964ee122ef20881df839af31,1,credit_card,10,2419.20
d30863c1591305669e7e63c7991ae1e6,1,credit_card,6,137.93
9e5fd9b33580d845c54855ee2e3965b0,1,credit_card,7,158.71
1d84d00f6d2334d63f35ba528cd0d99d,1,boleto,1,63.74
ecdc847ed73d804147eb009dec3a0a0c,1,credit_card,2,20.75
86f408a9212aebbcddb41c1e8c65ebe0,1,credit_card,3,35.45
feebdd36c3e19b95f31008e3e62dc32e,1,credit_card,4,200.88
0d0b6cc488971eabaf999e0fca2b7bfe,1,boleto,1,41.03
7cdd2629d064a16cd4b221c55152bd85,1,credit_card,1,45.13
e9c638926bb5ae1721803a4947acd5dc,1,credit_card,5,415.02
10988ba9421ea800479bf84c9e8ae1a0,1,credit_card,3,72.78
90f9f38799be0f03a4053f82965a3a2e,1,credit_card,1,60.83
507bbf4a13d67d349b2d59fa652271bb,1,credit_card,1,35.96
11563e2d112ca4e95411cc5f2af8139b,1,credit_card,3,37.37
f83c8acd504b93200d7313d293a35f31,1,credit_card,10,107.41
5798f00aab0a4ab662bf6fcb12632d79,1,credit_card,10,238.63
9d9551f39ab1dfc1287b84fe2da6f55f,1,credit_card,1,176.34
46919c41f3e2b0e06e6fe85383250e9a,1,credit_card,1,50.45
d308807f231cc2e9a4e2ee71b86fbebd,1,boleto,1,167.99
58790471f208e8351044c81d0b3e51b0,1,credit_card,1,164.79
bb1471d7b9aedd3bafa3f2dd40db59de,1,credit_card,8,229.47
898ded7ecb1e4d92997856bd8b7a8aa1,2,voucher,1,5.18
e418e6620e03b70aed56a90a2b92db5d,1,credit_card,3,335.48
a5507507d82c1fb664405882ed065af0,1,credit_card,2,551.30
d2ee62caaa93703fb0562d3bd6f74dcd,1,credit_card,4,109.16
083556b25c9ff2ecef87ad43b8d265cc,1,credit_card,1,128.78
8c52dfcce0a3724101362890db77eb05,1,credit_card,8,113.43
d0af04d05d7d5f1b5e65ae9b6278f57f,1,credit_card,3,360.26
e4f554199fc4df9e7b805b6a452de525,1,credit_card,1,17.38
5a583547086c7958be6668ef932708cd,1,credit_card,2,66.25
3b7a4848d7c9e68236e6c171d798213d,1,credit_card,1,48.22
96af65966c377d4fd97ee8968d736cdb,1,boleto,1,336.60
a341bd212253532f9af16db8dd47df85,1,credit_card,1,62.44
00beb247698c6aae94e3f859d279e2cd,1,boleto,1,52.39
4ca93a3dd92c3b6871bd6ebad444a518,1,credit_card,1,183.58
531694ee49280f6c3d2febd2c0f5334d,1,credit_card,1,141.86
99f4c119842b59f9954391654a259ce7,1,credit_card,2,51.01
ebb2b88a94eaea3dc431c26a7d21bacc,1,credit_card,2,185.86
167d27116a1c2e0290a505e98f352c3c,2,voucher,1,20.00
e949e43f455d61de5d481021b84e66c6,1,credit_card,3,103.04
64439b9234594e291aa9a30c226f257e,1,credit_card,3,492.87
9f1c165cccc244ac8d0e3a1f2d3a296b,1,credit_card,2,621.76
4449a71e066083e0ab4b2bd78df4c423,1,credit_card,5,103.75
a7913947a3d9509dc24a8b9282b2f907,1,credit_card,4,87.55
df77e62df88949a20bf8bb2c2d9cb2ed,1,boleto,1,110.20
016b451bbcd4f0766dcbeb082cfe89db,1,credit_card,8,415.96
6e116aaaf479cdcaa8a1262489a07086,2,voucher,1,14.05
2b8c5991476242babd85ba5b7ca5a7cd,1,credit_card,8,377.70
45b62a8b5201fc31f705344b2d9e55de,1,credit_card,2,116.84
3dd4f42a9b185cd0b083246bae24090c,1,credit_card,1,78.55
bdfa4237c19c14513acaf750e3e8b7f1,1,boleto,1,33.24
cb667db7bf699e2940c1ccdc16ef7ec7,1,boleto,1,48.69
4ada6d6dfed2a3a67e95d23f336ae96b,1,debit_card,1,83.55
bd4b5585c4d7c16db3fe69d062fcafb0,1,credit_card,1,49.74
e18f0fd2df4f25844746735c988bf005,1,credit_card,1,123.69
e86b1b2dd48839d7351406434afb578d,2,voucher,1,10.60
a40c4b7cef76fa945aaa465b7d13c1ae,1,credit_card,1,79.14
f1dd11aa9f95d84fd072504f9e6e2f11,1,boleto,1,70.93
14fdbdfb8a3c7657649abbc004c434c5,1,boleto,1,103.55
c27a26005da9b758c804674cc9aa2da1,5,voucher,1,52.58
3f5ee98124031535645a99b8c198833f,1,credit_card,2,148.90
a7144d3b7979d21c288cab0a459f7bf0,1,credit_card,5,417.81
de6ecf000012d5db3960671b364f9c33,1,credit_card,3,66.69
9d6b1d10fd62d8f52d1ee875b4842c2e,1,boleto,1,137.47
04c3465b312fdf85de8e4cf4dc186600,1,credit_card,2,22.20
b0200fb90c91c50e3310f7f78f68fdfc,1,boleto,1,330.80
4defd3e3fe1a6db61afe4ebd7b0fda3a,1,credit_card,3,77.34
b96cb3fd98ba13f5a573fc64dfe1ee10,2,credit_card,1,20.75
8ca5bdac5ebe8f2d6fc9171d5ebc906a,7,voucher,1,15.00
204afbf2adcafc867358369a658ea7aa,1,credit_card,3,121.34
7372a6934463ad68c06feb59d74c1b12,1,boleto,1,158.78
3ecc3a4cbe43e1e70c4f20956250fdde,1,credit_card,2,148.22
dd4d68bbd3083ae0ee1f51019cffc924,1,credit_card,1,45.00
af4a3b84719be0c3055f092f687f7142,1,credit_card,1,28.01
756e696d1e7ff7fd6728f59e92e22651,1,credit_card,2,90.24
daf73a7e8196228eedcdef72c89aaa34,1,credit_card,1,35.69
a417622e6361486aba3c125e67f12837,1,credit_card,10,152.36
a1271d56297bed4beb42e16d758bf7e4,1,credit_card,4,59.43
86bf271e1a69a73159db69b6b820d8e2,1,credit_card,1,152.10
64234b0749a3c2853676c704243ac626,1,credit_card,1,46.29
8b2ceb139bb51537042aac7481130f5f,1,credit_card,3,167.43
275116adf4704cb53a1108b906bd2434,1,voucher,1,105.63
c9a7187610e0bf2fb8231f0e278795f3,1,credit_card,4,96.65
90ee67e34c9289cc136a3677fc118253,1,credit_card,1,74.59
8a027244dea2edca1449d9150e74eb45,1,credit_card,1,119.52
87f795f6abd4bbe786854091a9c6e651,1,credit_card,3,425.07
b12c22449b10c20ca59c61ae92eb3e72,1,credit_card,10,917.20
be929febed86ae91848b45a84c499e44,1,credit_card,1,32.38
ed2f80d07bcb176e6097b0a730d3d53d,1,boleto,1,219.89
f32c0e06190ba6756bf5532cae9f07c1,1,credit_card,4,144.82
dc9b66f791e6bc0d3a44e2c513a1d117,1,credit_card,3,214.08
c40611b989a9c073bcf8cee7d16e2473,1,boleto,1,31.32
8afeb7bc3891eac7f715564dae308c84,1,credit_card,2,205.18
c566b950d2202b136e2ae899fc0f5df4,1,credit_card,8,368.11
0b9b1c5bbb14862e0e96660280048b04,1,credit_card,1,16.38
263deb0d1a35645df1f371bfaded4589,1,credit_card,1,68.30
bc8015ad7d68e2f870c4b6f319c88f0b,1,credit_card,2,113.71
9040dcd14cc032f8abce25f90b9739d8,1,credit_card,2,47.91
52b39f7d5f670b983cae0ae2607bb1bc,1,credit_card,5,52.59
a1c5f3004b6d0b17e7c63521c8971be1,1,credit_card,2,171.00
edf3091b65403afebeb2a7cbb1682b6f,1,credit_card,2,137.81
44a4b28fae9dd152c7102f54dcd723b9,1,credit_card,2,272.39
20ff9b4b339b20ef47cfcda736a17a52,2,voucher,1,47.77
dec1d79085ef3e4503d07d746591a446,1,credit_card,8,554.40
b60e330e00299aeeafa976b885447190,2,voucher,1,100.00
219170fb08f8e9140c121645abb11cd0,2,voucher,1,26.36
31872f695709e7f0758597816a444cf2,1,credit_card,4,199.63
5c71e221fbfe172146d1ded47bf97fee,1,credit_card,1,67.30
2b73cfa36a63e2ba82be54965d188a7e,1,credit_card,1,64.10
fb662b5ba362e72d75d486ca4d29c9e4,2,voucher,1,100.00
44e5526a372b341ea535cb50b86eb7f1,1,boleto,1,154.83
f409e6b1a36ed880f8c2280446f9e6bb,1,credit_card,8,621.83
d9a41cf97194a66136b6c6b4f9118cef,1,boleto,1,95.34
a1bfb3c0cee80f07a533875f768055fb,1,credit_card,1,92.57
ca7af64c0e6b1a6fc563832581a7c544,2,voucher,1,18.48
6cf76644c711a9290b56193c43685a77,1,credit_card,1,30.86
8a3d4b5cd5e2602d148ea8f0d12f0512,1,credit_card,1,133.57
75aed426d187c5f1099af12729834732,1,credit_card,4,520.75
3933b7e5a1db4b87455b4c0a6c561690,1,boleto,1,57.53
4f7801b0527e8669f25d2f5488ea8a58,1,credit_card,8,243.52
aae5882b35279b55f02104b5ff4a50da,1,boleto,1,64.51
b0200f320613faea21c999a90efa28ab,1,credit_card,1,69.93
c72ab77b36e73ef2e5f95a0c2f9fa739,1,voucher,1,48.21
30e92c30b450ba0009e6664e0d8210dd,1,credit_card,4,49.01
4dd3c282d6328a8fb01d1051b830caf5,2,voucher,1,50.00
7ab2b693aebb8e032fc16f9c75051fdc,1,credit_card,3,87.76
ee7b9fca242afe884ce1daf3f17ae656,1,credit_card,5,312.25
9f412f386995efffd83915f323716b64,1,credit_card,8,103.28
8bfcb216f3d8db5340f681b06b710f37,1,credit_card,3,74.69
805ae182c82a33f1abbaeb238f3fe89e,1,credit_card,1,71.63
afd5ca74e46f54e04d9104595814ccb1,1,credit_card,10,1653.60
1806fe61d0bb55b8c6b9ea3fd2da7c0c,1,credit_card,8,371.28
bfa2d90f225e338dc4f848b58789a3e5,1,credit_card,3,38.09
2d82ea9060e0785b62b20ee2595d8eaa,1,debit_card,1,106.89
aef6b0710f2fdb5f533cb64fc94f2fe4,1,credit_card,1,148.60
2f3421276983f8f73c05e988a95991ba,1,credit_card,7,206.91
c344961ac6be05910dfb619e443ca671,1,credit_card,1,112.92
578e406b34a3ef878b509b9fe1813dda,1,boleto,1,66.81
294b367987f073eb316ecef17f1078a0,1,credit_card,1,75.06
09f86d1a5a7c2e8dddd1850a65f5a5d4,1,credit_card,2,24.83
f9d5369378902ad40733614f75fdc908,1,credit_card,1,41.90
cf7910e566a5943797cf835dedc85db4,1,boleto,1,113.82
cdce44545e4b01bf3773be33c0e04ec4,1,credit_card,4,196.00
5d62a96c11871f278906a1123555fb9a,1,credit_card,5,119.76
01b02139ac5f79a5de2c56284af7bb3e,1,boleto,1,148.51
6cd5caac0c1958404675f8cc9804355b,1,boleto,1,105.07
25c22896dca583d857448141d99ef3ff,1,boleto,1,82.51
6a12aff9ecb91c4cf18469bf42ccdc0d,1,boleto,1,415.52
3604c194b160cc44b8f540306dc4b644,1,credit_card,4,99.90
3ae9e8770c3e0d0f1248cee90d8f43b2,1,credit_card,6,129.86
d49ed6b5b1dd31d720b321ff3f3874f3,1,boleto,1,72.14
a8385b0ed2ef8109ce800b799f53fb7c,1,boleto,1,38.62
81c0952b750d74fa259592bdb837e42d,1,credit_card,4,87.14
967c49716bb3079dd0f2e8cc27301f92,1,credit_card,10,323.15
fa4a23d3eacd4f1794252ef37ff4e999,1,credit_card,1,118.18
0ffe5d0885533af26c298b2384eabda1,1,credit_card,3,71.92
ccec592b58e122dc2bfc2305152d9603,1,credit_card,4,81.01
4c38dc6e460b5c6de2b1acf65e646cdd,1,boleto,1,83.75
b11356165e2d19ac9c425e2f38b770e3,1,credit_card,5,327.77
28ac9e005a274e1eeec0d874ce8e27f9,1,debit_card,1,35.73
8e4090f70c05cc129247bc0edc095dbd,1,credit_card,2,108.11
c1414100e5e04a4b7a2ddb9b080ec71b,1,boleto,1,34.13
dfa6000de359663f9bf8df7da63384d5,1,credit_card,1,256.87
12d17826f8fd792f6af768cda051ff77,1,credit_card,3,90.28
83f524dae71f9cada869247b753f2abb,1,credit_card,5,112.59
2d58f989c5e9344556ea2a9526699249,1,credit_card,10,106.38
5ac4eee743a86a4f0d1b7ee150d1bb34,1,credit_card,1,47.50
3619a073d29c01c4cfb83078a695f13e,1,boleto,1,67.30
67ff89e045f61cd73790e9866d3dc6ea,1,credit_card,3,150.60
7d86c611496883136ac017bd88ffa64e,1,credit_card,1,42.83
0ac69790e2a6e4c075edbd78648a3594,1,debit_card,1,14.89
489e65ffa771589cb1326dcc34f310f2,1,boleto,1,249.18
42837323a59d9927261e3ba712300341,1,boleto,1,170.00
9a7d887bfce614393f07fa23c246e26a,1,credit_card,10,347.26
0641d69ef04d0d7b004cb9ec0106c3ea,1,credit_card,3,212.07
d16d1d91feaf7e5d293ea1ebb0a60b7f,1,credit_card,1,1.18
e96f4349b4def654f003437cb0666374,1,credit_card,1,64.42
131bcb82ecd96d251fa7eb8bb1f1baca,1,credit_card,1,375.25
c10ff28c81d0b9bd2a265bb0836c8b0c,1,credit_card,7,76.67
912806f58b85a8b3b9a57757227c9a36,1,credit_card,1,258.90
b13a6349dc3ffd0d949a6e03cf5c5aea,1,credit_card,4,108.86
79ae0e4182dcaddaa21ac3038aa4e5d9,1,credit_card,8,1042.51
e670e635e13b902d8de6bdb5026d9a88,1,boleto,1,60.00
25f680bf746bec3df11d48318ff015de,2,voucher,1,12.19
6e1544fdf72a0f33f9d87bc0a3c6aefe,1,credit_card,3,157.21
d4e47f54a1b18883138da71a1f9d5855,1,boleto,1,102.03
f3315317ae9053985e17b5378e2e6e51,1,credit_card,1,53.90
f738b7f44b5be61ae982e3ea9c87289f,1,credit_card,1,88.08
ad15c9a28a11dd4bd654f655432b931a,1,credit_card,1,77.57
3e9933bf292ae1d5b09f1fed31163522,1,credit_card,4,147.25
6df84b84d593ebbd9922b07135002bee,1,boleto,1,47.23
8e6c27f398014811b5c97729cd6ec20a,1,credit_card,10,446.00
d8460f226ff46cc80847aa244ac3d478,1,boleto,1,148.88
ed1d4b46f3903db668554c9c5b5a1d16,1,credit_card,8,236.32
684eb867dfdc67690e5160c9e1bca789,1,credit_card,4,92.50
fdd647b689626410b725d1cce2ddf37c,1,boleto,1,46.09
5a872b37ac143343156a0dc43f1a19fc,1,boleto,1,89.63
9735dec1ed2250c0791871ceed7a0161,1,credit_card,3,113.15
0d4a43cf7b7994e0a782864d075dc842,1,credit_card,1,37.38
a7e683a499b23ba394f360777a480a43,1,credit_card,1,109.33
dadeb032c1f01467182f4f0716bdd141,1,credit_card,1,20.89
21dcd2fcf462127526881cdf07741ab7,1,credit_card,6,568.63
9797a3f116ca3ac106a9ecbc8807d2fa,1,credit_card,2,167.48
266c2a7993cdd7ceb3422646db5f4ea2,1,credit_card,1,47.68
5ec91483e95a827de47b9b592f44d893,1,credit_card,1,103.47
74bd06b5f9e79f8761e2b924e65cdfde,3,voucher,1,5.98
8989fdd29d2925c7e819138db8e2ef90,1,credit_card,3,39.09
a4a299d455f10745e482d45fa2627558,1,boleto,1,115.05
2336042fef9de12619fab599b39f3d6d,1,credit_card,8,177.21
c40180549a3a3bdff8f27b84bfff14ba,1,credit_card,2,47.62
8c1d9edae3eb31bec39a9bc12b0b1368,1,credit_card,2,41.71
4a5cc9b4e332e03d76bf553a7f2fa5d3,1,credit_card,3,176.78
9788e1264a6ffeed8da515914c103b70,1,credit_card,1,40.78
4550006a45ae092d4214e3dc09b89194,1,credit_card,8,213.44
39cdc187b130d5b19a832af5443121fa,1,credit_card,1,38.29
e08f922f045b1291625cda1c4187c7a5,1,boleto,1,265.92
caad12af34fbebf34b56c9a05210f5e8,1,credit_card,1,30.77
7fef121b6b48a89fc1f2699d31476d50,1,credit_card,10,424.22
3edc1d26d1bd92c3c56e12bf85979f87,1,credit_card,7,389.16
893a4c6dd6508b5e0db4f76986f77a3c,1,boleto,1,43.60
2bc420de7e8e4174fd5c88b692c2cdaf,1,credit_card,1,21.38
192082962267d28289dfce5229891db6,1,credit_card,1,74.43
e5daa600c317dd1854619b456f89fc1b,1,boleto,1,121.93
b11885588302a2ee5cae9e5895eed42d,1,credit_card,8,105.28
b6bcb5bd5e05b11cfde23235152ebc56,1,debit_card,1,367.45
393e5ad5d9b558b7a0fd2cfc53f7f1d9,1,boleto,1,216.83
9216e5f315f7427f8bc325d861e071ec,1,credit_card,8,212.94
0470834755105bf0bb1c3062a73f1d99,1,boleto,1,51.50
10c3c7fea20a1ed15c6e55e90b3fb084,1,credit_card,1,25.84
d709f76aa4bb3f06603642d3a70bc3ee,1,boleto,1,49.65
f2b609cb8300d9cf7f2731582909bd61,1,credit_card,8,166.74
61a0ecb5082b25a8cf031a6402a1e030,1,boleto,1,64.03
16693a75a341d20873b58f312464e250,1,credit_card,1,44.49
3418c754c6d0c412d57cca00b6ccfbe2,2,voucher,1,4.39
b8ccf087dea4fc431e71277cf66ed793,2,voucher,1,100.00
8d34f2fdac1faf9db254624c34f20c00,1,boleto,1,67.02
56329c4faab8b220947aaf471b09e4a0,1,credit_card,1,154.04
ec5a5d1ef3b5144148279ec0141de946,1,credit_card,3,43.78
71d85c2db870a3606e1ef292aec2d5b0,1,credit_card,2,74.74
5b6d199e9bbb33ac85dccad58acb53fa,1,credit_card,1,28.38
3e049a81d7ed034671533b968ac28274,1,credit_card,10,153.99
f696d20b36a94c22477593f82ed4217d,1,boleto,1,29.78
91481fd2c4c491b2e7b8fc96167b68ca,1,credit_card,2,75.76
ea0640a9f021b9f129b25d54e4c649f2,1,credit_card,7,72.10
5deac2860e55974b9ffa8e2cdc42c58d,1,credit_card,1,211.16
5ec4ec0bb9c63325c2a003b014c9b7b5,1,credit_card,1,28.79
47ba8ee2f9f72b56bccd68cfb89aced9,1,credit_card,1,28.87
94781b7e571ded2ff6f80434f6fe2a43,1,credit_card,10,1653.60
e06b4a36b87fa33d65f03cc6b3108d1f,1,credit_card,3,353.07
847ce38c5fcd5423e7409a0f9314a19a,1,credit_card,1,41.22
81c8c50f5b81cee4d6dab16ff25f5884,1,credit_card,10,384.50
ef8c0e8009daa5ba8b92359799980139,1,boleto,1,102.23
2383d9fafbf6a8af2c96b3ffd0c70280,1,credit_card,1,44.52
cdbf1b19ed3de1544a0b6980ef0aa28b,1,credit_card,5,108.29
7f618e95a2132e363ba0b67f76415c93,1,credit_card,6,223.14
0e8d01612d9142229f68faabe6a0c51c,1,credit_card,5,53.05
079c9f53e6c3253320db701a645b0b9a,1,credit_card,9,98.23
c7977a0bc84c2c27cea943159176bebc,1,debit_card,1,129.14
61da7dd07ba150343f903e595dea5dc7,1,boleto,1,219.35
2bcf4e578cdef71f59c90c4c50ce5853,1,credit_card,6,593.73
d80776183a62be9d9a9eb2dd9b8e92bb,1,credit_card,3,92.06
4b46e49817058cac906f2c219cc7351e,1,credit_card,1,35.22
9e7752c172e3994115a2cd609a18de29,1,credit_card,8,1338.41
9b536ddb073db4391797658cad90522f,1,credit_card,10,1022.82
ea84037149fffac865af31b750615c96,1,credit_card,5,68.13
82f8075cd1fb2c19c0913c34ccdc969f,1,credit_card,1,83.11
06ba8c77c2419a72756b5660b04e3188,1,boleto,1,231.88
fb81538ad88f59a4eb26ec0627825830,1,credit_card,6,62.80
6f0623ab7d14898da15e456013f185e9,1,credit_card,1,27.00
02dbd29bc7a490d582762fae9f0fd997,1,credit_card,1,19.95
0cc53a27cb4eec43723454e212e469cc,1,credit_card,10,192.44
c5b4603b059b6c316075753ec32b269b,1,credit_card,4,427.34
c290cb2817cca2e8d2656617d17acfad,1,credit_card,1,33.62
95dc0bd3155ab8bbe4d5076ea9658805,1,credit_card,4,218.48
c2df8e6efaa171c3bb0b11481dbd48aa,1,credit_card,1,35.84
d2af11a33bb15deb68513119e6159591,1,credit_card,1,34.65
bd4e1aca3bf7bf2885e95ac5072be970,1,credit_card,10,360.66
cf101c3abd3c061ca9f78c1bbb1125af,11,voucher,1,8.46
cb71dc72237d3c654e1ac60c2ea343e2,1,credit_card,4,42.83
e7321975436d5f8b04e468048b861e31,1,boleto,1,164.26
f0eaecfa7f4a74e4227e177eb23ed299,2,voucher,1,38.71
2c173fae740c25aaf8668bc3eeda0114,1,credit_card,1,35.96
ecae73914f65a01db35cc609281364ef,1,credit_card,3,154.63
cce7e119d3482fd320eedc96e93f834c,1,credit_card,2,165.57
2ca9036cf880a76f0a41894ede902e55,3,voucher,1,7.30
099be5827a2f9692b1c1ad111affc9d1,1,boleto,1,46.78
fa96c5866627abf8d7c8e2e371eb2504,1,credit_card,5,182.36
3d320afe6c5a89ea025c81254ecfdfae,1,boleto,1,53.05
49acb5fc9c65246c7611d008c2304353,1,credit_card,2,72.61
6d0f82a01588821c295aabc53d05a552,1,credit_card,3,88.05
3fd1f1349635cb4c9b1f43de5594396e,1,credit_card,1,37.75
aa8434554633cbb808bb70f4f2d6bbcf,1,boleto,1,52.83
2dee1b58f6f3c724427ad545adf6d5e4,1,credit_card,2,128.34
9a09c8f0e971786c75d28809043dc55d,1,credit_card,1,56.78
e991f50bb727c1894e1f74527af4edf8,1,credit_card,2,65.13
239ac2c07beceefddb4e1017b9aabeda,1,boleto,1,166.71
108041cfc40e06d2d7a97c426bc6b90f,1,credit_card,5,126.74
5874c5a855871e35bc123b521d3d041a,1,credit_card,1,200.00
d9a2b5f65a8710b7b169d27db28c5d26,1,credit_card,4,122.11
1378ae963e03b117d380f928164e9599,1,credit_card,1,42.68
1bd87f39c9bb8c699ef042b3e79ac18d,1,credit_card,2,183.65
909848fc22bea821de7a92b2dc614338,1,credit_card,1,99.90
fb025feb5409d5d084e05d995c0e0e7c,1,credit_card,1,76.74
bd5a5d136ec2b172779857caced38ddc,1,credit_card,2,41.72
326f84ca831c054450d6e1999b80daaf,1,credit_card,1,45.78
17c6fca3637ae29093221f080840ff9e,1,credit_card,4,196.92
1e694578c3bfb0d61227a5261822af1b,1,credit_card,1,97.05
3c4329c91605952deb53464dc789ae79,1,credit_card,2,232.75
ccaafa8bd853d25f4e7b1fb18f97e719,1,credit_card,4,130.68
8d4b407022b632729179432fdecbc16e,1,credit_card,5,88.06
0933fe2645eef2cb8ca4aeadb9d3834b,1,credit_card,1,75.10
d05843f19339db42477d8855fa69026d,1,credit_card,2,70.07
16a811fb1fdf869b3b5ab6f91b6f36bb,1,debit_card,1,88.83
a001b4bdccb41f62d0c780dcfa1f6ab1,1,credit_card,3,64.10
f9a68878fc98bcaaa39b14e773ca6970,1,credit_card,3,72.73
7174ecbb9386dc1387ffb830640d7411,1,credit_card,1,42.86
ef45f5b9b9146357bf702bb363b16899,1,credit_card,5,54.51
d072b2eadd483cbf8b54f0ff76ef879d,1,credit_card,10,243.78
188e8c3184383f5eee9e40255048191b,1,credit_card,1,120.84
9a0b2a68507680a6e151319e4b6e68f7,1,credit_card,6,891.86
157676ef5dfcf1a927e0b60948918946,1,credit_card,1,46.69
9ea6398b10d10c356659219b846d13f1,1,credit_card,3,105.80
7488261a98cd6d7cf4407a8d6ed81095,1,credit_card,1,5.53
6d58638e32674bebee793a47ac4cbadc,7,voucher,1,10.45
86336bae769e4fb1af25f7bdb4b12cea,2,voucher,1,8.10
7ad0fb12f6d6b5d498db0bbfde6038bd,3,voucher,1,7.32
76870eacf3fa50d0cce734ff1a826aa2,1,credit_card,1,47.23
3bb17a1322700272d8886d9d5e174bd8,1,credit_card,3,510.72
ada852cf7a2944b2980679fbf593bf6e,1,credit_card,4,45.53
063009988101940b4392ba9b2f2ca112,1,boleto,1,28.20
9b05e5be44c83c64626fb21d4bba7118,1,credit_card,10,604.30
18365e069e7aa176d76d25df0a233e6a,1,credit_card,1,61.53
92b16e4bf4524a212222c92e9114f55c,1,credit_card,1,49.00
ef71d3927bb2fecd198389f0c4b8044e,1,credit_card,1,26.68
54221b8fe80966d39640af9f26d184fc,1,credit_card,4,111.80
b76914fad8489589b7eca037a01c7dc6,1,credit_card,1,88.48
aca8c2b847a4cb482f374429b5210c29,1,boleto,1,68.49
596f9f1543a2c306f3aec8f22e806ff0,1,credit_card,10,189.86
aa9113495d5498b01ea4a235c64f2849,7,voucher,1,14.58
00254baeb6c932b0a8aeead91fbd02b5,1,credit_card,2,193.01
bda46920fb31dc59b147208200b18377,1,boleto,1,160.07
9c8dea197b1aa3f75bf1baf53df41fd8,1,credit_card,2,50.01
c4ba85cd686fc7f9d56edb6fa4471e91,1,debit_card,1,90.75
ad7dbdfbd06591893e48b29f3f45c9f3,1,credit_card,1,53.22
6e273ddda8f080e930bfd87f011395c7,1,credit_card,2,60.34
e1e39308201436c191f69c423662c648,1,credit_card,7,224.10
462240cb1ec4e5db517e73fff57ebfc0,3,voucher,1,10.92
97f5d9e6ef81b10425e390ed53165124,1,credit_card,2,162.55
05f3fc274d71ebbd552966d716c9039d,1,credit_card,2,167.97
c272bcd21c287498b4883c7512019702,1,credit_card,1,97.68
5beb64ae1902fb292d8148537bc85808,1,boleto,1,198.86
fa55043a687b814114cc0aec038ff1b7,1,credit_card,1,119.93
b8226aa72dca6aad3bd514885b7b02e8,2,voucher,1,70.95
fb6a01b94b2f20833eb7593ea1a54a8f,1,credit_card,8,405.33
9e40c7c987e4491a52592d5fe7f6e50b,1,credit_card,2,26.77
315f7759c3f6557f50e47798ccd673a3,2,voucher,1,9.23
57a05984170fbb84344898547914f22c,1,credit_card,8,106.31
aabe36f3706e352ac62dcb1caa6d9d79,1,credit_card,1,120.20
ecfac5c29a3281d0ccd4cd7b53ae7ece,1,credit_card,1,26.43
0c63eb238a8ea5d783171577db5d7f70,1,boleto,1,28.80
25b07f3f8652eeb49c6badad653a014b,1,credit_card,2,571.95
e1eee861f6f4b4d256ba90262baea032,1,credit_card,3,38.75
8d6342c5d498f0042ad00193ce3038c8,1,boleto,1,386.81
70cca242632c1f58abe233c9ea071415,1,credit_card,1,204.48
0d21189c5494d8288ee358b3b24f85b4,1,boleto,1,253.79
e8e5d972d73d38807a474519f2f23658,1,credit_card,5,115.36
add940502d0460714892c63cc13c07eb,2,voucher,1,36.54
d5af3f91478b15918f7250953622d89d,1,credit_card,4,199.00
88d707d3bef4ca2fc83d34f2d899dea4,1,credit_card,18,802.68
a4d54099b02f1e3e36119e0417225d23,1,credit_card,3,86.25
588c0e3b460d83b9cd8a270edc0f4da0,1,boleto,1,204.20
045d2b8e16b8512db26e4d3d1a3e5198,1,credit_card,1,47.78
570daa876f56bc4b6b5e503e01318c0e,1,credit_card,4,82.42
9d54b7013ee149b8457d484c63fc02ce,1,boleto,1,67.50
2266500ca5b798560c757fd60dd13462,1,boleto,1,121.88
607a624a0fb32899edc4e3f9c9b24189,1,boleto,1,548.42
7777085bae1981f347bc9a00c53f1c75,1,boleto,1,73.34
83906d88623796246961d2a1de70175d,1,debit_card,1,28.29
caa157284ffa71411abb3f7b94102de5,1,credit_card,4,75.65
20085191cbcabee83a2016eb4a9fbf21,1,credit_card,2,103.50
621072862bc6de6626af8ce049533638,1,credit_card,2,28.58
67e38e175cf79b1600eab312aec838c0,1,credit_card,2,262.39
6d46f8b7f485ad93146f9880682d4eb2,1,credit_card,4,62.08
b8a0ea35d4a5efa22c003976eb138ebc,1,boleto,1,85.81
0359f367ef22ad541b0bdc484158be09,1,credit_card,10,223.48
997428ea645e3cced2ab880385654112,1,credit_card,1,47.29
a910d527d324ae071c473e5154238031,1,credit_card,8,241.15
57abb1f66732171fe6a0c44a796f747e,1,credit_card,3,138.68
9e7147a6ff3d5299da2672e1c64c9c49,1,credit_card,6,87.44
70b35acffdf851e782ebf6fbc35eb620,1,credit_card,2,223.38
977e2e63a3b6924e344efa8c684f83dd,1,boleto,1,22.75
6c575369cec00e2f8bd918f14c1fc0fa,1,credit_card,3,259.91
39597e816452d67775b185a4de2f583f,1,boleto,1,116.36
28c82a8f08d843332818f4f2673e0128,1,credit_card,10,195.91
ba1ffea739c021afe21346cf0cc9264b,1,boleto,1,114.60
117c312b89fc4ef46fca3f4b0c53829b,1,credit_card,1,31.71
6e2a61e003671ce7d10f12dda7dba3e2,1,credit_card,1,64.03
23d69db9fe30226c8347963edcdf819c,1,credit_card,1,175.77
641fffc35cd22fa1a6092b0c0dd903b3,1,credit_card,4,194.50
96d307dc05503506515055b86a580e86,1,credit_card,2,205.61
9d80c772b0c65884e80514abb626b94d,1,boleto,1,58.27
6836068790e98af482ed0d16fa65d535,1,credit_card,4,205.75
4c1fd23882ba19dd4163989a484ad75c,1,credit_card,10,155.08
61bc8dd0e1ab999fd06dc63b7295dee4,1,credit_card,1,36.98
9dff7bf880b1277a4bfd5181d5a09ca8,1,debit_card,1,31.69
8486fd83698ac11d01786e0d04f9ec8d,1,credit_card,10,128.13
db1c88d4bd1bcbbdb71dae0d17198fc0,1,boleto,1,89.08
9eb628e57f6ac8d0e5ef022e6bd9030c,1,credit_card,4,114.32
6c5668e3fb9c385112fb6ab07093253e,1,credit_card,3,192.09
5ad720f90855a1b905286d8a59dd0aca,1,boleto,1,82.91
97104e6fa1fbbf9bf29587310476ccaf,1,credit_card,2,79.98
07f267d3cb28221009ef6852101d70c7,1,credit_card,2,38.01
559d606ac642899e44550f194fec7e08,1,credit_card,10,262.24
87498922d23ddd027a9015ab6fafa886,1,credit_card,4,162.76
0ddd8dbe3b0d08b247e46ff98c1b5f45,1,boleto,1,33.19
90176c61fcf0cfd97a3e373c0375ec49,1,credit_card,10,177.24
2ae6d828f4cf351ecb662a1f2c30aa93,1,boleto,1,86.94
7eb5250ca7b7e2436c5114888c655c1d,1,credit_card,1,35.14
df30936d84a3371e34e3180c4fa953e3,1,credit_card,1,56.00
6bd11fe98af2b892fa7e7dbeb3e40cb6,1,credit_card,1,34.00
cdad73cef8e0453475b6bea7641a8ab4,1,credit_card,4,45.09
6f0a7a4f82b93cb505c3434e16a1d984,1,credit_card,2,98.34
95238556fec6ef59d8ed25b4379008bb,1,credit_card,1,647.54
9d7c75d76a63b0e133c2cc1b3b4b7faf,1,credit_card,3,63.52
30772e8067a521b283ee42a65370a040,1,credit_card,8,184.84
9da02db988be4c6560597e90391a4cdc,1,credit_card,2,127.98
2325d666957d7dff6712511c743fb2ff,1,credit_card,5,53.10
8a6d43f80f46382ebf68f93d7569363a,1,boleto,1,46.43
184470638d1eed17dd8215b62c63221d,1,credit_card,4,47.62
eac51ba7a8bd2abf757e03c95fba700e,1,credit_card,10,121.46
ec33c3443b392906a9f78c84c93db4ba,1,credit_card,1,26.39
07b9210fa8f57b996c79cb931e817393,1,boleto,1,48.13
0814daa4d12a646aeb73c429d5852f4d,2,voucher,1,47.05
0f2f7e210f5079ed1f797cb4aed6dfbc,1,credit_card,1,212.52
f240664fa94d4650c67cbdc818bc8135,1,credit_card,5,611.12
9e96e482f747d3cb997cff90397a37d3,1,credit_card,5,56.78
b340bad398af7decf0274add863baa06,1,credit_card,2,73.15
ee85f19387464b0c9f70dfb6f5005a18,1,credit_card,2,73.56
3e260a92ff50c19fbc36aa8a1d0970d1,1,credit_card,1,56.05
105c03baa047b0d003f78f9566ee0984,1,credit_card,2,56.78
d10046876c7d9f01613da59ffa6cb07f,1,credit_card,1,141.97
0896eccb8187d6b1738ce4a3a1add1b3,1,credit_card,1,105.69
79d749678534d9a06ffda62f1bf68962,1,boleto,1,94.96
8f674e19defa0b20b6d47b6267f5c847,1,credit_card,2,160.50
e19a8635d806af6ae2d20b3de998b0c8,1,credit_card,1,120.08
724a9c4449f1ff54ffe60064715811e1,1,credit_card,3,79.43
1836449b27f6394061739f38bad607e8,1,credit_card,1,16.39
b5bdf19b8bbc9d7daf5eb8f087a8895e,1,credit_card,10,111.70
e82323311535cbac6219860ae75532d3,1,boleto,1,78.17
ee4f89a4d2cea2a4910f24c491696af1,1,boleto,1,112.32
620ea07d40c8834b597d0eba70441dc5,1,credit_card,10,328.00
2af4817f66a5aeb427fc06e41204bc7b,1,credit_card,1,22.73
37f50248620b9081be972779cc175160,1,boleto,1,105.28
eb8871f7b0a4b2678e414a280b52349b,1,credit_card,1,52.29
0ed1ecbc5549385cca91dd012b659584,1,credit_card,1,49.47
f7247b9bfe84eb166ffc3c5fce94be54,1,boleto,1,35.00
a2fdb1524c742eb62a4dd8e37588e9d2,1,boleto,1,210.29
677829eb9901f0a1e2fc70b129937cc7,1,boleto,1,43.59
ba3bd287d88367a6ecf4ebc58a5b1478,1,credit_card,1,144.21
88ee50871d29b82810c4a8bac33aa004,1,credit_card,4,137.41
0176d7e16d1bd14cde42d9d3a24e525b,1,credit_card,4,102.22
78f62098f3fbba55d5a6fc9b2e072cc2,1,credit_card,5,107.78
0650ef96422834cca0cc7799efbf6307,1,credit_card,2,118.88
0f2d5ecfa7bf7c7319f63e1ac4267b1a,1,boleto,1,199.52
ea967d0366237c813c6b152725ad11da,1,credit_card,1,211.12
6c188fc65509444271c3c57cb038bc06,1,credit_card,1,251.65
7289e899d9083d1c93469d36a42d1dea,1,boleto,1,141.45
5b1629115cf38158bd2f439bfbb69d08,1,credit_card,3,62.83
e9afde34823f289edc4598cfc1280a46,1,credit_card,10,517.22
bafef85881303806cc2d726bda04dfd7,1,boleto,1,67.83
e40632c1a86bf79342051a1ed16149c3,1,credit_card,1,27.23
2b15043612beef9240f3a17d949c09c9,1,boleto,1,156.06
7f00712c268844b83fbb7db60193e5eb,1,boleto,1,156.40
dcb51dcb7db5cd9a3d44ebf6002bc080,1,boleto,1,69.40
bbc82e918e96057462aa6983e7035fe5,2,voucher,1,30.99
6e86dd87eb30b6b70932e528415ff5c3,1,boleto,1,101.86
ab291c01a71273689c1e6ea624b083dc,1,boleto,1,71.82
cbd8116a714dcdfd07755c3dd1cb6e1b,1,credit_card,8,117.85
af44ea15e758ded763d79c76a2354bb4,1,boleto,1,46.00
e842dc26adcaa67fb96f4e32c2cf97cc,1,credit_card,6,72.73
53d6fdda7e6cd60c16d5051f00ac2af3,1,credit_card,12,1225.05
63a529c7538a58649327440872ef8b2d,1,credit_card,10,158.13
4973b3b81af1585534c0b3de209acec6,1,credit_card,4,207.86
3c8c8b2ae428da4a2bd9c4547354630c,2,voucher,1,32.31
96ed110f6c91b349ff7ab376c8fa9400,1,credit_card,1,7.09
3142b77fc8c5d3b848943f5727c3901a,1,credit_card,1,118.35
b05c947b44026d14b7e7db05402d206a,1,credit_card,4,200.21
f25f0fc51351ac9fc1dac7f8fbe59470,1,credit_card,2,42.51
7fa9efca67559f2f13c0656e55967397,1,credit_card,5,55.24
8510aa728676190536f53ffdc5a8010c,1,credit_card,1,116.13
7b1fa4766801ccecaa2fc8dba3afc30d,1,credit_card,1,37.59
448c9f2fc5df55e4391c6314e93c93b1,1,credit_card,3,77.13
5d5b6b66aff814c78983f7f220014db9,1,debit_card,1,69.71
0ee8b349c2365dd4a396a819fc586cc1,1,credit_card,8,228.96
489191dca3848c2c6ddbf667d4935fc3,1,credit_card,1,52.95
4a1ea52e0dfcd2d974464a1cb86cfbf2,1,credit_card,3,123.03
906c0311a3334730009a5ef558c391a9,1,boleto,1,50.25
608582593b18710bb42b20dab9dc9b06,1,credit_card,2,133.25
2668da32aacf500cc535a4915f6efd91,1,credit_card,2,49.42
afd71840756746edd2c71bd69b2e904e,2,credit_card,2,21.68
50f1da608adf7f52978abb3906273dad,1,credit_card,1,54.10
dac20199c3b53e630f19bf3dc1744bba,1,credit_card,1,81.21
8f28f92f45566ee07cb2825ff5bea311,1,credit_card,1,103.51
7f73f6d23431719381a2b967e70556a5,1,credit_card,3,131.08
5fd8e536596df0210d3e483288529070,1,credit_card,1,158.07
1b3d11cf9f92c0f7baf627ab059621f8,1,credit_card,1,16.71
db75986a05f58fd2d1c6c867cd37ca09,1,credit_card,10,120.38
53286d8c8661db85d83d2ceac0f41c53,1,credit_card,3,108.17
6b4fe75bdf8d4a467678bc8f2132c06a,1,credit_card,3,183.73
130d27e7e69cabe35e3fa920f6b4664d,1,credit_card,6,506.39
f280a33d2c98180e655aaca0e9b48cfe,1,boleto,1,319.11
b47b5e44e9e8ee3b208ddedeecb130f6,1,credit_card,3,191.46
6e393ebbf62792edf010e66e135c7b7c,1,credit_card,3,79.90
d191ac7a9642a12d39419f26f43f800c,1,credit_card,8,183.92
777c67eab7c0712ccde8ffbb22715adb,1,boleto,1,147.30
c82a457d646f77c8f151e12a3e517ed2,1,credit_card,3,145.00
54ac92ea720b2574ecf18f372f41ea71,1,voucher,1,22.06
d5af6d41c141d7f5e36c08e509167d01,1,credit_card,5,82.98
637b8707a779cf11512f479310e5751a,1,boleto,1,54.37
fb3579e233140aac61c80d50536941b4,1,credit_card,3,91.66
ad366003d331bb0eaa77c1efc5570657,1,boleto,1,93.28
81db77f7fab05cb60fa338aee13d08c7,1,credit_card,5,59.14
e9e17d3f50c94ed095960540ab67270f,1,credit_card,1,77.79
3dd5f3e88e755bfddd878c1be9903b4c,1,credit_card,2,99.57
0f286dcb49da58061b9ae488027e4033,2,voucher,1,50.00
23aee6ac2f5a0a3056aa62c615974c0c,1,credit_card,2,1518.55
0a4e4a3dd6cacc3db584029b55817aac,1,credit_card,1,114.74
a5bb5fa7247f09fa0a4f28ee69aa6dc6,1,credit_card,2,87.27
f15fc36c72600b6599d1bd11b1721a6f,1,debit_card,1,130.69
8ee92e454fa78d4960e68a1520891e9d,1,credit_card,1,9.16
e64e0f28c8abfe6f9a018e383c11c428,1,boleto,1,103.60
bd7ed28cedb8147c71f09e3ab23c369f,1,credit_card,1,108.90
dc96a12713fb7cbfd8feac4ab0b8f2a2,8,voucher,1,30.00
7ed823f248a9cadcbe22557af49a9be4,1,credit_card,1,55.09
91e37208355ef2b54b5d8217ed81f365,1,boleto,1,32.63
61f7e7ef2c1d5d0d982e76485fd6bde1,1,credit_card,10,398.85
1daa6ab0e228948b72015ab51ea288f6,1,credit_card,1,122.90
6f4f0d429c1e1ad2cf84924fe07ffd71,1,credit_card,7,75.68
5ab5ab13fd02495f204ffe2724aecf49,1,credit_card,4,47.68
194a5d341c8262e8c0adbaade970ed2a,1,credit_card,2,75.07
8549f693ac0aefd770eee2cdd7e18e08,1,credit_card,4,43.09
57e28ab5d639eeed2e739f7550fc7061,1,credit_card,3,58.20
6ed043d494d076830babf38c25630d86,1,credit_card,10,341.51
567cc2038bd5fc2994630f15ba392df9,1,credit_card,3,228.41
03ecec245220b63fd7f68c1737ba99ba,2,voucher,1,56.39
eb14d693be5c40bf50f8dff9d85abc21,1,credit_card,1,71.63
710e2c5ff9a94d1abd06aee65f2ab524,1,credit_card,1,187.34
960191fcb6e80a09e5060e382e0046b8,1,boleto,1,62.69
c66d7d7161db3e10260d556577fc86ca,1,credit_card,1,91.08
2ffb45ec99d3fc4942ee973e41e630a9,1,credit_card,1,87.94
2eecff6c8b6593b3b109fa0524de56d1,1,boleto,1,75.27
bfd2cf5a993d1f386d0ba7fe0cfe6b7e,1,boleto,1,88.08
e64491110f2ae901a81c88667bdb2139,1,boleto,1,97.17
4c9671e28ccfc8dafb3a9479e8f51adf,1,voucher,1,298.09
55090b3dd39aed5a2019b57cce6b174d,1,boleto,1,125.09
e631329d8cbc84d757e4c471509f4cf2,1,credit_card,8,156.33
07f593272eee0c411250e23e84846787,1,credit_card,2,58.49
2904d3ae0064e840ffb4798ba4a12ae3,1,boleto,1,73.34
5f244a6504c6895a4ab7c4cafe9b9a43,2,voucher,1,8.96
496ed3d2f9bcb86cb243f5e9fe1627e5,1,credit_card,10,191.58
034bc91b27d0de97e2ffa04946137764,1,boleto,1,54.00
f8ce44a2b968fb3a529759c244a1ac4a,1,credit_card,5,50.13
3f3e4083688c07129239450773e84282,1,credit_card,1,76.78
3b2ed015a009d565797abd448a431da5,1,boleto,1,519.74
a31768d1614db23dfc711f738b2b774f,1,credit_card,8,165.67
0b4379c15168b7275dd2ee52a06f4294,1,credit_card,6,61.01
c6db4893805db548fa7965bcaf7e778f,1,boleto,1,63.79
3cc8411a4e4c202d794d444154b17835,1,voucher,1,21.15
b392178525db3323c13bd67d9dee38ff,1,credit_card,5,76.57
3b54c56c2a6be822cfdd5a7eff24add0,1,boleto,1,28.73
1778390c079b0ec4b78c82d39b9d2e3e,1,credit_card,2,108.83
07e8a98c9affe8a0d02edf6229912b90,1,credit_card,7,167.62
e2ecc8a06aa292e6cf6f88f2826dd141,1,credit_card,1,63.82
4507dd7dedf9adef4850d18ba67130ef,1,credit_card,6,61.01
0c6b011f8a4f87010c23995f5807d152,1,credit_card,6,66.02
f3c7f31502a61f206c30c674a4ada401,1,credit_card,2,233.04
40162ae5bb70d47120362293259bedb9,1,credit_card,1,77.57
d21d7411b251f35ead1b210dc946ca70,7,voucher,1,48.85
7b73889e40574f23f35f71c026fb141c,1,credit_card,2,189.56
bb31ece4e45d4374e78389359b01f690,1,credit_card,2,126.90
5b4b69da34150b8394c7788bf2e9f99f,1,credit_card,1,79.61
4e204da6cc8b59dcfdc532fb5a9281f0,1,credit_card,4,109.22
75c838929fc9fdc534736298de895cf0,1,credit_card,10,378.39
216abf06d82d5abe6b9f5eaffeba374b,1,credit_card,2,186.84
973b7f50240979971b3f5f8913d09e23,1,credit_card,3,92.76
110bb98db579131adc6f4d8bbd97c673,1,credit_card,1,39.28
14f1fe61fec0f60c84af122793ddf0f9,1,credit_card,8,254.25
3c224717f735680c865cdb827b6c81bd,1,credit_card,1,48.68
fbd0115d6ad4a47c2b80a49014956a0e,1,boleto,1,77.99
9c76544bc3be770f1d1577a923ca28c5,1,credit_card,10,248.36
e0c83ad159e2cd8db050164ca8b9b9b5,1,credit_card,8,381.90
480fff17578e0142778efc96128ffab3,1,credit_card,9,96.26
813036395db381f187d5429f5ee758ac,1,credit_card,10,134.01
b1ec6c247af2e78825a5cee5cacc925e,1,credit_card,3,235.70
f6eff1e7a78b73bc93814ee0fa7883cd,1,credit_card,1,384.79
ea6180f0dae5d1e801939463789f2c3a,1,credit_card,5,126.92
9acc2273b31b949190b1e828d326a926,1,credit_card,1,34.22
d4bc55bf7aa33f5d5d8b6b53d1e2eb8f,1,credit_card,1,76.76
07f56da421233e467768e579872a0a9b,1,credit_card,1,39.28
a5de9034056efda4d24346ed92962a22,1,credit_card,4,94.48
72b96eeec6f77bbfdc38148e46667c01,1,credit_card,1,575.68
44d316d2e1eb305ec56acf91ab65b82a,1,boleto,1,71.80
11609008a7e4bb0256bcfd643ebc6a7f,1,credit_card,3,291.32
15b9bbc3bfc272e14a8da450ed7867c2,1,credit_card,2,82.50
c5c3f8505307266d936b0127ad17be75,1,credit_card,3,101.34
d7dfe1042cd73f6cdd20a71ed7fef816,1,credit_card,6,61.09
9c9e615a6b717a5c6fd398ef41422f14,1,boleto,1,53.90
7ebc6754bb5e6f1cfafe6b2c9bb6df44,1,credit_card,2,56.75
e79f873315375aad54aa74ee8119dc40,1,boleto,1,36.96
ebc54f9d25f320184ed5cd3953e6a2cc,1,credit_card,3,78.70
ca3708e6c8014edc9292636d42479ee7,1,credit_card,5,53.27
e17ed9c20d79f29256a4a514e8d07230,2,debit_card,1,118.43
fb30f702a40235635b55552094ce6f88,1,boleto,1,199.49
f90aa72a8cc03aa3c3f50789ee872c13,1,boleto,1,112.84
2914261304b677c941947ce10f6424ec,1,boleto,1,215.14
2330997bb48bfc161534281ecbda1739,1,credit_card,6,68.35
26e1b052ba34536f5766198e15bed1c2,1,boleto,1,38.13
68be5488c0fe6f10d9fcf87080556f7c,1,credit_card,1,97.89
2484292effef815afca81d5c348d769b,1,credit_card,10,260.13
7ede9e815cd2aac7e60071e67117f176,1,credit_card,10,128.48
ca3bf4af04cea159087307d0826d5ddf,1,credit_card,3,186.70
a4d7798ee6134112ad2d8b3038c03cb1,1,credit_card,1,131.46
43ffc9065f8cc9f90df31987043188d1,1,credit_card,1,314.52
d94600e5b855ffe8db3b9bc06e21b1bd,1,boleto,1,57.36
aed8573ac2c1e7bdccb04472bbeaec39,1,credit_card,2,129.12
ae008476d71178d5dec116ecd90a9471,1,credit_card,5,253.99
9903b2c5405f73a9370435b3848f8d4c,1,credit_card,1,125.42
2b6347490306d1c429b6b911ea03f6b8,1,credit_card,1,103.27
429db7656bb9bd2a1fc038fcbc4fa159,1,boleto,1,211.92
75ff5ef357ea667a4852b346c50f656e,1,credit_card,3,199.06
9827a7b79fe79be87d4d845fbe1e16e4,1,boleto,1,31.38
5e0eae0316373e1459c05b539e18f060,1,credit_card,1,27.68
ac471bdf9aff56c1d79cc301b52ec72a,1,credit_card,3,70.91
eadaca4f30575b6c3a4c4efebce9d252,1,credit_card,10,940.65
626def5d634d7a7c180f03cdd9178930,1,credit_card,1,12.82
c5bbc2e1ea510338b16c37d3bd7437cc,1,credit_card,10,178.90
31afbc557a75e6fa50e0a81391004fb7,1,credit_card,1,36.90
5a688ff634ac5a154a1e6f65d29d51e2,1,credit_card,2,40.23
0b3e1c68302779e0c67d97c5b8ed17f7,1,credit_card,10,343.51
4792d1ecf41afb08745855d6ae845d90,1,credit_card,8,135.07
528b9cd42ab9f06d9cbf1416835076da,1,credit_card,1,82.52
b31c7b160649d8f3ffac2298a94a38ec,1,credit_card,1,62.70
9f9f7954335300799dadf3248f229115,1,credit_card,7,171.77
e124baaf335d4ab03e2130c04d979065,1,credit_card,6,136.10
cc0d2c0ee3e33e3492e690fb44e1c11f,1,credit_card,2,118.35
2ee76a4a1d729880a350fcda807b492b,1,credit_card,10,141.51
61fa17b757ab7e6e7900e8ea76786e0d,2,voucher,1,90.10
72e2c4bbd8ad5d2eec29b795d95afbe2,1,credit_card,10,1006.77
9e635c54c1b48e4a6c2dee84d2f4f11a,1,credit_card,1,24.75
e6baf197cf97695698df42588f7c0d05,1,boleto,1,36.88
fca0397489a3333e988ec1218efe40b6,1,credit_card,10,111.61
c3f2643fac2837e3768d0ce83771e322,1,credit_card,4,48.21
9a3966c23190dbdbaabed08e8429c006,1,credit_card,5,4042.74
56142b6c34c40cccb3e3ee8308a4ae76,3,voucher,1,9.15
afcf3863fcb506587dd64998940c5785,1,boleto,1,60.78
71d27026352e4ce6f225aa02cd8bacc3,1,credit_card,3,56.77
a7d6efcf25cbcbce23dbef446eb827d6,1,boleto,1,113.44
1482f7aea7e4031900a723ccb869f8d4,1,credit_card,6,152.99
0bfbb90a7081700d37f79af63c088655,1,credit_card,3,34.09
7482f12f16a862671e5e3951ef33d2c1,1,boleto,1,42.78
dae91c4dced184f9ead8277e600b44a2,1,credit_card,2,133.47
d08c5166c66141d063d3f11027334ac9,1,credit_card,2,128.21
88981e5b92eb0fc6291a66ce7b892029,1,credit_card,1,32.00
489b4af31f96f42648f0c0636a51b289,1,credit_card,3,157.21
1326c2f23bda822e4ffdd5764e04311e,1,credit_card,1,34.59
2f64f730b534c45e97b887c36a0ea0fd,1,boleto,1,298.99
1c2ed37904500c8dfad13c54d3ed8043,1,credit_card,3,702.07
257e2d62e2b031eb09cea19d847305c6,1,credit_card,8,372.01
f3995b1ff5cd6d29f4abc7636a65b2d2,1,credit_card,1,66.67
290d464dc4d780ddcd120552cf21c640,1,credit_card,1,33.68
0b1ebd05e50ebf9d1fc97b8b1ed874b7,1,credit_card,1,68.95
9585516ea4b52ce53a27458526947e5b,1,boleto,1,195.29
81c2d284094f3b39baddefb519a30149,1,boleto,1,319.90
7c7ebd74dd17f0b9acf62f5beed03aa1,1,credit_card,1,37.69
a3475ffe00b0ffdf1951a56d5a6b8102,1,credit_card,10,702.18
6fd33c34a877e5a474ed190b5738ab58,1,credit_card,1,129.78
6984dd59d3223f88d356dd9bb8117d2e,1,credit_card,2,61.27
ea9a48e8b350731ae78378381394a086,1,credit_card,6,271.24
7644fb667bf3f79e4eb486a9e14bc9ec,1,credit_card,1,68.13
bbd8dc7205531e8a4cdaca3a70d1c0bb,1,credit_card,1,109.50
73463e8be682583840e9245a6ff6e689,1,boleto,1,255.02
2645cc89531b7de88149e18d83a13263,1,credit_card,10,259.63
9b34787245866523a491f855ebc4e8fe,1,credit_card,4,340.04
3fb4d82a992d06f85994158787a76ff0,1,boleto,1,40.69
8ff63166365b5335a836e2e7be70eeea,1,credit_card,1,64.10
ca5b8e79b5bbdba8ba16a07bc8d2ca61,1,credit_card,2,133.71
e55d0223c37b4e75982efffd10fcdd39,1,boleto,1,35.00
29692492693482bc3acf19d97fac69f8,1,credit_card,12,142.86
2144bbedc02742fe4e38f6ccf546961e,1,credit_card,1,35.84
936b6d1c11f2b85ce1edfa34171b0e0d,1,credit_card,6,62.08
c634bb8a8e3ca4f7c67b8d92e7a0740c,1,debit_card,1,51.30
d1f54c6a2a7015c5687439d6d4e971ba,1,credit_card,1,92.97
121359da115bccea4657956562bb3266,1,credit_card,4,111.02
8b5c910ccad3b27e2876ad9eb90bbb53,1,boleto,1,92.81
792fd20f4c1379e85e6bd7ea35240248,1,credit_card,1,87.08
0a499296998c5b2e877297984bdf657c,1,credit_card,1,30.27
5bc488a3de801a774218a89c00b5db30,1,boleto,1,86.58
2f8a0fdae3cce1713cab2298e46c534b,1,credit_card,3,88.49
2dea508202fbd39c677502defdef2d21,1,credit_card,10,514.60
1d7d027760d0ee20d6f3985f1fe22773,1,credit_card,1,155.74
9c8ffc9afe14108def96d0b1a3678eec,1,credit_card,1,169.44
7ffeebb0c29e0949512e4346b8b6e172,1,credit_card,1,94.55
55d80e98635154dd309f2cb107f5e205,1,credit_card,2,72.43
8490980aaf59839a601c4184474b9220,1,boleto,1,160.57
81935e523702224d87bc6b915f51649e,5,voucher,1,34.52
c0c079ac0cf555703f5980f134cf762f,1,credit_card,1,169.53
85d42749c9d00c658c40e73f8e4d667b,1,credit_card,8,195.49
3171f1efdad00e249ba4ba19af1726eb,1,credit_card,7,149.31
895ab968e7bb0d5659d16cd74cd1650c,17,voucher,1,16.70
b8ab7d209a05e9462921ece50de1c177,1,boleto,1,77.57
80a18edfa1989bada0d72f3e0ff55aaa,1,credit_card,1,15.22
753409eb1dc2fceb6dbb2a350a35ffc8,2,voucher,1,4.75
3e70edc835c9b04809623f518a513d00,1,credit_card,10,540.53
95c5d1b9ef8c0cfe5851a7e8130b66db,1,credit_card,3,322.89
2992972c3d2aff1e457a1b320c51e278,1,credit_card,10,526.78
4249f543194adf0c9da09119b88a8fb1,1,credit_card,10,133.99
d2b7e676fa9c3fde36377fc977f3c91b,1,credit_card,1,55.23
300b99fa4ea75136af2879d2bf751d57,1,boleto,1,358.50
54051e01a81a788d5a87b405a9cde833,1,credit_card,6,65.71
a9a06f91b00b0fa78f7f445311fa0881,1,boleto,1,218.04
882af1e2ad3e4b132d4b23c429843dc8,1,credit_card,5,1035.79
abcc5ea8b9b32d146d24e625bd1d002e,1,credit_card,1,32.29
34d91b022de394cf98320a2109457501,1,credit_card,2,122.12
1d0cb4b170fe0f5f20475c4ec3ec4f06,1,credit_card,4,58.59
b948b354fbf88e12e43fc0877623eef9,1,debit_card,1,244.22
6726b6ce39bdad195755f019dd9bd4fb,1,credit_card,5,52.25
14f67483eeb4f3204bff15ecab4dbd45,1,credit_card,1,45.69
58abb67bdae1bb19e02f0900170da374,1,credit_card,5,483.67
bf737c2aafd98353171a777c526656df,1,voucher,1,34.00
cf48dd7cb04dee070d71d4804cac6272,1,credit_card,1,70.50
63b0abee9c82e79c3b6e860d070f2c62,1,credit_card,18,1232.85
f8033eab5248939afe7fa7feb4ac4866,3,voucher,1,25.00
2ddda59cefbe161601082d0beee3cf01,1,credit_card,2,43.22
0ba1123843391ede0901811438202c24,1,credit_card,5,56.39
f55227c04af301a96c2c22eb6973d8e8,1,debit_card,1,43.00
bbf4d375e40f5e365a316b81b16829b7,1,credit_card,1,72.98
3f985ce98bdc814ea229189923a81f2b,1,credit_card,1,142.02
be8b50c8a24a137dbed81d6c202e8d64,1,credit_card,10,407.36
803f2f8bfcbe571642a39478ac759b12,1,boleto,1,48.89
ccf804e764ed5650cd8759557269dc13,19,voucher,1,1.68
eec3e31d916bb57832b96272c5c5ca9e,1,credit_card,2,199.31
d7bfdc36e6fc0edc0abd8752151da345,1,boleto,1,113.67
f5c7fcc9933ae8861462ee79735d9993,1,credit_card,1,589.05
d1115d0ed9dd324d055881a93441ee7e,1,credit_card,2,62.99
215f6b9ea07139e948fae84ee698ff46,1,credit_card,1,64.28
c3a4760791fe90fe58b360dbfc812805,2,debit_card,1,37.13
d88be96a5455ddcd7827994d95774b0d,1,credit_card,3,226.72
0a5a672ddd7b5921439a990ff8efbb1b,1,boleto,1,49.55
2b71ffffcf089d2287505f5b4441204b,1,credit_card,1,4.63
4a185cdda75ec3cc9261553a59e7cfc7,1,credit_card,2,175.08
7856ac3dde097902ad5fc94c787045c5,1,credit_card,1,1.43
231f5faa326e8643dc979ef4dcc9cd31,1,credit_card,1,93.65
d16b2207d93383dc91aa5da54cec3d0a,1,credit_card,2,106.16
e33ae8b905bb0354b42f585bdfd3ab0d,1,credit_card,3,78.30
161735160c0ae1bd0f0b2407137b24b1,1,credit_card,1,42.41
09581168b7c3d1c4480d4ba7a8437bdd,1,credit_card,7,144.03
6f69c7d5b18941f0e58ce99742b93694,1,boleto,1,101.94
8c077233d04d9bca0a5bef45afddf354,1,boleto,1,57.39
a7f32fc78c47cef1cb91cfc0889e985b,1,boleto,1,52.01
d775e0b3f1085ff46d9c4c3d9b125e4c,1,credit_card,10,212.02
c2df33f3704734147110b6685185915a,1,debit_card,1,50.10
f9938fc84bc7f6ce7d868a41dace1777,1,credit_card,2,112.10
3716cd16bc2a97768309209eb4d4c6a7,1,credit_card,2,142.02
0da25668cbbfcf7a7b42a0bfe2c0b17a,1,credit_card,1,136.94
89a6888756b6a8bf9cf5c81f13deccdd,1,credit_card,1,136.04
f6ea3aa314ff40e6c72815ead97e2195,1,credit_card,1,95.31
e70aa4ace2e2d3140d4b09564030f5b9,1,credit_card,1,26.39
8ee92f80d48a27d627bf77accdda8346,1,credit_card,5,64.94
3ca618a967a369a20ac5f2c4e00e151a,1,credit_card,1,3.47
a47bf2de96db0109440cc21208edcc4f,1,credit_card,8,80.32
4340cfd191c9dc16061684e4575fb151,1,credit_card,8,260.23
b67f6518481ab5413b3ef3c6790bd80a,1,boleto,1,92.81
d6b35060d6baa125cae83779381704e2,1,credit_card,2,198.13
acbd43df296646b7b242d1e25b18a646,1,boleto,1,284.96
25f3c1b1bb343d4a5d3f63f418f02cda,1,credit_card,3,79.00
96fbf81fa0815632ed37610e1ab103b6,1,credit_card,3,72.56
f8327f59e5ec97d2240579e1dc6dfcdc,1,boleto,1,33.77
4a908627ddc9e257e5e9123ac4394e41,1,credit_card,1,298.08
8713b68a2b202b96d7de08d7e0b8f1a9,1,credit_card,1,48.69
3630513f30286ed696e4a2e36c79ae3c,1,credit_card,5,105.74
73d5294ae18f1a7bf585f09e68bff19b,1,credit_card,1,59.05
aba3d283b846a03d398d549db17b649a,1,boleto,1,26.78
dd7466999a78895066f04b645789deb3,1,credit_card,1,45.09
298ee4d77c0352fc41f432254afdf1d3,1,boleto,1,45.70
d01bd950611f73e1490c45d87156374c,1,credit_card,5,51.05
8e7d1676080ba7cfedefb6f056abf4cf,1,boleto,1,280.12
096577992f6aef252ccc5ae7da09be09,1,boleto,1,42.35
a7c661b33cd26dc2d0fb5dd1fd34982e,1,credit_card,1,108.67
638f79643fd5681c6e6c6ef1f1ab700d,1,credit_card,2,198.12
0e4ac54a7cda0d985d64f8cba6f963ba,1,credit_card,5,206.44
069514f19868af8a75ebe98f43d33900,1,credit_card,2,99.11
505efa2eaeb145cfa984edf0efc092f2,1,boleto,1,139.52
d744783ed2ace06cac647a9e64dcbcfd,11,voucher,1,1.47
1a03b911ffc649fb8177ea3ca4f27f2c,1,boleto,1,56.81
471af150dabb3b168af660f139fe01db,1,credit_card,1,57.61
47c6cbb371cb3681d7d52cbb6ad3f94a,1,credit_card,2,172.22
ea64e33ee8ce74c882574ddc97a4f10e,1,credit_card,1,143.35
7216ce968c7d0e2648617fbdbf7933d1,1,credit_card,8,83.41
920a775204d54696910a3056ff090942,1,boleto,1,227.83
6e341e7f154e744143c5fc3e937bfda4,1,credit_card,2,39.05
98f5ba265609a7205ee3467ccfdd96c4,1,credit_card,1,371.90
effeb0c3ecae530d0470721524db864f,1,credit_card,1,396.66
b4bb559c3c861fbf1a6a0a972809b93b,1,credit_card,3,639.54
69e43c38d7f53b87baae3045be7517b1,1,credit_card,8,383.10
4328a3227949bd5087871131a3e852a1,1,credit_card,1,44.31
c0d7ffda628810fb83a35a91d1a21887,1,credit_card,4,227.47
b840efce97754cdc38ec59b6f4c177fa,1,credit_card,1,39.60
338d127554d67a15cb4e257742847056,1,credit_card,3,1140.58
4fe48790875f264fd93c9009892c3e39,1,credit_card,2,97.05
40017beea749da112967b0049f098acb,1,credit_card,3,74.17
48deb2ad89d3685d28a6afd89dea6733,1,boleto,1,108.00
a101d3bd689d468c6219db22012a10d9,1,credit_card,1,25.75
8274b22857199e6a1f3d6559c7151146,1,credit_card,1,137.55
899dd9d7844ca79134ec8e611f7b4ed1,1,boleto,1,131.51
797fd27a25a9103f01971d21853a0b11,1,boleto,1,192.69
a492f7ac2f020f3819f95562c5af5849,1,credit_card,1,33.54
9a0e3af5d24c8ff2a65b4fe715ca4618,1,credit_card,4,43.56
7811343e37a3cbe3fd4755f1a448c765,1,boleto,1,261.54
7fe55ddc45e39704cbd15147aba7b23f,1,credit_card,2,27.99
82e098e90be56ba3b67aca2e1ba26fdb,1,credit_card,2,131.16
958c2c6f97278761a6dc851ac6bc0f1e,1,boleto,1,304.55
e7a494d97325d27783d2cb0baa6aef1c,1,credit_card,1,47.68
9769f28d910e7304d7bf0fcd32d8ecd6,2,credit_card,4,339.54
5dc1a8731fb465da89c147b358e409b8,1,credit_card,3,135.34
4517d10652306c01990d40b0d6f76511,1,credit_card,2,211.91
d5162716aed8b6a5ab095eb0a2940163,1,credit_card,3,99.34
6b47aeb5acd9b0fc45cfa4cda0b42c5f,1,boleto,1,51.11
ee02295dfa5d0519664c1dcd4a70e87f,1,credit_card,3,87.76
2c21824a21b2ab2474f6e330771fe766,1,credit_card,3,275.08
ad286e926f0a816e7b604bd0c9db8b1c,1,boleto,1,183.79
9d32e14ab99f206e6f8f2b6ad13baabf,1,credit_card,1,434.24
b364399a0c864ced54841697ef73235b,1,credit_card,5,113.33
21577126c19bf11a0b91592e5844ba78,10,voucher,1,9.34
16973899e06db09cccd13b671d2d765d,1,boleto,1,20.39
8cb7144be7be61b57614e79ece54a225,1,boleto,1,49.78
4de290ecd73ccd938232cef65d1c2bcb,1,boleto,1,114.85
2b0b02914575b69cd6787aba9f79a73b,1,credit_card,2,195.54
d115642fba3060e4082472bb2801b111,1,credit_card,10,344.89
71a49be8a212eb4987b67078140a1434,1,credit_card,1,76.56
407cd3e518bb8939aa08c5727593a5e5,1,credit_card,1,4.29
84c9dee00eb814f6e8b46e6e780bd750,1,voucher,1,142.12
bb9e3fdfc33f7fe56fd38f6adacf760f,1,credit_card,1,648.03
592d00942a47033fc878f73feef041bb,1,boleto,1,56.79
bd5ecb9fa12843f036d45c35746f0631,1,boleto,1,173.04
e78cde66f03731202b0f5e082b0b0cff,1,credit_card,1,24.23
607d8f6570c73e6a2e553908d572abc7,1,credit_card,1,14.64
af8b2f03e1bfa7e0b86ed73ac5653938,1,credit_card,2,94.66
3d218f39d04ff6b133d343aed4364de9,1,credit_card,4,870.70
65f72c812ba4ca1ebb3c3558c69d5693,1,credit_card,1,14.65
00335b686d693c7d72deeb12f8e89227,1,boleto,1,80.79
3eae7531a136877d61e1aaea2684fcea,1,credit_card,5,358.59
226975521c585d7bb98996f83ccdde59,1,credit_card,1,15.48
058a48943f3034afea88ff56b960dfdb,1,credit_card,5,62.10
b2b7813f1cf4afc8e5728398618bbd7e,1,credit_card,2,75.17
0b8265df142be25383b96d66f4150f0b,1,credit_card,1,33.54
3534b435f58c0e6148212006204d843a,1,credit_card,3,82.63
ee4d37f7666f4649a942fad1192bb2f4,1,credit_card,9,267.02
02557013eeaffd86a6cc5ffd80a4b54e,1,credit_card,2,198.88
e85ade63f3d697aa6c45970baeff0d96,1,credit_card,1,32.23
a3d8c9c0cc54f62dabea48768bac8f73,1,credit_card,3,79.44
86e15c44520932e049ca96660a60b776,3,voucher,1,20.00
3d914e4ae3cf881174ce6e0d85d64e94,1,credit_card,6,60.95
4a2cfbf52ca16ac6eb7855b3a93ca4d9,1,credit_card,1,88.72
dcccbd535ac6be4884373971fe2cf444,1,credit_card,3,136.54
94647755aed55676ec36da516c9d439f,1,boleto,1,219.59
34a254b2668083c77b9158c151571877,1,credit_card,1,34.09
2aa83d9dae401c1373417afddd15fc5c,2,voucher,1,319.98
c4352553d02a3a4dcb7c01701bca8e59,1,credit_card,3,64.42
17c9fc03d3e268df0aa30810b0e74e9f,1,credit_card,1,254.01
b6446a611bb9c288f42fc87611d4d2b9,1,credit_card,2,128.02
1c19fe562ab8176385b8e5fb6566aea2,1,credit_card,1,135.66
37e0f821c1cec37404754d4aef37091c,1,credit_card,3,97.57
ad24829ce0c8cee4466dc8ccab393aba,1,debit_card,1,99.31
f408600ecfb1900d32519ca61e34e4f0,1,credit_card,1,34.35
cf3be801bb6918904774e23f8f5db5e1,1,credit_card,1,38.13
d4b0a5abcc91e1b1300743ab94ab1fcf,1,credit_card,1,104.37
e63535549952058863a162a6c807e0d6,1,boleto,1,165.62
2c6fdda09fe92a0d4909b941e62fd790,1,credit_card,2,159.62
81928f41f8a362d614d4e4073d24de07,1,credit_card,3,804.72
da33d249647f3e530bb7aa020a6cea69,1,boleto,1,76.08
75972b63025ce5a66717a161d49e07db,1,boleto,1,128.72
c427f6cd09c9ae0f09153ab8e8f55a53,1,credit_card,4,216.15
e6bcb00ca5426e9d00b50f8eeee367c7,1,credit_card,4,114.44
4f5045d7a7d322ba928da791f6d5c9f4,1,credit_card,1,120.19
98432d028db538f876f9236a038d7c02,1,credit_card,2,107.94
aee3d95a7c0524bee2967e283ca5fb13,1,credit_card,10,181.51
1775d08d5bb17403e4aa021b892af4fd,1,credit_card,1,34.69
897abc3130a6d4c579a229b45349f611,1,credit_card,8,84.58
993700cc0c9685feb14c9aa73eafe294,1,credit_card,6,453.76
c57b77f1ada200812975fd3151e49752,1,boleto,1,83.05
ea3a35b74d6cd2751271c60d423563f1,1,credit_card,6,574.00
29ce31378acbd5bc48a0518e3770eb8c,1,credit_card,10,382.88
39dcfe88340a4cc89c897eb4b34f80dc,1,credit_card,2,142.89
3d5c1837eaa26ca8ccb6eb3eb6a6ee6b,1,credit_card,1,35.00
cad47dffa15e42fb1f1c09d6e5fec4aa,1,credit_card,5,283.00
0fa7d9bf5e4786e331c11c950cb4082d,1,credit_card,6,62.64
7fc033af2ece8187b358f40d43a6b6e3,1,credit_card,1,34.51
d1041fe78c4a6af27bccc94c92c5621a,1,credit_card,8,561.78
785e849a702dab4672f0febcf4c1afc5,1,credit_card,6,143.42
5b5474feb28b0c13b0da3b019883a9c2,1,credit_card,3,150.56
b68d69564a79dea4776afa33d1d2fcab,1,credit_card,9,262.37
de55aaef46848b1f0c47093ba2430a27,1,credit_card,4,77.98
a8a8a640c7861a9a20dacbfe8cd15edb,1,credit_card,2,102.64
32f46692d9d85353f5f51f9ffd04e90a,1,credit_card,1,24.73
0292fb46a5e22715459cb9a7b96e7aae,1,boleto,1,82.45
c429654419aacfe84ec52dd4c45f064d,1,credit_card,5,105.57
97406fbd0681b611192617f872175edb,1,credit_card,1,73.68
37e5725572d3cbd7aad103b730f9232a,1,credit_card,2,56.41
edb5ab08b946e1947a7cbb9f7752594c,1,credit_card,3,284.71
5b6509178158833cfd66adceba26fd4d,1,credit_card,4,155.99
0e0b2c3867ebecdb54f64e443e7f1921,1,boleto,1,42.40
959736e06ddf68235a3bd98b1bf8edba,1,credit_card,5,95.09
d9bde3a634ec04252eceffc6bef25ee0,1,credit_card,2,76.02
b3ac86bf741341789a0603dc5f8b0ecd,1,credit_card,15,404.72
b8e11074d7fd4b6123ebcc4af964381c,1,boleto,1,88.19
a150844c1dfa605f925885746f98fe55,1,credit_card,1,19.63
378d1ac3d8e22dd46990757398ae8500,1,credit_card,2,42.86
4aa0a4cc479d198113baae85bbb801c8,1,credit_card,1,81.24
fcd0f8a6842216f0d6d5a217883eb711,1,boleto,1,74.20
8c3ef96e828b5894ec632ba10985867d,1,credit_card,3,158.74
7af6541803424eeecb9ec5148df1f74a,1,credit_card,1,77.57
3988b16758968e3d0683b0917f9e76bf,1,credit_card,3,37.28
e668b4a7dee7f7ceea60324b812ed5e5,1,credit_card,1,128.34
7ac7aa6251f124754c968e2a83346b96,1,boleto,1,114.48
bd68fa144029a95327200fd368b4f4bb,1,credit_card,2,468.39
00169e31ef4b29deaae414f9a5e95929,1,boleto,1,55.11
3ccd24b53560c0fe294750d98a057584,1,boleto,1,47.64
fc3d87913825143fa41c48e40267c47a,1,credit_card,3,148.97
242efbf997dcc144609030002b91446e,2,voucher,1,2.78
ef61fdf80c9616f588668f63379461bf,1,voucher,1,196.53
da91ef7fcad23d653d582725ded9b667,1,credit_card,3,31.10
13de2b3aeb8d30a32011cb0017beaff8,1,credit_card,1,93.68
1b99f13e8fda59c0a43efdbe69e16c8c,1,credit_card,6,156.16
6f634fcca0b64bdf097263da788326b5,1,credit_card,3,164.69
b98b6a399680185770871d01209d3f7a,1,boleto,1,126.72
315525dbd71c2330c3f38a92d8fbba32,1,credit_card,1,77.08
ed4d57b2d881e813cf0b801ab17987a0,1,boleto,1,141.51
a7cd6af6e0519313887b3c3a120f20ca,1,credit_card,4,43.29
c3708e02f3ae7cf8e715ce16e826e952,1,credit_card,1,80.69
f060da7770c69e820eb3a1765915c4b2,1,credit_card,2,67.82
4e2d3cbe10946bcaa7579f3de2cca091,1,boleto,1,87.66
55a8deb1ea82e104b019fa982402c685,1,credit_card,1,48.34
73f48668570ed56f695a820d9fad1642,1,credit_card,1,94.94
20fb36f0bfaf10e2d33e99f55369f927,1,boleto,1,118.88
71ebfb916db0911bb0201d56790bc485,1,credit_card,6,382.74
8507049ba787aece6fadc233efdbb0b3,1,boleto,1,66.06
62a303159c09b65c288433ea06a99600,1,credit_card,10,251.17
96b0216db4b7f5a35e9b0c7639de9f54,1,credit_card,3,73.59
23c4889b86a761e3cc76cecad70bff4f,1,credit_card,2,80.00
ea70e5a90428412625a4e4167b83a370,1,credit_card,10,126.47
d0a83a557633b44cd383dd6e539be7fa,1,boleto,1,65.71
519e8e134cd15d39544f56d9ff932d3e,1,credit_card,1,51.22
5601fa41e5818b9941a6bdd21978b6ac,1,credit_card,10,226.88
0e577169a545cf287894094d0146feba,1,boleto,1,55.00
4698210068ff4fe55a812e51e337a80a,1,credit_card,1,86.88
c8023e0c57ff641ff4ddedebd343128b,1,credit_card,2,163.24
c7521177a460038dfb9802a58ea41c3d,1,credit_card,4,83.70
adfdb27a08daee708353f76e9b690c75,1,credit_card,6,206.91
da61998714e3b9c6399161f0225b63d8,1,credit_card,4,476.51
0c13a63ac0ab32f6187a8347b7a3ce2a,1,credit_card,5,55.32
cf1d0b87e826698d649f105224d60d8f,1,credit_card,1,95.99
f44cb69655f8e4d13e7aae7cdd3d3c25,1,credit_card,5,146.32
45e00abea326ffad82887cb48faf12b9,1,credit_card,8,107.78
26e2e254813a436cdd1ff0c0b0e01132,1,debit_card,1,97.86
a1b3dfb15a60b4a575af043c73f2a3d5,1,credit_card,10,302.18
4e233b40b72c7a074309dc423a0320e6,1,boleto,1,113.76
1c319576cde33909a59cb779cd50b2b1,1,credit_card,10,134.01
3d43bc2ad4b9542de008ed982b097a9f,1,boleto,1,61.75
29f4481c82fe8804ae3de770fd4012aa,2,credit_card,3,113.70
364f451ee38a4268d7c15d317021eb35,8,voucher,1,14.82
fd85717bc49c767347b7b46317392d7d,1,credit_card,1,35.71
d80bc8900db383324d145cfb1c1aa854,1,credit_card,3,325.83
24299ef78eb1c1ba5e7288e3b1a90c85,1,credit_card,4,153.16
18e404d32cdbd8bd2886579e59240685,1,credit_card,7,234.19
cddea1bd1a4801af96fb84aab51b00fa,1,credit_card,2,106.44
8073689e990d7df74e9c53a005260b54,1,credit_card,1,32.77
44623b600f074e7c76dc280274e437f8,1,credit_card,1,44.09
f90bee02f28c0067f1eaacdf188007b4,1,credit_card,3,201.45
e13f9d9f79f8325d4f77d26e7384e9fd,1,boleto,1,59.00
5be9f28716d41efdbdcc2a0d0907c71c,1,credit_card,2,40.68
9a769002f689e9dd972f6008d7312ead,1,credit_card,4,53.95
fd2501379f4567dee6308aa8484f1a5a,1,boleto,1,50.70
dd71d407875ef4dd2c29c8eabd2bc56e,1,credit_card,1,107.78
c0a7132617f6d55916e28d0478296b2f,1,boleto,1,103.50
b8585b755e4a6d296c78133909d74022,1,credit_card,1,36.75
d6018fa8e6aaedac9d0432e734f94503,1,credit_card,1,135.71
59eaa904b3f0dbde2785ac1b27eccd18,1,credit_card,4,313.75
4fb9c9ddfd0e850bd7523714d7e90d7a,1,boleto,1,22.68
a8f412e6559ed350a64d8b9f2ecbcc84,1,credit_card,8,351.96
f283e9196449811a7967b7c5d2794418,1,boleto,1,81.60
dad7ec529acfeae5322bdcb8f933e5c1,1,credit_card,4,209.53
02f2f6063eb01b5e6e29bda347635389,1,boleto,1,56.39
48f2d0b950703bfb145b7c3c0641b4bb,4,voucher,1,8.88
212a9a21eb87489a105ca0a2aa67b72a,1,boleto,1,87.80
0b9bb234d95f41600497d59b42087c39,1,boleto,1,219.38
6be8a1100f67ca1774bd0eea9e5a44b9,1,credit_card,1,61.12
566c54af4e636ee14ef5e97398919a60,1,boleto,1,132.81
3c6c4d8395cd1b0c68ffa02fa1446367,1,debit_card,1,86.37
ab588e77cdbcc3d63e479ba2862256a5,1,credit_card,1,183.89
f95d91071966bc70023eae0e1750c1fc,1,credit_card,1,1.18
94d18ea7d84e7d085b919c186129795c,1,credit_card,4,127.99
247d40d57494c99a2d2112878041d45e,1,boleto,1,52.37
7d440294c1e683b677deeaa736e7231d,1,boleto,1,140.49
b460e718be1fd4349fed54e71daebf34,1,credit_card,2,76.38
862aee1420df82c0e95e06c154aef9ce,1,credit_card,10,192.42
c8f50df8a3e4fc40685c137dd2253eac,1,credit_card,3,185.61
d6c757b6e40610f380a0b29c11c2fd9f,1,credit_card,2,153.32
46e0714284d1eddaea3742d19ed0adf5,1,credit_card,4,66.10
db3e8c24c5652c8944bc5a05d9bd3933,1,credit_card,3,186.45
7fd5673bbb6ae883ca5b930dd0150b80,1,credit_card,2,190.26
12e1495369c542f003eb3ca480f924e3,1,credit_card,3,139.71
0f286dcb49da58061b9ae488027e4033,1,credit_card,1,7.68
4a7bd485a7782360556161a38c725e5b,1,boleto,1,50.13
75bf0422b7fb2244c7ddb0ee73e8e8a8,1,boleto,1,115.43
b84ecc7b64445484f0775bf89f139fcf,1,credit_card,1,119.93
8f57cd376d453764bfae6581f236952c,1,credit_card,2,30.84
602a7458f2248260d368f81cd86377a8,1,credit_card,3,37.82
e3654d3f8136f013ad09af28b1585e24,1,credit_card,2,105.29
feb1bffbc0aa19c5d82a2d326737877d,1,credit_card,3,31.75
4f40407d8eaef9c3cd83ce9357826a6b,1,boleto,1,70.03
249004c60a9bead3bdc73f4a8d2f0c11,1,boleto,1,63.31
dd38e535112fb5094b53b1997c4eda52,1,voucher,1,573.68
f439741ef3997ceace2e3b92ad169e0b,1,voucher,1,308.30
1466219eb36318493e16297ec7a2d87a,1,credit_card,1,64.10
59a98d09bcae9400968b67411edc5840,1,credit_card,2,98.13
c4af7035333104ac0c5a20ffbe8884ee,1,voucher,1,196.01
24dcf58639c7253fdb1a060a4f875558,1,boleto,1,99.43
c1aee3898c27b4b86706a7a0259efd19,1,boleto,1,395.79
9f738fc8b806bc3d86ccf78855e82eeb,2,credit_card,5,199.64
01be2f7ca246adb9112cb75096af2ee0,1,credit_card,2,172.62
b08e2959017b58fc14b3db344f0748e9,1,boleto,1,38.35
da779b6680b82d9dc38f900be7380323,1,credit_card,2,65.79
4cb686f61b0dc1fccb62139434f14b44,1,credit_card,7,202.98
f5e8dd6f3cfc89bc152991875437aaa2,1,credit_card,6,61.18
6fa03e78d9524fd63e7b9ab5618eff3c,1,boleto,1,89.97
3449aa90c200ac98335249ce9f0e3151,1,boleto,1,63.37
65693cc880b8cf8c5e24798b6e042e0f,1,credit_card,1,60.09
53354e0184a8a43cd9f722bc2af844cb,1,credit_card,4,124.52
e611480872fef0bc9c499596a050c114,1,credit_card,5,55.73
5352e5739f5e5d0fb4d12c4fd4ca8bf5,2,voucher,1,9.17
ccfa13cff25aa5ad005e434ac68acaaa,1,boleto,1,38.09
4b23422a153d74fd8d5b29e7fd978a4e,1,credit_card,1,65.63
9b27acea1ceeaf0e2c4409066b85c93d,1,credit_card,5,118.35
72ac5a7945d55c3fd45160f365353fae,1,boleto,1,71.31
58cd1eb79e3ed5abe07691143092d982,1,credit_card,1,25.65
a3e5049813109c94cc49cc0883c80ee7,1,boleto,1,65.85
37197f05f26b5e5d97737023edcc9216,1,credit_card,10,310.67
2e7e996efcdd5363fe2dc812bf804e58,1,credit_card,2,52.85
048f3e9b77a965f84a501a7f29076128,1,credit_card,10,454.48
3fd7b46e6db1b2d7094ad6a73685ccc5,1,boleto,1,27.48
5965b589a33443dd1f820eb7df39762a,1,boleto,1,19.62
012973f4cb6743d00d7e2644ddc8804c,1,credit_card,1,33.32
2e39f907d4dd92ec91f6a98ea094e68f,1,credit_card,1,107.36
e3c07c6d221a59d8d8ef6e9b3e0e3241,1,boleto,1,17.38
30837e97d6e552e25ee411c7365bdbcd,1,debit_card,1,244.18
587c66847401b1ad23c2e9e6aa078b32,1,credit_card,10,412.52
98dbf8445c584d2354afd1a0ad55c033,1,credit_card,2,53.24
355bd8313052b9af88c46a7be6d73003,3,voucher,1,6.71
afa891fe2077e4e3301629891009a47d,1,credit_card,5,50.03
61e5e014747f2bf650ff99a3d8578caa,1,credit_card,1,20.93
749b689efad761f8c94941fa3adfb702,1,credit_card,1,50.86
32931b358e8eb9042cf278a4e233321f,1,boleto,1,512.90
21cab9105bc6c133b002932a53bcfe85,2,voucher,1,70.49
f2963764a8f4f435ab860e2e8c633d39,1,credit_card,4,123.27
1809db5bed27550212ca3903b72bc175,1,credit_card,5,167.19
9d66cd87dc5ae7f8699cb2883c39b5e8,1,credit_card,2,229.04
99db775503c98bc234c5bd9e06d8593d,1,credit_card,1,40.77
99444a1ae54c5cdeb0dc5e97b57aa6e5,1,voucher,1,18.84
71a3bbb7bb68719130815744e76b32e7,1,credit_card,1,50.23
18668c1a8328478efec728fc614c3b55,1,credit_card,8,162.10
a29d7508838071b10532d46b952a1318,1,credit_card,1,87.20
53177d318c723e378c2a2aa1e9b2ea8e,2,voucher,1,9.51
b25e83776a0bf6440214b6258416e4e1,1,credit_card,3,34.22
709aa9888718ec2b9b285f55fbf0c528,1,credit_card,5,69.70
891aa648b48d27ce10d74e86d312d411,1,credit_card,2,101.24
4b42a606687e048a7a33669b84bf8690,1,credit_card,3,145.18
51c064ec2d79d398b30db3f8e1de8ec8,1,boleto,1,38.63
e8253edb8afd8c06fed540435eac942d,1,boleto,1,60.31
be604de4ce5e2e8658c03895db0621a9,1,credit_card,2,44.34
1a36784e5c696071dad8a242f26b230f,1,boleto,1,243.62
12e41d433221ec81392012706ab20ff7,1,credit_card,8,120.37
5f6499a6a16dcde4cd6fc183a2b26046,1,voucher,1,58.37
76a894b20c04c139a61ed9a8bf6af12d,1,credit_card,1,79.04
de4363c0dc15fa2b4ef64957ef56a5ab,1,boleto,1,41.58
c282af09e5db227f93b1f3175aba57e6,1,boleto,1,87.52
aad1dcbe4c9fe2e3486e5e04c6649097,1,voucher,1,67.23
f694a43692e80583d2b5b561d4af4488,1,credit_card,1,16.00
e8ab4523e5661e8945b938ccc4d89553,1,credit_card,1,88.76
e5238e84a4c88c17a350b92645006c61,1,credit_card,3,178.22
b2d779a12592e693ae93fcba3b3969be,1,boleto,1,207.28
7e3f9f89f31e57c84fe4ef9a5bb9bc1e,1,credit_card,2,224.94
2d75fff7b2cc9e8df5ddfcf9a7a11cec,1,boleto,1,436.42
0a31cb63d4483ffbef1d5503752a0b5d,1,credit_card,2,46.09
b9fc20a409064176b0795b768a6c6997,1,boleto,1,49.14
bfbf87cc2829df6adac299ab0cc012bc,1,credit_card,3,251.82
b57f8a0a6355eed6fb23aa237836403d,1,credit_card,3,31.00
1065903aa19adc7f920d47f2bcd0a5fe,1,credit_card,4,52.57
8512df9f60e6856ac5ddd43a9a19bd36,1,credit_card,8,217.92
7ee0e2f367d7e05c73dc79fcffd09365,1,credit_card,2,148.70
1b59079c85d79705ec843165565ddd43,1,credit_card,3,158.55
178358411049ad27f877b8964564528a,6,voucher,1,12.00
e28239311822ec827e9fbadde0649f3b,1,credit_card,4,211.85
a8ad6062c04fe8e59731cf03daf951b0,1,credit_card,4,98.51
f8d1f0c2928f268becf4f82b181295c8,1,credit_card,6,133.90
2ec89189369ca4f4e76799f715c1c6d1,1,credit_card,2,87.80
e9a38530c1e59ad3e44e59f1921f148f,1,credit_card,3,37.48
c6eb5dced200e49271f44b142658b6bb,1,credit_card,2,41.93
74b9959056734d2fa68d5570ea482664,1,credit_card,1,109.59
5eba6d8afdd49d9208232bbd26e9fd0f,1,credit_card,2,116.83
78a5e8c49e49a19e18fa017e61715113,1,credit_card,3,163.16
0778921b814304f85cb9188625e50625,1,credit_card,1,146.46
e743287a2def21228e3becf7e66f6fef,1,boleto,1,66.32
fac5aea2eb44617d8aab053d9172f29a,1,credit_card,4,99.84
fda462df0b5a0cf1f8316eabeb9525b5,1,credit_card,10,395.46
fe9dfb5a8e406ad9ebccdae758e0bdaa,1,credit_card,3,62.01
5296911d4dc8bf3bc994de9534be9eb2,1,credit_card,4,219.93
c2d986bdce3f3823bbd8b8b4e37f5727,1,boleto,1,752.21
602a6242ac1fe2355d3e0ae1d53bf538,1,voucher,1,113.82
1308401e91987ef9e69d495e612e7919,1,credit_card,10,235.90
092a7de4b983f4ee3e77af64e2f8c9e8,2,voucher,1,29.64
57017d14757e9d74934069673c5aaed0,1,credit_card,1,42.78
4093a63e6c3fa6b277e0fe4b6347ed49,1,voucher,1,157.30
800e1eb8758f73d800f1a4c6fbad186b,1,credit_card,4,199.90
06556f76bd21201c0deb015022757aa8,1,credit_card,4,167.29
77c65697055f082d537f537f084f9fae,1,credit_card,7,92.30
cbf058b13eb4a539f5e5541617bafb1b,1,credit_card,5,59.45
582ecddc80251f58adb996143e81d6e0,1,credit_card,3,264.59
f099a4bf3c8c87b391cbb899f02d8e47,1,voucher,1,86.05
c6f44ba4b2b07a646635d107f3b88100,1,boleto,1,80.56
0e5012ed59f4c47c5f3431cd176be45e,1,credit_card,8,87.80
10ccb4dc0cc0d605b71afdcf4584128e,1,credit_card,10,523.98
df6741b0ea621f28515a537c85037507,1,credit_card,9,184.84
cb303a906d3da8596487dc9de116fae8,1,credit_card,1,23.20
51cd5fcee08447be92f8eb9852235f45,1,credit_card,6,145.51
b82ba1f1f32eec47bc90651a5bb6dbbe,1,credit_card,1,27.77
19ed81a2cfda88a47b2d66b801fc22e8,1,boleto,1,155.26
6ef341a08828373038644f3749b9904e,1,boleto,1,102.20
16311a0494e6db86617bc4486d9f1e9e,1,credit_card,1,100.62
63a1a15fd615005f87b81bdc40618a05,1,credit_card,5,224.91
aeb70ca14a984230b34a6cbf48fe6d8a,1,credit_card,8,184.10
d4ca24b86fdfe3b7d4d13f19974a2bce,1,credit_card,3,290.58
a5cd6b7de7b48a41dbeb7bbb3fc5813f,1,credit_card,3,146.88
c2dccf148a1561c27d90870e67e507ca,1,credit_card,8,127.92
0220b52f0b019739726d80c64bd4bf08,1,credit_card,4,40.09
b044c65688e70eb150a89745a0016177,1,boleto,1,32.09
fd71e966fa4f37c813b3c56fb077971a,1,boleto,1,73.49
88df6b44c27501b5e7af076d193440dd,1,credit_card,4,113.33
709b96657091eec897b90173afb0b84d,3,voucher,1,29.89
6ceabf34d230c31f161988dd2ff8fa92,2,voucher,1,14.46
2a0e85d19656bd0a3c61a564b010ddd1,1,credit_card,10,110.00
c0ad22fb83f1019e8abbdf1d38ffe6aa,3,voucher,1,51.17
836cf5adc20e4279f9f34c4dd09c5668,1,boleto,1,37.38
9bf42f15bce6cd9485c456da9885a3ee,1,boleto,1,57.51
6a7a8e304ef95be2494384f8d2557845,1,boleto,1,283.22
7e47c4ea5c29d23c9dee60dbd8474476,1,credit_card,10,249.84
3cf6fb1fae0029f5b4f01de4dc8d2fc9,1,boleto,1,78.78
077743f9ba8964fff85ace5b958e5284,1,credit_card,10,137.89
e17f748fe026c219e312859a2188b07a,1,credit_card,2,144.58
784d141a794f0e73cc3c9ed3b6efa3ec,1,credit_card,2,148.32
8edbc0b60816d6644dbe422dedc06681,1,credit_card,1,285.14
0b50495c5cfeda8c9d7abfe80aea74e4,1,credit_card,5,57.22
66102db498a42db4dd18edc624df4a95,1,credit_card,3,143.90
488470d4668abcf0aa20df845d584dc2,1,credit_card,1,80.20
b405825393f5c6c990926ccaf70d2fd9,1,voucher,1,144.43
e6fad28cb7f01e461467af959930ae8a,1,credit_card,2,101.51
982922a8af746de85725f937892b8a89,1,credit_card,1,406.87
518a89db9918a8553dbc760454cc7634,1,credit_card,1,139.80
ee24d42e740ce630fbea0d9870d78736,1,credit_card,3,151.97
3c01ff78a2f337f911274be0d0338656,1,credit_card,6,208.12
40c85c3c87215ae5945521e74ef0cfca,1,credit_card,1,40.10
88f2acef90e7ca305b8b5db51dd0be27,1,credit_card,1,85.15
15443e6c36bee0191bba44f93f55c1fe,1,credit_card,10,807.47
5102eb8dd13b0cc9991a7686a229e96f,1,voucher,1,35.96
db4cb930416730b7d23d9a87bc67b497,1,credit_card,1,96.93
c60a00eaa33b47afb951671b7f341ced,1,boleto,1,293.46
424c7f648ec1a188ab3f51a67cbd2e12,1,credit_card,8,168.20
bab0f0b79b3da1f56810300638d94112,2,voucher,1,46.72
fb8c84f49d464b75f05a3de37923fc87,1,credit_card,10,1828.41
41498083868bfdab3ed24190348d1929,1,credit_card,2,192.50
dbdca64c9588e8e426af7f9244a7c546,1,boleto,1,116.84
3a1557b1df85ed91c141834059fa9523,1,credit_card,5,100.10
dbda8a43cc60a915d11e2e4839ea10a4,1,credit_card,1,108.82
2e3889d3a9c61df9a9e1c64f566c6aea,1,credit_card,2,152.27
c6b9d35e4e9ddeeeeb374acaf98dbf2b,1,credit_card,2,176.33
07bdb6811431a929abbd2ada5c891dc5,1,credit_card,4,177.88
9ba51431194758a07b4d5a2164813d03,1,credit_card,1,26.60
09722e140e3e1e92b67fd75e2b14b6fb,1,credit_card,3,501.72
a864be64d69bd7d14232006b22b17f96,1,credit_card,2,364.51
a739570c1cd11112aa1fc229a15155ac,1,credit_card,10,204.24
5433a0ef395e151f154279cd3fcde661,1,credit_card,6,158.45
20e7aeef769c8bce239b914e5cc7c48a,1,credit_card,1,101.73
0dd9baba59537d4782153775157d0a36,3,voucher,1,20.00
1d1cd1be4eb8ccedea997348b859065d,1,credit_card,1,1427.04
25133adfabbfa91f52ed184519933c11,1,boleto,1,41.00
a9b929204be626d61a1d60d47e6b52bc,2,voucher,1,36.23
c1d47bf45869556f656d75e071338018,1,credit_card,1,65.03
3f319eb09e31aa1ea2a4079bdd655c62,1,credit_card,3,45.71
41929ebe6ccc16768bbe9d5977c470b1,1,boleto,1,55.00
c3d4a81d37e11f1aa71ee71185d71635,1,credit_card,1,91.35
eb6fb95e3c0248ad7f1e3b668ac3f8b8,1,credit_card,4,344.55
10182342fa0f202363ba83f9a4fad999,1,credit_card,2,86.83
2b7f34e9b0b9eba10050d725278d8609,1,boleto,1,70.00
5496024a18a1ac96915a8a9c7ab37dbb,1,boleto,1,73.51
414643c3ed26cd6d93ac777a102a3ac0,2,voucher,1,1.80
7142b298b22a79a285d2ce792dc533a2,1,credit_card,8,621.21
20c452fc8f22663c6a11508ec8ca0726,1,credit_card,4,204.24
2259c28617dcf9c2ed34e78bb3dfb562,1,credit_card,5,71.35
2c46e039a885b9d82aca6fdbf7aeb482,1,credit_card,2,26.77
52f4d206be495fdbcc211af8b9c1d8ba,2,voucher,1,100.00
66ae6acee37f14260ca1e5b716563c1d,1,credit_card,1,88.72
363177bc6f8d8d0c551b5b623bad4381,1,credit_card,6,184.15
5071a087edad1389b255966ad38d6beb,1,credit_card,2,192.69
e12fe57998130b5374d8c1a89d367c04,1,credit_card,5,250.02
cebfb93d43892425be3fe47edbb54347,1,credit_card,4,237.94
209af55b87cf1212a97772f6525871b3,1,voucher,1,52.78
6d649c890e34db80ede180e9497aeb6a,1,boleto,1,145.92
304707f4c9c69f690f53f62b26f3e28e,1,credit_card,7,221.42
857963f443c1183582fc6386fd62ddcf,1,credit_card,2,241.19
88c33b2b9b484cba6a371fb39f8b2882,1,credit_card,6,125.53
0ee8c7c12be480dcd65c633d4a1c5ae0,1,credit_card,1,183.85
5e73dbeacaf58a36b0b285b218313792,1,credit_card,3,73.34
5070ab7aeaa32fade8da1f8d1027ac63,1,credit_card,2,185.94
59d02be1c50fb6e6930cafd6ff6a31e5,3,voucher,1,20.00
60f7281dad555389b327a7fc60e13840,1,boleto,1,39.10
25674393f73d73aed8ab7758052b7ecd,1,credit_card,1,64.49
674e6f9346c417bc4de022b215ba282b,1,boleto,1,65.77
1a2aa47afe4b1d4eaef87715d1e40ef0,1,credit_card,8,195.00
0c635f2fc897dc04b56643f997f25d33,1,boleto,1,72.84
85df9618973ec5807b30a864e352599f,1,credit_card,3,76.58
33a7be9f2bec8e80a6d2643e39843601,1,credit_card,1,46.39
958261a4492225848848d654759efa34,1,boleto,1,1046.56
b6776d519223f71fa9fdb62a7b79e5b8,1,boleto,1,213.44
67416a990d28642694e91be43a750284,1,boleto,1,316.85
e1ec9566121e686526654847ac92397c,1,credit_card,8,182.44
95a46ee84acaaabcaa312cd198120bc3,1,credit_card,1,98.85
f9ac6a2ab423a15620d4ae10b33ce854,1,credit_card,8,148.20
294fd0f1d32fff9fcd8195f1d778d192,1,boleto,1,148.17
0d7d82b22e0c6fdfecb716bb965ef11d,1,credit_card,1,32.68
1601df22ba2f78168443e6f729e74868,1,credit_card,6,94.66
80271f9179f6d8df256f964fc2cc1c6a,2,voucher,1,100.00
6d081f01954b384717392a20f7230f6a,1,credit_card,4,103.08
972f5a89813198a05f8dd4463d82f3fc,1,credit_card,1,137.53
f99e3215de6016797bab522d7a8fb5dd,1,credit_card,2,97.23
d785a3d0046f381b43dd7b218998b06a,1,credit_card,3,671.58
2be42939cac09105b9839ead73abb79b,1,voucher,1,77.57
d3c45d7784ed004c4ed67e4dd0f1cf38,1,credit_card,6,136.30
ec13b401afa92c73e534aa28d83e4ec0,1,credit_card,4,105.28
7b5dc68850daf14f7b74396f30647f6e,1,credit_card,2,49.70
cf929d9ea864fa89b752c5cf0b98cd25,1,credit_card,4,102.03
ebb3e66835c25802e7337b9bbf4f0768,1,credit_card,8,250.40
d6c586c22c45b70b766fef19e469e86d,1,boleto,1,167.34
58a5f1cd9fe00f55e59bce96cdaf8c91,1,credit_card,3,228.28
a9880f780c93ecdc4a6c6cfbeec27925,1,credit_card,3,57.19
c4b41c36dd589e901f6879f25a74ec1d,1,credit_card,1,18.62
47cb859a7f526319e3da0015c15c3b1f,1,credit_card,12,362.63
00e1bdb3f1388c8ed222597ee4fa01e7,1,boleto,1,437.59
a9950bcd6b7e01fcf110c44611fbdf2e,1,credit_card,5,188.01
c74d3a9c61db3b1be7b8c176eab1aa09,1,credit_card,2,48.68
acefa886e54be2156f0d139a106d063e,1,credit_card,2,69.54
7ba6a7d916b00e92079fab8874ab7cc0,1,credit_card,2,195.58
f939e2a89376e44158657a15465cacce,1,boleto,1,308.61
aa26ab274909dba40108cdcfc216f8b6,1,credit_card,1,28.73
e040525fe5bd72959057d9d5dcec81f6,1,boleto,1,32.13
583dfa864ad33b5056f352e0cff6b713,1,boleto,1,466.84
049999b745ab7d4bc3ddf00181c39d56,1,credit_card,1,32.77
6644dceea3b42c405236d956eea44d70,1,credit_card,1,109.41
c6d3ed55ee0b6a2bde85adc9a569ae3e,1,credit_card,1,101.51
fe168a6c6b0558d8b3767bdb616f87a4,1,credit_card,2,29.13
fd910e1bec44f27b8680a01c7a5e377c,1,boleto,1,77.57
e7a55313688a902f5ae012231d686f37,1,credit_card,2,75.43
78018da6cd678e170c59e759cfb4d754,1,credit_card,2,48.70
ddd254b7f860427ef2a3edd452c9aa4d,1,credit_card,1,52.69
24b1c4d88fdb7a2dc87f8ecc7d8f47f1,1,credit_card,4,356.13
ae55c180decfe41ac363c68f08a16003,1,boleto,1,40.09
9f6f347729af61a4a18eda64c6609dda,1,credit_card,1,62.78
1d6d061efdb6cb19fd5b0805b95624f5,1,boleto,1,58.62
28b9a12b535522a451ecfffda6db4422,1,credit_card,1,242.80
4f75714930281cf2a8b983e0dd8a3fde,1,credit_card,4,69.33
fa65dad1b0e818e3ccc5cb0e39231352,27,voucher,1,66.02
11120c214b9f50a8c39dbeec8685db6b,1,credit_card,1,220.85
35153d02b70cad4eb36cc178280458ed,1,credit_card,12,135.92
b3976bdb4d46f967c8a100c54c76dd58,1,credit_card,10,104.12
3b2b695f53e89a00f632277ce01b2100,1,credit_card,3,126.12
f6b99780deb1f264dee5f8b809a3a34f,1,credit_card,7,162.04
f0244e08fea1e1ff13958db3e71c5f36,1,credit_card,1,32.63
e3410c1b2ebfc0e23849d9fd01056878,1,credit_card,1,15.38
ad01e26d29b4818ba6299d1356a130b7,1,boleto,1,360.38
fb08dd566174dbeebc7a8657b0c1aeb7,1,credit_card,1,137.60
d3c03dbaa329d4cc4c2c13d982a94438,1,credit_card,10,121.80
1f96abbd2bfd92185040f1e5b6ef7c41,1,credit_card,2,58.15
14130f70a2038f80f97d9fcc6e590ba8,1,credit_card,10,269.75
6cf90e1166647c0225253a897567ceb2,1,credit_card,1,647.77
2e346f2848b0263dc1775fa2b5af2719,1,credit_card,1,48.30
ccfa6e3822b06cf58321331e07db2a2a,1,credit_card,8,163.44
be580c71d638ce682e9792c27c7aacb2,1,credit_card,1,46.39
aabde6ea676d05113f63f0de161b761f,1,boleto,1,38.01
e847b3ca683a6e6049b5e7e7373ce9b7,1,debit_card,1,35.87
1813010cec08387bb7feedb1198e6591,1,boleto,1,104.79
cd4a39bf33083486dd4d1eaa70907ce8,1,credit_card,10,233.62
af4e2e186d1553f35c402a9e153f9444,1,credit_card,10,187.06
2153e9009ecf443d84e5f48861fb7094,1,credit_card,4,86.79
665c70dad359d52a11ec77814605ab19,1,credit_card,5,118.62
3f3f8127c7e0537f9f74550f3504f93d,1,boleto,1,51.22
482c3ed0fe2eb68b316507e78faa6783,1,credit_card,4,135.56
dbe267dee5dcb469508162440874551f,1,credit_card,1,55.69
e007ef2d77cc1e7082050959c1cdce54,1,credit_card,1,122.50
ce4dab31cebede7c9e9e105a56277fa3,1,credit_card,1,34.80
bd23f37e365507db2b5b5b624b413315,1,credit_card,10,104.70
544a728e60ca6b18d9ed5fa2c87d223d,1,credit_card,2,123.27
4ae278cd5a14160ac41c5cc6bae57f96,1,credit_card,6,70.96
6147a4d49752afd35a119d794e481588,1,credit_card,3,47.68
b9eb04083d9367fcd3523d0125406023,1,credit_card,10,165.41
7b37983cda54d6e32d54073a94cf59e7,1,boleto,1,137.76
d14460d3fa8f54b8f0f7befd11820202,1,credit_card,2,41.85
d467985bb40516b93cfef42e06e01e4c,1,credit_card,1,36.72
b855a375ca3b96e3b1a106c27e2d339f,1,credit_card,4,42.50
b2f9e7490c9752bd0a3d8433208a5b50,1,credit_card,7,71.92
6060984d92a7f9a5d6f5f99b8815aa64,1,credit_card,1,38.01
5c1da208717de55192c6556da7d1f0c1,1,credit_card,1,69.04
d56cf7e9548584ea9583339b170f8314,1,credit_card,2,156.51
e31ec91cea1ecf97797787471f98a8c2,1,credit_card,2,711.07
e2078bdcaaa9e81bb8bab8641489dcd8,1,credit_card,2,92.90
9abfcda57aca3f294fa218459b67c834,1,credit_card,5,112.30
6c70322204e946ff9b1bb988b305bc9c,1,credit_card,1,85.27
75b05e38b715aadaa9c0d7bc41e2765d,1,credit_card,4,41.75
e1746b01c76d5be983999db3fcd428da,1,credit_card,1,25.03
4bfcba9e084f46c8e3cb49b0fa6e6159,10,voucher,1,50.00
a7c778535820b8a189eafd6bd2fb3cf0,1,boleto,1,46.13
69fe57ea54b1926c309bb133b16f9501,1,boleto,1,31.90
9beff939495db2836896a797a7606ff8,1,credit_card,3,83.41
81633234173b1cd685789057d87021c9,1,credit_card,8,213.60
3842b7ad02b831026ee377ddef334206,1,credit_card,2,71.82
f889a5a0b44adc29c5465b99395ac3c1,1,credit_card,5,59.69
fdcddeda3ae969ee81769e0b7eb9b9f9,1,credit_card,1,54.71
47073fb1adb2b41ef8bba8c77d8ed86f,1,credit_card,6,535.07
90084fb270986d4c0fc78715cc46840e,1,credit_card,2,125.48
a98012aa8c697f2bcff9f8c2183e0f2b,1,credit_card,3,158.97
8169b187d385c4c6c5bcfede16d5a437,1,credit_card,2,108.19
6a3c03b4d8dd9b6cf04b7c09c5cf6627,1,credit_card,1,46.50
74a9c19e8e4a00a669fa8fd0a9134881,1,credit_card,10,250.62
f5354051d307a0a1205617cd0f0c1211,1,boleto,1,292.38
42c9e271e2d5ac7698d3061451576d42,1,debit_card,1,44.37
7acbd2fcb6adc4f13a4e2d01209a956b,1,credit_card,4,48.22
600c05aa649cdbeaaf763a60cd0a12cf,1,credit_card,1,52.68
c8a0e08123c9e8c38daf82bc0e696b1b,1,boleto,1,52.72
f464100249386ed908422e3834b42607,1,credit_card,2,115.36
3b37ea038e53ec7ddd17eaf745201db2,1,credit_card,4,327.94
af9ffff2ce6b3defd34fd4c78857a379,1,credit_card,10,466.97
bc6b924030f353c5ea9a83bdde14f994,1,credit_card,5,253.08
fa9b87fd80f047ab5016c45aa05fd748,1,credit_card,3,73.49
9cd1a38b56d3067cee2bb38aaec7a267,1,credit_card,3,129.00
d4c0ebae1ec07474b7d092a62b469f6d,1,credit_card,1,11.91
b155e2a8589d40bc9c0381ee48e3204f,1,boleto,1,44.01
3d84b75178b37121a262cb6f3d30e6ba,1,boleto,1,78.64
d753cc3a7de44e6e899104d5c130d857,1,debit_card,1,307.46
21c1039048f32ccc62b779bcfd5ac43d,1,credit_card,3,286.78
816210a15f4fa3b8fbc41acdb76f4733,1,credit_card,10,397.31
2df2a222e520a870a74709dd945fb1dc,1,credit_card,3,132.13
f8f8685c741b440ba6867758e5e228f1,1,credit_card,1,100.22
2af637f73b0d20f5ccc52704b0ae766b,1,credit_card,2,57.70
39d18a242f33a2e77c51d59dabea2e44,1,credit_card,6,167.56
be6343c24d4cd24d3a630c7a8aee1a6b,1,credit_card,1,73.19
a738fd689fbc3c0cb1534bd4c0f9db9f,1,credit_card,3,106.16
87480ba74c6a68d47d28b4277439c8ac,1,credit_card,2,63.27
1db522d84fad144624204d532f5277f4,1,credit_card,4,118.01
54f17a6fb99f59adc37b22166a7f1871,1,boleto,1,205.52
32d31557d141320ba009dfb89facc01e,1,credit_card,1,94.51
72e2822ce1ab08200b6cedc228c2e4d0,1,credit_card,5,63.27
dbd4175cab44d4d8c6d185418c00e0f1,1,credit_card,5,167.92
0fd408210166f23fe823070a2f690048,1,credit_card,1,135.66
4db5da9151e0364d293923ca4a48d976,1,credit_card,8,164.79
54bb06e1ca86bd99ee2a8d6288bf4ede,1,credit_card,1,90.23
39045a22da5b2bdb795d2c53325bcd48,1,credit_card,1,29.42
92914b2daadca6d6a669a963ccc42c2d,1,voucher,1,61.64
86b9ee478e155bf4e222854556559a7f,1,boleto,1,39.86
16979f290362d23a71acd4371ff49295,1,credit_card,2,72.66
518ca81bf7a1b719e32d6847b6afff85,1,credit_card,7,102.04
cfdfd7862e532c4ec1ed1c6a1b56d320,1,voucher,1,197.55
627e47b61d377f25bcbf4528f2f4c78a,1,credit_card,3,271.38
df791a445f1901f4183b4e04eb4bc3f2,1,voucher,1,35.09
1dc0b2e5397cff8b103ba38a2a147869,1,credit_card,3,134.83
a91719c33cb682b0e23e021e99e98c94,1,credit_card,3,75.16
f28680bd357c20d3f581f994eaee18e2,1,credit_card,1,69.45
6e2916ee4de2e65b95b2429f865374f7,1,credit_card,4,248.85
5471d26176ed00eac0441e43fe12ce01,1,credit_card,1,46.10
d7108e3ddf254c6b56ec41b3a4e0567e,1,credit_card,1,226.55
ca759ab8f22c84329b8dbcb5192ef923,1,credit_card,10,185.86
f3863782b51a1c378f36a99845aacbe7,1,credit_card,2,118.55
b741ced31205b787eebdd0cc7f220b0a,1,credit_card,1,52.24
de86df6ab3b291975266e6ebf8da2bf3,1,credit_card,1,78.91
fc2010beb548588d1543ca8adaa132ba,1,credit_card,8,690.44
c3e5589dacc9d42e41377ef559d9a159,1,boleto,1,77.89
ea4379fe06f33b88de9ffd4fcdddd6ba,1,boleto,1,157.30
81532af15693764f7e018bed2a4c245c,1,credit_card,4,54.33
55e144afb3e4115f6c520fb6242cd1bf,1,boleto,1,61.32
c1ee8750e81c5ea3177c055eb948a7c3,1,credit_card,2,47.43
aeec65719910d5eeace9b241999be456,1,credit_card,2,111.78
b365901bc2db4d091bb644506af64afe,1,boleto,1,94.72
2f8efac9068ded7f96cea13ecf271dd7,2,credit_card,3,34.31
3830b3dc35d6b2cb26c3cbeb0eafd799,1,credit_card,1,404.43
1467273f73290140b548eeefa70dca8b,1,boleto,1,159.08
317f677073cd35ced91d8e59ce483b0e,1,credit_card,2,158.94
c5732e63477fd9b1c12f62ad4472fc6c,1,credit_card,1,129.10
b8fbd8a0c07410289ec91234a8ad69c9,1,credit_card,1,31.32
136f44c4aee8436faeb4d831e83344ef,1,credit_card,1,35.69
29f49e25d09d4c903d8b17278b5e59bf,1,boleto,1,270.06
7dd7119f5e4a11c202cc89a68c123a14,1,credit_card,2,27.78
30fb0666d9729c95bc9923e57c0ff4f3,1,boleto,1,257.68
dd7e0efbe1cde6192eff0ea57a7b2888,1,credit_card,1,125.88
841a78e6ae7179553c784f4a69955d5b,1,credit_card,2,109.18
501947b9b9a7e6e4d8e1ba03c5e11347,1,credit_card,1,56.54
d36c9e6c91bc20393532ed865c34911d,1,boleto,1,93.10
b94ec498d12b1b61eabc996408439437,1,boleto,1,46.13
7c25f223ac9fa74c9dbfa11e8a52f1e5,1,credit_card,3,95.22
617f3ac92b6ecb2e873e6075d9f936d7,1,credit_card,2,67.60
6147e0d51f6ecc3e0ae6defe7156bc82,1,credit_card,10,673.69
241de5ef157f84bf8aa6c7ec7cc6f113,1,credit_card,4,169.37
92d3d3bc9e818292cc5885e18c2d3437,1,credit_card,3,153.10
edad550f8e089f9f83f9826bd21f1095,1,credit_card,1,76.08
7c441024c62a371aab679196a26a5837,1,credit_card,1,245.40
43424eb217e25cdb0dd935ff90f8188c,1,credit_card,1,174.74
ba353ad7c7f218cd458bde871ae720c5,1,credit_card,6,336.10
a6a7393d9243496c42984148541c0bc0,1,credit_card,1,36.69
084d2c70d33f8b9a1e21393471844591,1,credit_card,4,55.59
b26aeba3d93317ee71f2902c276eb992,1,credit_card,3,84.12
1fffef31321bf946fd10e0a8ee43443e,1,boleto,1,99.92
600455cc1d96a23334c5a7d6eea38bd9,1,boleto,1,156.86
b81a52facd8a7b45a8227755b5578bb5,1,credit_card,2,158.38
58dbb941e2ecf4229524cfdda3f080ec,1,credit_card,1,58.59
e83d7904c216c3a03eb6c215d82b7fec,1,boleto,1,46.78
1dcb629bf4ae95dddc7ec77ff8fcdd4a,1,boleto,1,116.94
3f7ebb725c26e1202db88d0b88462fc6,1,credit_card,10,350.77
3de92648437ce8d6e9d3b60f36cfa537,1,credit_card,1,174.97
236909a5eec961f916c742c7f991d3e5,1,credit_card,5,114.80
188135ade1438eb61ba3913a7acc5801,1,credit_card,1,369.60
90af509116dd9cda36bd46bef66e0a8a,1,credit_card,2,48.15
a0181d5b2ec99d4706d0da0f42a9ee36,1,credit_card,1,64.01
ca51350120ddaa92278a0ded310d5d49,1,credit_card,8,165.67
21ed2fe3b38bb559c88f45cf6179f2cd,1,boleto,1,70.84
e178bee213ba3b996d728678aea863a4,1,boleto,1,58.85
c41c7711e8d92901517c702f0836ea59,1,credit_card,5,496.44
aba142e1b0636b0e443cbe4ce0a93e43,1,credit_card,2,94.69
b4578b55341912d52f9d1a141ba9e440,1,credit_card,1,42.77
f18481fd839eabadc3d84dc73eead362,1,credit_card,4,117.01
ced336e4408b7aa8e70c72bc5bd87b30,1,credit_card,1,109.48
aab068ce8be8648dba3e07ee803db1d8,1,credit_card,1,54.27
73ed85f5462f78670fcd66c2ccd79f06,1,credit_card,8,163.72
14f81abb54984ba116bc1994d6a34b9d,1,credit_card,3,31.13
4d018030375b4b3ff3510d0c869c7b9e,1,credit_card,1,86.85
045fb730a757a5379d79bdbc42d4e84b,1,boleto,1,48.48
8d877170b83d13fb1a69834a815d0974,1,credit_card,1,28.03
5bc4e94aef2841f392fb6fe7ceef69b6,1,credit_card,5,54.03
bc23a4f24db6f84f1efcfe44847ba135,1,credit_card,3,219.42
7284ecc4524ff324863b12456e842055,1,credit_card,8,347.32
623c56e5c41b7214603a0fc7d3e7339d,1,credit_card,4,411.87
5a21bc094a00548eb4ede75095889e95,1,boleto,1,35.69
241d32c9a01951afcb78c68daeaae996,1,credit_card,1,220.84
2dd08b72f1dfc49c74883302437e6f6d,1,credit_card,1,44.30
c61510f6470930fc8d642f07693cb75b,1,credit_card,1,69.44
0173932ad60ecb31c620fc523d9f40bd,1,credit_card,4,46.00
4bc6b6965bf5778f7d262b5f8913a721,1,credit_card,3,39.00
793911a69e2f83d9811135650117d9f5,1,credit_card,4,68.63
6eb4132d1d991320ff5f03a7cd28561c,1,credit_card,2,44.34
165fa9e02d940003e0e18a22814b4737,1,credit_card,1,299.96
c81ebb9c117524de909fb9c7d1c05b7e,1,credit_card,5,200.62
e69f0bdbe0e15d97ec6390b2714b5086,1,credit_card,1,33.92
afcc3e09a357bc8f3c1caba3702d1e33,1,credit_card,3,303.53
75fb23d26903b71ce3dd550ae22d2cc1,1,credit_card,1,61.02
4f08e1d966e9e49ca0677134ce4c2c57,2,voucher,1,150.00
65c56aa08aaade99b2cd074e12f1b18b,1,credit_card,2,119.93
a85ce89cbcc514dfe135de0036be45db,1,boleto,1,246.26
acc128e9293460781736208a647dd87c,1,boleto,1,114.24
59dc078740135e14b746b30b397545f0,1,boleto,1,131.45
649a327bed5a2799967cb9c666ff06c1,1,credit_card,2,134.49
8d4d21fb1ce7b5b4e78d264feb534aee,1,credit_card,2,182.69
ba8b9d2af2cab78e1ea29076e3b2b95d,1,boleto,1,48.01
8b6698a86e777937d240b9c7b6476ce9,1,credit_card,8,168.20
afbfc4a5b3161e9e1f89056b0b3ed238,1,boleto,1,177.42
2c6df2cdea838bd21bc2dc78dac3029b,1,credit_card,4,42.11
43f9bfd7098c9a1d2abf50dac55ee822,1,credit_card,6,140.33
d75ef81f53c32c4f5857799a077a609f,1,credit_card,3,37.46
aaa7c75bbfad7c018b58b3e3ce3921ec,1,credit_card,4,222.46
d1ca60cfa5b276544043d344ad224285,1,credit_card,8,472.72
2a68c629963d9ef7755eb29d53147d35,1,boleto,1,33.93
4689b1816de42507a7d63a4617383c59,7,voucher,1,56.42
d5cce452fb90a159a0b02988567a37bc,1,credit_card,5,59.38
e0eaf809859a6844fa893ae9c9af2ddc,1,credit_card,1,190.37
eb2b517f75155a31a8a7fa12df7769ce,1,credit_card,1,100.95
084ac8d010dca0cb81b1bd4f375a047e,1,boleto,1,300.68
8d5ec251bb6f44f7c0f2d1d272515379,1,credit_card,10,172.44
649c4145bbf6cdb7b096afa02bf5e299,1,credit_card,1,47.53
e92b2d83c0c4f6e2f95b1f178a994bdd,1,credit_card,5,99.52
cc101c96c9b05fb5b3ed39f35a15995f,1,boleto,1,33.13
f3a3becaf45a4f7799cd93b1fdeea2c7,1,credit_card,3,351.22
29167b624a7980a896eefbf16c7c3974,1,credit_card,5,451.11
a6170e3ff851a854fb8e7240ca7bf02a,1,boleto,1,67.50
3b61275de41f60d8e48bef3f42ac8bed,1,credit_card,2,71.14
f5bbdd05dbb39401798ee5b4aabe5532,1,credit_card,10,111.03
132c1bd080e7310cff7fac26d6d3ee31,1,credit_card,2,138.63
b059ee4de278302d550a3035c4cdb740,1,voucher,1,222.03
774c56b5c1305e0dc2a79ad46e118ba4,1,boleto,1,64.60
d99c72513d6238909b57399c840fa8ef,1,boleto,1,97.75
a533be8e152c88d32586ff0c9c230ba2,1,credit_card,4,102.84
a4f6c6ff0270709873e39b3fc5c2f256,1,credit_card,8,197.95
189ad27f3364ce624ac4cf440388ec81,1,credit_card,8,371.59
bd692242647dcc885acaafe72c34eae0,1,boleto,1,77.66
9764b03686753eaa7ea549fa0b805f75,1,voucher,1,106.87
a6402daad4bcaddba5bcd6e7ce6336b4,1,credit_card,5,251.02
59e2c9c767326c7343b0bc5b3fd09225,1,credit_card,10,187.43
f594ab1eab2b9d5a646c989c1bc5eb3e,1,credit_card,5,185.84
6a795efb2654a56729bd429117198807,1,boleto,1,144.55
e309a85cd901c566767a2aa98090085c,1,boleto,1,153.78
9f14798abf751ab67e2f551d69880b61,1,boleto,1,165.29
88898f25ecf940d6929b37dc7ccd3578,1,credit_card,1,126.43
f0c338c38177fc15c0b078b324cc03d0,1,credit_card,2,64.47
14e80e4600a8d7fafeb635d6d4ef7151,1,boleto,1,64.13
1ed0026cd10a75c686a9caab448154d3,3,voucher,1,11.16
884989e29f137d8ce42518666158b8ce,3,voucher,1,18.60
f3a90b689fbd9cfa13d56d57dba508f2,1,credit_card,2,119.38
2c316630a424abef517f1f8d7295d666,1,credit_card,2,114.18
0b736121c8d0bffe6c9e592d6f91ba5c,1,credit_card,5,109.18
95ea4b536c51911b2e1d9d95c94286d7,1,credit_card,3,161.98
89754e8d7a02b0a3f7aa92d800b25c14,1,boleto,1,57.50
6a563d5c27906c986e6b2e4f79f25329,1,credit_card,1,45.22
fdff9c6a7acb0e02d1cea8d18811e251,2,voucher,1,230.77
bc328531838a1584761dc22dcfb54c2c,1,boleto,1,62.68
34cb1fc28cf67c101ee4d59b0c18da33,1,credit_card,1,872.52
34ca4adf4033386240f7ac16f25b14c1,1,credit_card,10,129.95
3ec2bc5de0fe81f5d14adb115df88e36,1,boleto,1,56.78
55bb87b958949d33812cf0a037320db7,1,boleto,1,74.36
1e0efbb6f899f5f08e26951b1e170387,1,boleto,1,448.20
55539e6edbbf2276dc9e2eab8af0fa8d,1,boleto,1,68.51
f20387017913ada05e448bb9c9cfadb3,1,credit_card,10,426.01
3e153abd068ad6638364a06df17cdc5d,1,credit_card,8,204.46
864e3fdc082c07a108b48b135caf761d,1,credit_card,3,68.45
6a8aa717f634f40359895df0cea70403,1,credit_card,4,40.40
887303e6bff84534c7ce32614581f7c9,1,credit_card,2,115.45
c6d26341bec0769b3ccfa232c63b3675,1,boleto,1,737.85
dd5371622a32b1a8fc1726facf274115,1,boleto,1,19.64
90a2a9d4bf425c5a385fa319833fe1bf,1,credit_card,1,18.29
4a4b366c2487504cd4962ab3fe4bc8fa,1,credit_card,1,46.02
3163a067949a10a752bec5cca69511b2,1,credit_card,2,352.97
62da6eaeb0bb1013bcd1e66d7a93546e,1,credit_card,1,258.06
3ba790c8d2e841929c346e8da5c6abed,1,credit_card,4,177.91
0b3aeaf1fb363edeaf5062df39515084,1,boleto,1,754.56
ec300e68099785d2f09e65a62be091f1,1,credit_card,1,48.22
76774c936de5cb5a431120fde98e40da,1,credit_card,1,141.37
568e1e071d3191a1c23ad8ea7d6a8cbc,1,credit_card,5,146.67
f2276aedc1503afbb1927eeaeae27a7b,1,credit_card,1,52.83
e44e0cbca34accde72251d80c7d08cfe,1,boleto,1,1319.32
033a79557b0d234035b38da3be948574,1,credit_card,5,59.35
6bb7ab367d79166d73368ecfbef88dd8,1,credit_card,1,36.84
757c03a0d7aec28457ee8d2e73c84836,1,boleto,1,53.56
8ccbe46ffeae4720eba99d2d2de07542,1,credit_card,1,14.06
c4d7d5a8e5e6c168142085d231c65b79,1,credit_card,10,1135.89
b71bafc912a84d7b1e013e39a1eb30d0,1,credit_card,3,116.36
8bcbe01d44d147f901cd3192671144db,3,voucher,1,6.25
945dd5fdb173f89e1e87a833291b468e,1,credit_card,1,28.75
ad443601986ce3f657edcfd5069f6bcd,1,boleto,1,56.70
74cafcc8c06b63eaa21ee53cf1678459,1,debit_card,1,114.06
69fc55f48e5117131b48477c34bbad8c,1,credit_card,3,116.84
ed6878f64d1bb00f07e210dfaaf9e4d3,1,credit_card,2,75.73
fd1dfd657df57a8183a8bd5ad5725538,1,credit_card,1,79.09
1e0ad62d9e96fd47434997dfa81497a8,1,credit_card,1,47.14
8df2f7a8d9fb8958675f795e2f71f27d,1,voucher,1,93.56
a6130d43aa3328e4a7d78ac8f8029e81,1,credit_card,1,115.32
0c87b31e37ed8557e234cec91546d4cc,1,credit_card,2,399.16
030106c028266ae3345eb9bf6dd790c1,1,credit_card,1,73.65
b0020f0c929a2ad38d93d733ad077ef7,1,credit_card,4,163.81
2cfc5ee5cb1e43d70d3dd6f28b2b50d9,1,credit_card,1,624.56
a8d0bb7e040a27e689f81ab278d3cb89,1,boleto,1,103.28
4092d9bdc6d89d05a6d5be6ef304f627,1,boleto,1,14.78
bb8edfe0742a6a0279b7dff848289568,1,voucher,1,72.98
bfb93a40493d78431b48eb034963a204,1,credit_card,1,53.90
bdc386da6334df2a3ed8c51f0fe77c16,1,credit_card,1,99.65
b203926285e72ba51c04c68b70666e32,1,boleto,1,125.75
3eb5983ab1e64ba4a4dd7425a6d6d48b,1,credit_card,3,99.82
147e9f4682b02a1b8ef314d880654b45,1,credit_card,1,47.29
02b8c16664d3c254052472397ae6d244,1,boleto,1,121.10
52324f390c9414a6c6b4a2f1b24964b4,1,boleto,1,436.50
b72bd7bf1e84a4cde235a7ffcc7542ca,1,credit_card,8,505.27
c788aeedf593229d4ee84e790c2e5483,1,credit_card,2,117.00
b62be88e52e1a504211a9b93f83cfa78,1,credit_card,8,668.47
8e86d037d2ec7854bba6284003d84672,1,credit_card,2,234.34
b8b3f1a93f6899699c4cfab3f0cb85e0,1,credit_card,12,125.74
538306d5780984ada0ea3b277ee85059,1,credit_card,3,134.48
6d56dcd34118baee5c013a25cd6caa97,1,credit_card,2,75.17
ec7450aa92a97c3397d0f535a6a78030,1,credit_card,6,149.04
b01c6ff869f5625618ca2aeed1f4daf3,1,credit_card,1,103.36
13dae3b277e3fe7e2596f842cbb6d62b,1,credit_card,10,119.94
72cbfe19815431911a3cd015972b7796,1,credit_card,3,36.85
90e0a69423a77f36e6c01b0fb27b5826,1,boleto,1,166.23
ec62b3973b3cc7a8d4d94daeb883b9d9,1,boleto,1,267.28
30ae6774935cd2a70fa74306f407495b,1,credit_card,1,6.78
435566621a2ea03fcaf53b11437ce5bc,1,credit_card,2,62.82
1b707b39012c0b3ca09069f1063a8811,1,credit_card,1,36.35
a739fcccb40864a2f8519586218b25a4,1,credit_card,4,49.96
a725f913c3df1559afef9ba684eed503,1,boleto,1,35.04
2d7a8c97e529d66fad6f5eef0f44d6a4,1,credit_card,5,322.80
aa9f3738c923b9391c7e9c59eda6aad4,1,credit_card,5,251.29
1f7200706718ab1994100352fce22015,1,credit_card,7,153.01
f338453ca69a4ab210fb2f6184e7f6ce,1,credit_card,1,26.43
db7b88e881d8890d4ea491444d0e43ed,1,credit_card,4,288.47
3ea1b4858d6688d2e95448944536e6ea,1,credit_card,3,65.01
75ad3bc2c20ac416220546b2268066dc,1,credit_card,1,87.16
29eaa93d33fc632871bee1c846c6c7ce,1,credit_card,4,117.35
4d2cdf20fe9f9e0f398d9323ae332b08,1,credit_card,5,76.17
59bcc9fb2660aef0efcae5ef816fe8da,1,credit_card,2,67.68
ce9f805d159a577d0f5dbf252a5bf577,1,credit_card,1,44.18
5ef603cf924626f99285129d63316a1a,1,boleto,1,157.07
64c61c97b53cc497fd3bf4887d7bbf8c,1,boleto,1,61.05
ce4d8859d85000477949b11c78144074,1,boleto,1,57.42
ae430928e30cb683e5b0bd55a74bcc69,1,credit_card,1,57.69
746cf3b6660fe1ca773eec7f281e0bea,1,credit_card,1,263.59
4561cf6b4b4f741552d9b994141419e4,1,credit_card,3,144.01
3b2124c60aeceeefe963adfc35d0310d,1,credit_card,4,99.55
aab1dd46caa26c0abb120fc0dd2e7b29,1,boleto,1,531.75
d3f9ddd38c360abccd5a079173772acc,1,credit_card,1,36.10
8728d50cf8a703b24a9f7d755d9e40d9,1,credit_card,3,70.04
335f7b1126543ca03f8bd08b7f78c5e5,1,boleto,1,207.09
b34369ee8397436dd7ceb8bb7783671d,4,voucher,1,26.65
efe2bd0e4d25b933231492f36a6e1847,1,credit_card,7,1394.77
1e5a6ddd2dbe3e6f65699e6e643dc5cf,1,credit_card,1,116.14
4d3e527a30bab6b3c6d43ef4fd24b676,1,credit_card,3,91.00
4445dce651ca1507b70574af329d7405,1,credit_card,3,72.93
47aa694d87f6ae4995bd02d6e8d9132d,3,voucher,1,3.75
5ca6e3104943fbdece60227010cfd979,1,credit_card,8,215.38
a05fc37f43df506f00a32f1507e4d360,1,boleto,1,144.54
9079f0a7009de87ec70254bdf060369f,1,credit_card,3,61.01
953b30be6cd0f69c4339736550b2dc1c,1,boleto,1,48.13
49f44536aa73471aee96794e10af4261,1,voucher,1,82.72
721f02a8125f571ecbe34cb7073ff732,1,credit_card,4,256.50
dfd5653b035d78ae9984f014e5903709,1,credit_card,5,382.38
3c860daefaca397a28e5f1909a3d6813,1,credit_card,1,70.53
6ee1cea1b2edcc713f83ebfbccbc57f9,1,credit_card,1,77.01
30a2a8e6ef2552f025074bb8b55dbd88,1,boleto,1,128.57
19a3924da2b67dee34bf1f76a7689459,1,credit_card,1,68.40
ae33d9911d4d85073c77c28678de681c,1,credit_card,5,267.29
b5a290773b1946d7fd79425b488b0e8b,1,credit_card,4,208.07
3c153f5d35e78b843022376a66dac30d,1,credit_card,4,40.09
983d1042c129f87546062d2d27f73020,1,credit_card,3,116.94
a06a3cf27cfd40d7af7e264e94b9829d,1,credit_card,4,198.57
31f0fa0bdab49b86bb8951961ba8f67c,1,credit_card,1,56.04
9bc7a53b5ab2e7a8e227e321292e5b61,1,boleto,1,359.97
ddc18af6ae773bf05e10a4f26aaf0b33,1,credit_card,1,108.04
c4a3a64bb10616483729097dead2a6f0,1,credit_card,1,156.80
afb8f47ec32e4f5422faa50ed40127d4,1,boleto,1,50.74
25ad7e1f73b3d882afca3825580afaa2,1,credit_card,1,156.16
f2bba1addbdc9530839fcde7c33c596e,1,credit_card,10,788.12
82a4587415d59443dce9ac6d0ce8720f,1,boleto,1,126.43
0db6dd5b3b3fa8748b570991fca1a79d,1,credit_card,3,165.25
e1faf9211232539926d65299a9067f98,1,credit_card,5,218.78
37d93a1b01875ccff7ffb170b763b796,1,credit_card,2,64.40
94be6b672a642c5c33415e7ccc13c00c,1,credit_card,10,139.82
d258d2c8bdc01ec0aa8a048d723bf427,1,credit_card,2,41.01
8361deaa04792e29663dbeace2dad89d,1,debit_card,1,196.14
1f6d86317f38faa3dc8534370197ee15,1,credit_card,10,664.83
44b375387a05e8986651d12dd9fde735,1,credit_card,2,118.65
fe05c6dcaf512456a03860df06cc034c,1,boleto,1,56.35
3a51339b8956feafcab1fe4779ee5a82,1,credit_card,2,839.40
4336f383d6d1f9c9d968406c7a920fd3,2,voucher,1,70.84
3d95793cfeffacca98e2027eb0e33dc4,1,credit_card,5,82.33
f61e44e1363b7faca99c576a429860d7,1,credit_card,5,57.74
ef24051d70c42220346c1e8d253502ee,1,credit_card,3,75.68
f27fd91fafee87eccffe0df85538c795,1,credit_card,1,66.78
22e06cbdd9638e481433e910bdd56d40,1,credit_card,4,47.63
2124d1e1d8114cf8b7637b46d40ce9c2,1,credit_card,1,40.01
5778366745f5c8c33f8c7f0432373788,4,voucher,1,12.49
1f875e0ba15ed5389a8a2fbedd45f1ab,1,credit_card,2,25.03
e0e0363b6d647a1ce534335bb1d84ebf,1,boleto,1,805.95
db5f60962b917b4dd9d73efd3e121ff6,1,credit_card,5,104.53
bb9ba5f4ae44424a81aa5d9e8d322835,1,boleto,1,77.89
41b7766bb1df487d17fb9725b78ff509,1,boleto,1,3979.55
b4454ac5d3550744c26cb851e267a889,1,credit_card,7,223.11
c2cc8d0823730be302a4ebe1d96339fe,1,credit_card,3,82.86
e94197623546186601aa880a31269468,1,boleto,1,66.72
c589b3c8f77af5cf962999792e3c2d9e,1,credit_card,3,204.49
004d76fef3dd46eb4f70da049c8d1f93,1,boleto,1,147.39
66c251b81283a4147f2ba97851126741,1,credit_card,6,62.80
bebbbe90253dadf5c7d8dbacfaf446f4,1,credit_card,8,254.98
e2a0a74ea79eebb803a7752cf3b429bf,1,credit_card,4,45.09
7a72862f08ad9a6b9debda8e2a65d762,1,boleto,1,59.74
f3f3bca7aa8753f3fa88d29cc593f101,1,voucher,1,70.03
8a9da308d726841021141d81dea615b1,1,credit_card,1,106.77
7733e69c809ba91635d96e87932641c6,1,credit_card,4,43.96
8ab4ca9525e1f61c67972a13885d3b96,1,credit_card,4,123.94
fe3ed37f8447cf637b8433c92451513a,1,credit_card,8,204.17
6cd474b81add3c3d62536cab3e34aa23,1,credit_card,2,180.32
3495e966748a04cd5d7f4537a57fa3ef,1,credit_card,4,106.33
d9e98b1f6961932f22bf340d0153bbad,1,credit_card,5,254.33
723e462ce1ee50e024887c0b403130f3,2,voucher,1,100.00
a1d38c97444889282dcb16502b3a8686,1,debit_card,1,561.53
544b4461f9238642f3577670a6866ed2,1,boleto,1,48.97
a8fe5267370ed0ed458f4fc1a032bf7e,1,credit_card,1,129.19
88870e81393712b6285956d4a69f3ca4,1,boleto,1,923.17
c50a61769f40b372bbbd80499c805d9a,1,boleto,1,118.35
83fb83d45702e06d5d5ddbcfd0b8d2a0,1,credit_card,1,163.38
cddbe0d3e12cc6ae8effe83bd9831c81,1,credit_card,3,35.09
a9a6fd3ca2e803548ec0685c9261a4e2,1,boleto,1,123.34
67f2f913bb16abed933504fb19d4ade4,1,credit_card,1,43.50
c819d9ce6576bb453e886c2e95aa5697,1,credit_card,10,2065.35
ae0c46b648d9039d75ff554b61e292b3,1,boleto,1,53.01
af2fedf9f49d8dab90fba9c19b52c001,1,boleto,1,93.91
ace92305f332d1f0cee1cf27e79ac5ce,1,credit_card,3,100.53
48fcd5dcb717aaea88e3a1d5a666abd2,1,credit_card,1,159.82
a10025dad19bcbddfb29902513f39ca3,1,boleto,1,114.90
c9235f8ee527574b6e127f65f016fa73,1,credit_card,2,20.10
4728d981da8b9d9e9fb4c7c069e46509,1,credit_card,1,28.69
79352bdcfe2a8b0920999a804e02c6d6,1,credit_card,1,49.34
5d4b951a36d28b50e981ff69e62e2414,1,credit_card,1,40.76
da33da7f6eb79be4440ac5c606d6848a,1,credit_card,3,49.24
848ab881c02107858764faed825d804b,1,credit_card,2,381.22
43204c34d259bc75adc3de4d29d26684,1,credit_card,10,124.09
cba44aa41766f6210b875f576a4241e4,1,credit_card,1,51.76
0b88df5bf12a6df08bf27d7db86e4ab6,1,credit_card,5,60.05
54f035e8fe3aed77e2f08fe415f0fc11,1,credit_card,3,58.32
a735c714af04db9006e86cdb6f1e6997,1,credit_card,1,246.72
90e1fe92be310b125e91833c44a23970,1,credit_card,6,68.22
1500f1a091b64e1e36d67b8622031e93,1,credit_card,1,96.02
d9f085069cebe18379f8a966f47e4cbe,1,credit_card,1,43.10
7f323198e815792fca0a3a19277e0bd6,1,credit_card,1,186.55
1cecebfadf42798e6036d0d1a708354f,1,credit_card,7,72.62
34a9a98676d240a885b690f92ef1b430,1,credit_card,8,186.72
752df1d3d4248c9dc8cca21cd6b42675,1,credit_card,2,52.53
f82fad0f66275ce506ed5b5c48138b08,1,debit_card,1,42.86
9b75cdaf2d85857ef023980e15d01546,1,credit_card,1,237.34
dd7bd4b50d554cf0c41fb4c0cfccdedc,1,boleto,1,51.56
44997fe5448fcd26b6c093cd6efda36b,1,credit_card,10,161.27
ddd2d769f053c55c39e69fcace5f5eb5,1,credit_card,1,83.24
365a1b0dc5465b589146a0b7a504183e,1,credit_card,4,46.79
6f433e1b5764eb255869aedbee1b9d72,1,credit_card,6,162.35
fc8c2e8bc069aea361c41c313464993c,1,boleto,1,31.11
2683588ebcc532200c4f60c63f07564e,1,credit_card,2,26.34
f6aed65c2ae30760c5c950f95d1c124f,1,credit_card,1,178.52
0c7f49fc339a1aa66222dc4af4eeafd7,1,boleto,1,76.88
e9b62e170c02345bb0f5e96bdc417a4a,1,credit_card,1,31.38
6b0e4ed8dcbabec5410a8b28f0405cd6,1,boleto,1,180.85
332cccabf2107750bda6430e1696198d,1,credit_card,4,96.65
f83002f1a05b7514c1b8c04d72a31611,1,credit_card,1,56.29
c48a0edfbe31112fc8f48c3acfb42e2b,1,credit_card,2,146.34
d3311a4548f26aafe1df36169dfff736,1,credit_card,1,31.43
e7198a668ebfb6c423e3ec0605bb0837,1,credit_card,1,107.54
47ea87f2edc83b2d8da91f354ed05d63,1,credit_card,10,738.65
e4cf3be0bfaec7868f5c8ac4f977f997,1,boleto,1,39.09
a45f5764071ee5b932d1f802e18bafcf,1,credit_card,1,34.59
4755001364cec8b76f33c43498698889,1,boleto,1,221.84
fb35078c4e6b1e02054bbc697aea411f,1,boleto,1,556.09
1b16849c735fb603f647c0e1dbf503c7,3,voucher,1,23.87
40edd29fcc7f120710d42d0400bc8e29,1,credit_card,2,179.09
c20fa8783cbf98de30a8cc0dc7b99bd1,1,boleto,1,78.78
86d5e898f1f6df69168021ad87246fad,1,credit_card,3,35.79
6cd679600ca2abd4f9de83447ba7023c,1,credit_card,2,162.06
5fb486f5645a3b79295f5b173d80703d,1,credit_card,1,246.04
b06373098fedad1545401c91bf3af711,1,credit_card,1,44.78
290edb448c965ba91dbda4de76074143,1,boleto,1,70.38
a523c396a29386423aa594fe448ca713,1,credit_card,5,54.62
107dc783817b4509bdbe7e66998f5a24,1,credit_card,4,42.27
0653c5290cf561492eae4f626799994d,1,credit_card,2,162.64
b36055b266e36286316fa70c35de581a,1,boleto,1,215.05
e352772318715f95a959d998f92158af,1,boleto,1,53.09
6889715ff8c8b1469cdf52549b71f572,1,credit_card,4,104.37
a0224d0bc0030c9226e9613d6561a7aa,1,credit_card,1,73.96
5dbd736e8af7fa0c1c7528c53b2d2f5c,1,voucher,1,37.89
bd6d3b7e4f942dff1e9731788271d31c,1,credit_card,2,132.00
1f1f6cb06f69d4d020c56d12c8943240,1,credit_card,1,37.77
d03a237134e1116fd39197ad24eb9378,1,credit_card,3,98.79
9646824929f3639e4b1733a40e3ae25a,1,credit_card,2,164.09
a598d09b856449e0bf8798180ce4a2a2,1,boleto,1,55.36
5766618ba4b6f3761f15ffb639a89aac,1,debit_card,1,183.73
d01d398884a6cf22acddc973b81de5c2,1,boleto,1,220.57
4af8a8384c4092c4cf301aaecfdb5007,1,credit_card,3,101.26
0b5588f04551d90ee148462bb65dfddf,1,debit_card,1,146.12
98c8ce34fb87be20f449264f5ff6fb35,1,credit_card,6,219.32
43d6e5bfdbbfac022b7dad46056dfa64,1,credit_card,1,80.26
c11d9ffa0f049e01a764c954c7494aa0,1,debit_card,1,72.06
7aee2b4a36b8b9f260376a8319900aa7,1,credit_card,1,87.81
bfc39df4f36c3693ff3b63fcbea9e90a,1,boleto,1,44.09
aebc61a2aabcd8a45a4cc020315b062b,1,boleto,1,61.50
604970dd9342c16efde4207c42f38f2d,1,boleto,1,30.60
ecb4d57a1f4dabdb34dcc3ddba82bc51,1,credit_card,10,376.04
84ce5af195e57deb9b5c4aabb5d0dc29,1,credit_card,2,124.50
e1498c730a641e84a12251fb544db234,1,boleto,1,77.62
7d09e4056c3bfda6715955ee27a98e5d,1,credit_card,1,3.22
0cd266ef44ad3b8afcae07e465edecc9,1,credit_card,1,41.00
7b2c7245f98789589c0f17e37f43fe0d,1,credit_card,2,43.29
67e8d0e4cd27d92c4aeb38cecf962b0d,1,credit_card,1,72.14
13d341318c77969f10d77e1382957542,1,boleto,1,38.86
c7526406e8d22d3ce710861fd3d5633a,1,credit_card,2,103.04
c1e50c50037af907b9099da2c948e109,1,credit_card,1,180.10
78ed31442f1dba103a38d372eff51503,1,credit_card,3,77.57
f0dd9af88d8ef5a8e4670fbbedaf19c4,1,boleto,1,100.25
97012c3a032fb57d51f04669419f5a49,1,credit_card,3,179.04
2584c861bb72f285ca7a7a702a9accf2,1,credit_card,2,129.92
38422c08f54da1ce80e0a5eb373d7d82,1,credit_card,1,118.88
ee24e7d976a47cc46be7304fe5654ae9,1,credit_card,1,62.65
b8dc2885c69be5975d9afdfd36b03297,2,voucher,1,7.34
8993af9c591e49725d6658a86ab3314c,1,credit_card,2,168.08
3794be706c3088573f54b492768e7689,1,credit_card,3,139.88
f0935e4d348302a4140276ed7c6c1545,1,credit_card,6,171.68
ee5cc68a9c849b21b595655a944b417c,1,credit_card,1,73.17
7950da660ed653b5a9b6ee668da63857,1,credit_card,2,99.34
dfe927ca4859176d7377a7543078d4b1,1,credit_card,2,32.83
9f57815d406a0864b852f229ee3aadff,1,credit_card,1,117.51
8e065a60bb13d2bd598f70ea6a4e7f4c,1,credit_card,7,346.05
5b10c1ea42ad4886a60a80796ed33b5d,1,credit_card,1,167.20
8aea472a57fff07c40f9c6a4caaa3234,1,credit_card,1,58.38
19d8b9d9a60cda90fc402ad5580a0faf,1,credit_card,2,187.62
f8a6d03ed88e47a216d244f20d4333b4,1,credit_card,1,148.78
19a63221f98db001dbb52ad0d4990d75,1,credit_card,1,38.20
13cc20205a5d08b532f127b6fbf0f370,2,voucher,1,13.41
c546a6c20db2388cfdf1f72285456a3f,1,credit_card,1,164.79
1bc4d43c267aa633bbae2e3fa5395c27,1,credit_card,3,73.78
80c7b4c9343d57c6f4e84201ba70063c,1,credit_card,8,568.05
1fac502a34e64b8fe035b46bf6162f83,1,credit_card,3,64.53
943625151a5d8d00da80e96a90930e03,1,credit_card,1,50.63
f7e4c800bc4e2657a17f2928328fb74d,1,boleto,1,207.08
34d5a7f77e0207e1ff6a91a51aafaa43,1,credit_card,5,73.09
227881fdf69e55ab7906b7a818dd5e39,2,voucher,1,128.99
c5de0e05fad9231797b6cf731d56f2bc,1,boleto,1,197.44
d86151346a2ad9a3a4e6cfb4e2a885a1,1,credit_card,2,118.83
6f118d78773e39ac1e5efcc4622bfe18,1,boleto,1,162.62
8006800e5e68db2e9c4168dd8ce32b0e,1,credit_card,4,322.89
9550f2ed8839548efea1f1fdaaf41767,1,credit_card,6,155.98
88e06e052985636ec90e5e7337150b62,1,credit_card,8,391.73
d4f1f8bb167c14ceae69adb36c2634b2,1,boleto,1,36.17
d82f458128cce1940c20471a5664179d,1,credit_card,2,26.78
dc2c8a5df17efe1186987eb0433abfdc,1,credit_card,1,610.56
05093c063b3e4c3b5f4ef831d7da7fd5,1,credit_card,5,115.15
8c27cda2524caadb58840f8e864daec5,1,boleto,1,168.61
d944e58fa0f8bdfb45d3090f6f403bf7,1,boleto,1,190.98
8af844e18cf7ddedd50343fcd0990863,1,credit_card,1,58.05
fe8568b0167c1e87d6f1dab1033c9278,1,credit_card,3,179.36
0f3827e8b786c3d934c0863c1690603d,1,credit_card,1,117.34
a5406e921aa2f3d19c33ab88c936f426,1,debit_card,1,85.81
654c6463f421d51939eae082dcc3b15e,1,credit_card,1,53.90
528e6fd7c03c379de286d97ec507a6f7,1,credit_card,2,86.18
5cf4f1db71ef2896c0c286637f7dffd1,1,credit_card,1,28.22
893586a39118c946cd346581dd2d2d6b,1,credit_card,4,93.65
cd167f0d7982e0f93c3554a4c4f03e99,1,credit_card,1,52.29
b9a703ce4f5ae752f1ea894775d250ff,1,credit_card,2,140.68
e504f586e9ffc862cad95482af740af4,1,credit_card,3,89.25
f25d0a9da957de7ffe36398088651d59,1,credit_card,2,148.15
20cea985bb2eb263b7abb5b2589a3f32,1,credit_card,1,54.58
8505cbf7005b6ec865878f42abdb291a,1,credit_card,1,50.00
08d138a502fa05af63ac4005311484f9,2,voucher,1,41.45
e8a6d329a01bec6edaf5e8bf65b4b9e3,2,voucher,1,100.00
d8ca01db323262db3d732811e9a77985,1,credit_card,4,61.77
a2a25b6cdda4df1153122e0300995334,1,credit_card,1,326.60
c8e0e4f524c41556bad4eea44f53211c,1,boleto,1,61.40
eca71337cf21604694b68488edfa6d86,1,credit_card,1,80.86
c35c657f8ce103ef7cf3d10978f4307c,1,credit_card,2,105.30
632caa865e0a254b21fc0ce5e6d02006,1,credit_card,4,98.16
2bc1eac46ee8d6fad3f7369668f1bdf0,1,boleto,1,100.70
9e7314b623f0dde678304009f6e16ee6,1,credit_card,1,57.99
fb892328bc44b33ea7c52b5aad09416e,1,boleto,1,266.70
2f1134015ad299ec4f3ae950c5761e69,1,credit_card,8,194.13
019b02e139cfcd97f93366f7a38f5695,1,credit_card,3,133.95
ed3f087b848244c46b0f1844ca35bb1b,1,boleto,1,38.09
823543bada3fd3a5ba1f68e7a35fb9eb,1,credit_card,8,299.75
6573d97e15833bfcf5f1b739d7a1206a,1,credit_card,1,45.32
ce716318c763d03347f07a20bf57d4f2,1,credit_card,3,44.32
f38d933ca0830750c110bf1a402d0d2a,1,boleto,1,80.18
844d901d8e848347a55c93cd4da2aa87,1,boleto,1,469.32
385949d678cba16e50726d65f1743d7c,2,voucher,1,12.78
6bc36770d620721000e91c6115924837,1,boleto,1,117.93
a70b9ff516da648dcee359a50611fe6d,1,credit_card,2,79.81
ccaca3cf7deefb7e24e36ed8cd85c647,1,credit_card,1,99.43
d67d037cf424eb6cf603ae4e9d344542,1,credit_card,5,57.80
b89c3bccb55bf39d693030905c3a2326,1,credit_card,1,132.66
8c87396ac0bed9eb7bd138eeef8945c5,1,credit_card,2,60.00
cb06895eef8c353edd5828ac4281eb9b,1,credit_card,7,127.60
a3ed04e61d69f848fe6fbc4c904d497c,1,credit_card,1,37.72
d721be27c2ef214e57d87d289f0b844c,1,credit_card,8,162.28
ef45e94e3fd0e4276180fe6758662994,1,credit_card,1,79.28
de3bee1ce2ff36750efc09a389ea029e,1,credit_card,10,136.60
d08177cbf2bf91a1ee04ec72526dee97,1,credit_card,8,105.35
057cb6913750cc04b72dbeb174afb208,1,credit_card,5,56.49
68f730bca7855a941b075dfde3e84ab9,1,boleto,1,47.89
b7248875eca77a299fa182dc16258c77,1,credit_card,3,146.27
46513a6be6229688ac9b3144f995f95a,1,credit_card,10,141.53
44de6d7b8fcd0cd8db38002f58d6c20d,1,boleto,1,67.44
f232ff4908be69d9a06a746be78f1390,1,credit_card,3,155.14
84300a0c4b27875cb77c89f5383df360,1,boleto,1,62.68
2348f7f4bfb8d8892725f278c51c112f,1,credit_card,2,115.45
69727f8e9f934f9177e36f31d1865c2a,1,boleto,1,70.47
966a9df285b6bbab1516a5776a4eba6b,1,credit_card,1,55.52
802ee584365ed44c00f4207fb17ae67b,1,credit_card,5,57.98
400f443373af2cc7cca6166823ef939e,1,boleto,1,55.10
db37a79f21c59753d1ba93cc44d6cc4a,1,credit_card,1,34.13
c41d48eaf09ea5de1864866821efe3c1,1,credit_card,3,202.17
f0af6d20649a1a4e1d876620b3e1129e,1,credit_card,8,323.87
f16ffb0adaf293c11fafb51770e1202f,1,credit_card,8,256.24
51c6d2f460589fa7b65f2da51e860206,1,credit_card,5,167.79
5d9fed50692e15841b14611047191454,1,boleto,1,217.74
c4dad201936ed30eef3c94fafa59ed6e,1,credit_card,1,267.66
16fda78951899265f9a26ab3c5f17c4c,1,credit_card,3,269.40
a80493a89c4326ae0fa59d2df02c4251,1,credit_card,1,149.19
186d50e82bb60fc547f3dbf7aa6f6f8a,1,debit_card,1,53.37
e2a03ccf5ea816036608b2d8c3ab8e60,1,credit_card,1,131.94
b9763fc50599a4ba2c2405513546d844,1,credit_card,5,54.42
b085981e816dad29812a8972f65d3fc9,1,credit_card,2,98.12
e20048c62eafbe51818f6dd9f3be724e,2,voucher,1,20.00
69f54f52631eb8ea8bec66cb902cf54e,2,voucher,1,14.32
cd6cdd3e527f46113dcab23d5f27c0fe,1,boleto,1,1506.68
eb314576a333adeb296496f38c4c7852,1,credit_card,5,67.50
34050aa3fee994fb448fd3d87028f094,1,credit_card,6,75.68
ae4b3fa4cd849e5cc41f1faa613d28e2,1,credit_card,10,123.51
34dd52587fd9744fa3850f58049bb93f,1,debit_card,1,98.19
fc96b98d9e8a75af45c0d41844b50f35,1,credit_card,3,117.93
319bf7746b784040445afd6ec16285fb,1,voucher,1,75.07
a30f5af56b85e9f22df0e5686c66a627,1,boleto,1,305.13
a1a43cda291e19630504e0139508698d,1,credit_card,3,62.65
840ee6b10ece14a3b4612f72e1fe6c75,1,credit_card,1,31.75
1ddb26b7e0414dad836e1a828c8ecfde,1,boleto,1,81.93
5cd0bfe5f8c93fa85da717bcf8987fc5,1,credit_card,2,116.94
847bbf8a16e79d8128e4fc5f7554d919,2,voucher,1,72.43
07ce92f08ada3b994983794188b7a902,1,credit_card,8,212.56
9d244b9671e094280e0da0b5edec38bb,1,credit_card,6,256.54
3a5c53b7345f82b31c0d656d63f3b8fb,1,boleto,1,36.36
57471a2ef90bca7af03b3b5800a3346b,1,credit_card,5,175.78
60fc3da2ac0596b07fc0bf1d4e9b005e,1,credit_card,4,85.14
69c3c3c160e3c97d69fc07a52b4d98d2,1,credit_card,4,192.68
2b16c7fbd95d6e9c114f73e4d8bdf536,1,credit_card,2,54.00
828cb23d35630c92b140ab22ff23c485,1,credit_card,8,106.38
ef05d1e66d71afa317df36d145f939a5,1,credit_card,1,63.33
f8046b5049a674585e048bb954e3b494,1,credit_card,3,316.40
61dffbf220e7df65d65f1ea067fa0b1b,1,credit_card,6,86.86
3bb0635cfdd779b10da72af7d39f9ccf,1,credit_card,2,208.89
f36cda6db10b2dddb208bf63a6ef8dfc,1,boleto,1,62.05
2fe02e6dc8bbbc397f61ba774414fa2b,1,credit_card,3,137.99
2226642559abeae5cfd2badcca397b6b,1,credit_card,2,101.34
2a2facd836dcb344b5af3736c563b1ac,1,credit_card,5,71.82
58a72152512644cd6ee65accc9206cf4,1,boleto,1,111.93
5928d420527d13a50a884bc80c6ea676,1,boleto,1,66.44
261db23c1e364b89c28dc5605923c75d,1,credit_card,1,116.24
eea2accc32d4396720d4e727986af0b5,1,credit_card,1,58.06
99732cdec64edc7e27f1a79ca75c8b75,1,credit_card,2,49.69
93d9dad77a7490e2f2618470129d8f83,1,credit_card,3,449.84
f9fc6b37b2a3a42ef88b609566e731c0,1,boleto,1,131.44
f36263024190c7e3817fe397e16b2a39,1,credit_card,3,87.64
ce65464cf5fd5392097c6eb4a9a7918c,1,credit_card,10,310.20
a1f4cd05945a0b268d626b4183922f03,1,credit_card,4,317.31
a8f60b9282c2f8e193d23d668bb74fa3,1,credit_card,5,150.14
256d312e964585fcdb955a8e8edb7081,1,credit_card,2,168.65
21988f4f4d0971038b9c9d35f3be1ccf,1,credit_card,1,26.43
1cfb97c2bd23fb8142435ff6c9ac2f84,1,boleto,1,149.70
000e562887b1f2006d75e0be9558292e,1,credit_card,4,41.11
1031ac71b203bb98af456f6abf3c8862,1,credit_card,1,32.00
d81873131923e5aa4f6dc362f77116a2,1,boleto,1,65.23
8104809ce1b8fe36d8228fd0e357ebc0,1,boleto,1,113.55
3e8b39fabf5f8739a37c9b4cac46bcb6,1,credit_card,3,195.24
90cd03f08ec3def09cf99113a1d6daa0,1,credit_card,9,319.11
26874945bcbf47606ab08580cf923693,1,boleto,1,114.42
6db98cef3c7058f05f604483aadd2f14,1,credit_card,1,87.80
d8a23906d95c53fd16569067cefb9103,1,credit_card,8,97.99
a3cc993782ea3572fbd27048f12712ca,1,credit_card,10,227.56
c59712a9767189f0a1e5258b5c3447b0,1,credit_card,1,66.67
fae621cb5d9e146a2656da4f1afe39cc,1,credit_card,1,168.59
b7a592c88818dcacf25f151e67f0bd8c,1,credit_card,2,145.59
a4de95599a7ceea15c118d8a59c8d574,1,boleto,1,64.01
0de2d81b96096126e5ac518128fb3daa,1,credit_card,3,143.28
37106a52065add00bf3e59408c290323,1,boleto,1,150.27
8dd554aaa8e7d61ddde56ba4189c780f,1,credit_card,4,307.23
3460241a070156e726e901d0824db74d,1,credit_card,10,162.55
163e2a2f67fd2f40ae55054e8e212678,1,credit_card,1,120.22
6ff3a48be8338a98cb2c89c335514cfe,1,credit_card,4,90.28
a63a3d3aceb23878150f9186b9bed935,1,boleto,1,282.67
0d81b558b6850a09217709e88893da34,1,debit_card,1,213.90
073632ef894dcb45601e326b8d97cd11,1,credit_card,1,157.88
77ff811b9df5550b4691cc8b4bb4902a,1,boleto,1,50.03
d8f135a040950408cd059c27a623bd97,1,credit_card,3,177.39
58be29292eff76e98cd5063f83ed7c51,1,boleto,1,596.27
0aead977f249a62158c114e4460c37cc,1,credit_card,2,104.09
ed63d1955429b2d9b6172c755b4fa1b2,1,boleto,1,152.30
0755fe651d86dd2feb3c6fff952d81e8,1,credit_card,3,149.00
38b40f7c313e9e6b08f38e7bce6d93fd,1,credit_card,2,84.05
7b039bcfd98f73afd5973f8ba56c5987,1,credit_card,5,71.05
af3ac636ad9bd84b524effaba1214126,1,credit_card,1,34.51
20baf04dd07db849cacb72e8cc0447aa,1,boleto,1,115.01
b64b31be08d0151c4115537cbef3dc06,1,credit_card,1,74.39
05302619b1bff6733f64a97851af68cd,1,boleto,1,44.09
ab19eec70d9d0fa0b30f290905c806e5,2,voucher,1,22.48
23f8d85e1bed4bc79e3b7e9f7c2d6437,1,boleto,1,59.22
12126a7699ca7a88dd86dd3f52bc8baa,1,credit_card,5,51.84
2d2df7f4bac281e16cc44e1c74e87aa1,1,credit_card,4,216.64
f8a7f99695460acdbb89605f807bc78c,1,credit_card,10,336.05
95b19f291b5f226ab1f3af5aa7e3553f,1,boleto,1,74.34
4d67b87a6fa0612c18688c1f371f4104,1,credit_card,2,146.76
e20f1823b7c3cea563148b3d9864132f,2,voucher,1,61.98
37b1281795f5155c913abe0c05f43b4a,1,credit_card,8,228.57
d57d9345daadd30b1ce4c22c40250583,1,credit_card,4,46.78
b517d1b56836ec7bbeccb6913c25dad5,1,credit_card,6,135.59
a9cdfd538e3a7e3fa7f39bb4197c6a44,1,boleto,1,145.47
5bdb3afa1eb436b9c3de3957a486980f,2,voucher,1,50.00
3b2b7f4a223b44cc17c481a8fe1a63b7,1,credit_card,3,75.53
f6e0b0a52fa22c15d6784e3cdda6e953,1,credit_card,1,63.96
67f9754feffe51587eed05ba198d21b0,1,credit_card,10,152.47
df0b4d4ca3e37ebafbe0610b32fb69f7,1,credit_card,3,71.15
51abb20be6330420d4528fe527d3f90e,1,credit_card,1,86.73
a083f47f545711fc05940d0be7f5ca38,1,credit_card,3,190.20
5719025bca0cfdf25087cec11bd755a8,1,credit_card,1,48.39
ca5a59edbeb8c782bd62affe617fd6e6,1,credit_card,2,38.14
74be6f225276a31288092c4fe6664b42,1,credit_card,6,129.01
ea7dfe9f928b33cb2e9d8bc99dd7e0f3,2,voucher,1,100.00
b42efbd88abf3882f91928b08cf74d6f,1,boleto,1,113.86
2096a9ff3dcd9dc1e2e90ea7296730a0,1,credit_card,1,120.95
c11fda48e1e32d80cdded371a3ffa4b9,1,credit_card,1,148.15
69ae6d6493cb6b0420c6e86da2cc3c3f,1,boleto,1,81.42
a3965b3546bff7e3ec5e766fa6e8d865,1,credit_card,5,71.15
d114db1284e403886d42917794dab1aa,1,credit_card,1,37.82
73f078f94fbf270913ba09b8bb2d0f93,1,credit_card,4,157.79
d228a9c137a2d23357ac9c661da7285e,1,credit_card,2,84.27
028e37ed7cdd54ad41506f61df708cf9,1,credit_card,2,23.38
db4c181f6ac63a558233e98861beda3e,1,boleto,1,54.00
f0b3b8301161711933b5fa04d6191a0e,1,credit_card,4,48.13
3d5e2d8281ca0a708b96f43898c1314e,1,credit_card,5,62.97
b06112f703115e6d92f3baf4e2458a5a,1,credit_card,6,241.74
d4126c989370101ec1b96733f4adfe79,1,debit_card,1,83.14
b28360b44929ee4de27af7329c403c58,1,credit_card,3,1342.03
e3c291c9bddfedee62c613abb89f859e,1,credit_card,4,378.63
9c6203a8eacf4ccb437c800c9629f792,1,boleto,1,66.13
82f4e36c3e5c7a517807137477657336,1,credit_card,2,127.30
8c81d5854b1977c139c82372fade2084,1,boleto,1,105.71
c9e0c39985eec7874e2902fbc6256be6,1,boleto,1,249.82
ffeeb911d070bea3dd20bd5fd01da5e8,1,credit_card,5,95.69
1e5995be669dd5c3e290a163f1394dce,1,boleto,1,54.72
da9f86485be515d23d10033bdfe2f8ad,1,credit_card,3,160.07
2d37b55e71618c48264e6288fc228844,1,credit_card,3,322.84
5a610ef4a49d9be48df16a1026f225f4,1,boleto,1,34.00
1f18d6138f5af59adb5a379ea575d555,1,boleto,1,69.22
c38c4d91635ffe5f51811ff2d04a75ea,1,credit_card,5,77.57
9272fabd5bfa9acee9ae3fd87af61a0a,1,boleto,1,51.71
dea7183b5687dd97ce0703f53b0a97a7,1,credit_card,10,717.83
8b0f121dbcd7a605911362fdc4df8e76,1,boleto,1,120.04
7f09825a97c672aaad3bd6d4f7e5ebf4,1,credit_card,7,102.43
b1bb317f7d7fdeefca25499d3e62cb48,1,credit_card,3,39.40
78cf50046b61f1f374ab7dc4a12bd20d,1,boleto,1,137.07
bc64f672506c531820c9815dbef4d7f9,1,credit_card,10,421.18
66794c8e67490721d1650537f7d82026,1,boleto,1,76.85
2d27207b384323a3320175c9dd0b6784,1,credit_card,3,70.74
927a7c08b956e780d1a418ec9b5b1551,1,credit_card,6,549.70
9b93d7e3492173e52be4e40470dd5d59,1,boleto,1,216.72
6d124ae5d617f5ddf8eee412524850c0,1,credit_card,2,119.94
c34669131c7b65bd32282de48c9d4112,1,credit_card,11,112.12
ecb7b1b5d15cf872f986f88e7344d9ed,1,credit_card,3,188.28
7844d2f4784ca5e03bf47dd1ac050bc2,1,credit_card,1,68.84
8ebfefcc637fd6935aadd7b73c0c37d2,1,credit_card,1,88.61
4d5e5391b853a3490c37d35e1c8c2c16,1,credit_card,4,42.69
53302305754d77daab8c64a29db8d8c4,1,credit_card,3,89.30
cafe257a6af47e3a0f99d202c0bbdbf4,5,voucher,1,4.07
0d2c1a413f6aa3a36b8bb940b028f930,1,voucher,1,175.26
1dc762b27fac9fd0a2a373b1765904d6,1,boleto,1,217.64
2e97685820b5ee3efa8b213f18899387,1,credit_card,1,61.28
8bd569b6ef081e577038e2c73038b191,1,credit_card,3,76.12
2861bde48c258a06a5ded52e540dc6be,1,credit_card,6,67.50
e625944bd16cd8f6b0daa1861cd25b19,1,credit_card,5,104.36
fb8d4fa3b150bb3a129a10015eeac145,1,credit_card,10,291.33
76279ee78a4924f44a3a83ef23b169b8,1,credit_card,4,207.58
7e72165c5aea9996c625cfe62c8e1500,1,credit_card,4,116.94
2f09f8c80542f3260ec457517de0a463,1,boleto,1,1442.84
978c88fce8bfdad5559f67f50abfb7da,1,credit_card,1,72.40
ee8e24472be0999597648d72577ae895,1,credit_card,5,51.68
9dd8939599e245883bfdcecb95ff30f8,1,credit_card,5,117.69
a6c054ff2945730a435c2c95531f17db,1,credit_card,2,182.91
571b3d06ddb5bba38fac92f4da0778e7,1,credit_card,8,176.76
b30fb34686fab6a41f51d78d944b6f41,1,credit_card,1,17.73
ae9e4af9767b620b021b2952046266e9,1,boleto,1,136.06
c28c74ee5fb4a731178895058c0de619,1,credit_card,10,157.43
413acaaa6c5aa063a17bda2ee7e3690a,1,debit_card,1,33.23
32e48287f7d1ed208755d25cc12077bc,1,credit_card,1,68.44
beaa70f158221aa1ca0d8a5545b97569,1,credit_card,10,219.51
ba6b736a4a402bcefa049a41b3a98c55,1,credit_card,4,206.22
80a26b4ee1a6aff31f37986403491366,1,boleto,1,234.61
d0523aba4d0666705474932558a1d89c,1,credit_card,10,352.70
2d587ea1d70ea2fa8bc79a23cfe02ab4,1,boleto,1,76.17
fc3c882665c98c9b737a7b1b3aa6c553,1,credit_card,1,37.78
4d66d84298606d4fea8ade08c8b66d9a,1,credit_card,1,67.68
10615b9256577b6707f424e16f40faaa,1,credit_card,2,48.54
a8b2111a24cd1ebe4246f720de1b238b,1,credit_card,2,126.92
bef0a9fd3674bdfdb2a292fab7793cfd,1,boleto,1,323.96
a22760d8e93ddd9acb9c47bc99118853,1,credit_card,10,128.25
de4200e70f1ba056e8e0ce5a6b057f76,1,boleto,1,143.36
d01892cabdc79c6a7592dbe80c5d7192,1,credit_card,2,174.04
9d480419579c11f532fce93c63e0eed8,1,credit_card,3,68.59
6ee3c291219411d6da1a62f056058fec,1,credit_card,2,63.44
9cd721f408e8bf94b981ebe34f7007c4,1,credit_card,9,93.19
6ac9e7249ef5df977218e8251e151355,1,credit_card,1,65.71
0cee95c34f2cd6a8e38d9b170b9a468e,1,credit_card,1,117.96
bef901b8ca3d5b75c2031cbd303e88cc,1,boleto,1,263.61
e7ae11a316ccfd7689dae760479ec0da,1,credit_card,1,129.19
d65c179a817be22977e263fbc1a4fef4,1,credit_card,9,96.02
f93d4438f5a4fcb8c83d71dc594437f9,1,credit_card,6,62.08
761d2a6c3fc081b13c3cbfa01c4a8c37,1,credit_card,1,86.15
aeb4ec5f0696847ed2357f26abeb5a62,1,credit_card,1,31.33
671f3f58a12caea363c9e40989c7d154,1,credit_card,1,120.84
1c5dded30baeb7f5dabbd1e613c76164,1,credit_card,2,462.02
576560b37e7f23e3dfc9d154b23bc614,1,credit_card,4,87.71
b3879e737eafcf76e10b3118e9b11f28,1,credit_card,2,49.79
2aceefa8498a058bac3f46c6336e744c,1,credit_card,1,44.00
5f0729d8bd88589e8501140a9eb86ed3,1,boleto,1,97.92
52ae002feea5d59bda4323361c7172b2,1,credit_card,2,221.93
57e33a9ea02141930bcf5e4e0fdb7b4c,1,credit_card,8,261.35
3a27e0b9d5d118eeba13571803a2b08e,1,credit_card,8,231.18
a6da096d974acc000962856d7386448a,1,credit_card,1,35.00
28cc666d3c85564ac6854085a36582fb,1,boleto,1,84.79
67475f71985adf5fc4111756430c2366,1,credit_card,1,36.78
10ee8dae1859d2e91a79ad35006d3412,1,boleto,1,29.96
896fbd78a9ef3839b34b893f48f6bc67,1,voucher,1,5.94
c8f6f16968064fb152e6eef1952c2f09,1,credit_card,3,162.71
8cd71aa8f0d60722dd505f339d41df2a,1,credit_card,9,179.20
55ea12225a84c0269c9ae6604e6f9141,1,credit_card,4,99.35
2058cb04c2f484f6c016669b62e2c3e1,1,credit_card,1,66.01
13be52fea867f703f9f4466bccbcc0c9,1,credit_card,3,171.62
e90bb6aef6a1f5dcd05c62ca6c8fee8b,1,credit_card,1,49.85
24e48a0c9fc1cfb4bf9ccfd3dfd7c984,1,credit_card,3,438.76
c7f9c9ed8383be0c7514a7672ffdfdbe,1,credit_card,6,68.35
6a469666ec55c8ac48cca2b1160f10e3,1,credit_card,2,49.35
57ccf855a2dcef1cf0583b5c649a5c75,1,credit_card,7,158.92
b18478bbf9b2283e3d12452f69fd9ce2,1,credit_card,1,84.00
8a6e225994411f2e15e2407fd5a05511,1,credit_card,1,147.05
261a70322fb6e56501d54f81cf525f15,1,credit_card,1,58.83
2d58df29239f4ee3887103ef2576e857,1,credit_card,1,86.86
db7d019ce87ceb1539bd37353ab408ba,2,voucher,1,100.00
413220cbe57b95480531b7cf6afa9185,1,credit_card,2,58.95
2df16064a31736f53f6466a3500f718b,1,credit_card,1,60.22
8e3d51628005e70bce8a2fc5d9c34564,1,credit_card,1,65.40
e6ccb4e29b42a81b774b13101835b5a3,1,credit_card,6,93.65
ef8e343c4abd7135c59d2a6179bd4351,1,credit_card,2,136.60
a0dd16fef84e1de7791dbac7e4020bad,1,credit_card,10,700.89
186a0845cd1b679057c8b0ea86931e2f,1,credit_card,1,705.00
116c70afde066c60adb8381e4c23c07d,1,credit_card,1,44.10
7c7730a9be0a2cd5d43285e6e53476d8,2,voucher,1,39.34
d5126e0c4988c70a3808041792214dcc,1,voucher,1,45.96
ba06fd3e802dae04b1a5a02f10d47726,1,credit_card,1,30.27
a7244b32a501eb75e809aea0f44556fa,1,credit_card,3,460.61
bcbbaa1f21815f0a2b083dc1097f368d,1,credit_card,4,48.22
e6f1079796c9aa6e372d9c759310b5c2,1,credit_card,9,181.91
75bbbd85d3373487642cee8e47902587,1,credit_card,2,135.62
a17e67cf367982680aa3ace732869610,1,credit_card,7,165.80
a62cea6420ca6b61d36c62aeb795858f,1,credit_card,1,75.07
dafa99d3aad16f19a8309819438cf7db,1,credit_card,5,214.76
91f1ac61a8e729f0c88109ea99fef51d,1,boleto,1,47.00
e0e86ba567043fd48c98fbb535105f00,1,credit_card,2,40.17
38bbb94deba996cc4485e25cd0b27a20,1,credit_card,3,70.17
e01734681e487d52315e5745bf478d7d,1,credit_card,1,175.87
328f1e996c8251549a0e319d7eaa0f31,1,voucher,1,78.04
1a109ace7bc73c15e6ef45d6d4423dbd,1,credit_card,5,148.00
376fa786ca009c39d2d78a87ecd0d4af,1,credit_card,2,334.34
2b857e133a619f873130ee050ffa17a1,1,boleto,1,146.09
6308938677b016004e5c35f0d86fd8aa,1,boleto,1,41.00
de600694e63dc521b56a7fc6f01576d7,1,boleto,1,89.91
60f4971cd353e8200e728e33302cef59,1,voucher,1,82.98
760e70b6d3136376633a2c6369da1c69,1,credit_card,1,162.83
3475576ebe7b1d8daf3201dd20dbc98d,1,credit_card,1,335.16
94d0901c92f4253bda4e9576a7a0e52f,1,debit_card,1,39.24
7e03ea2749db964d64386d5ba76cad36,1,credit_card,2,140.56
b3a0eb2ed8d1c40cb723235fc937b654,1,credit_card,4,47.23
bb787d6e68f079fbf94e8df39219086d,1,credit_card,3,38.03
0d6b94a6fbdff968503c0aa3e7bffdbf,1,credit_card,6,296.71
a0b3949913dc87721a55ccc60e96e8da,1,credit_card,1,90.80
6f56545c88b148da4e1bef1bab6c7007,1,credit_card,4,99.45
fde5931c072d09a2a89da86b20ab0451,1,credit_card,4,40.56
988c4ae9761f28359668d76b84b977fc,2,voucher,1,106.64
a6b9f6bcd95a0ddbaa7194536b3cd00e,1,credit_card,10,231.87
ae86dbc1549b4c0cb00dc0ea909fc6d2,1,credit_card,6,126.92
8df3b9ee87391ad43854a0ea83da2b93,1,credit_card,1,48.69
93bf5323e2c3624fdc56fc6083bc71d4,1,boleto,1,144.54
e897d96adf4da16805cd6faf2913ce48,1,credit_card,5,424.00
af99e2024c32e91db8bd36c7508ba102,1,credit_card,7,154.53
7aec44a29db806091272db5aeb0007d4,1,credit_card,5,90.39
1db32e420783e3347ae3f1c6e65baf37,1,credit_card,9,94.24
f3a4760ece900e584e36fc700b8fb58c,1,credit_card,6,132.99
8ee4b4546da4178fb73e677c628a74b9,1,credit_card,1,55.74
0550f231a3ccfd0e87217ef2e816c7dc,1,credit_card,4,78.42
3b981944c4d2df767cc524ebcb06d7e9,1,credit_card,1,138.09
456f9f06a58b9d22e98d54aeae391575,1,credit_card,1,157.11
73e0c0e9d14c86750d2df4a0d74eff29,1,credit_card,4,49.42
23936c5f77c03f7cbd20d185732c60d9,1,credit_card,4,63.89
d983124667a44e540ef9ab35c37c486e,1,credit_card,10,1628.60
560691faf05a5433e9617b9582948175,1,boleto,1,153.01
732afdd5420c25c298c18de68006fbd6,1,credit_card,6,62.78
7a94606a015a9feffa3b4ac23e84d132,1,credit_card,1,32.38
a219a9f28e900359410d7cb6329cdf39,1,credit_card,5,154.42
0cb617c8bf1a34cf77947ac7d8b393f0,1,credit_card,6,60.86
3e72677344408fece35547ac4c8ebb94,1,credit_card,1,87.79
aa50fc2b2c3610cef0e3ddcb6e4dd8d3,1,credit_card,2,244.71
67b28af24f672d7436f8ff5eda41a88e,1,credit_card,3,113.42
a9a2c78d1e141e7627d58444422ca153,1,credit_card,2,116.61
22474d84064cd7eb4a907ba3fd8a6398,1,credit_card,4,296.78
e6af9b3f52266ed3aee09ff6bb028afc,1,credit_card,4,329.06
33299417d8206e70805c48ec081eeaf1,1,credit_card,5,60.61
4060a8c4cf4cdd2f9ffd6f7af3930fde,1,debit_card,1,146.30
9f7cc87ce24aa70b16e4d42b0df25ab5,1,credit_card,5,117.85
ab3049853be314c3dcc3721cea4438e1,1,credit_card,1,169.11
9eda2d18097ef7bd7ff08ad54402fc77,1,credit_card,3,190.86
e6bae50af8e5b4880276314fd3ef0673,1,credit_card,1,116.47
c6bab3474f095311c68ed0f0285749f6,1,credit_card,2,120.80
79fc134b916a8831d03be5a38144e016,1,credit_card,8,196.99
2d3c3cbfc3286b15ef13547f94567459,1,credit_card,9,97.20
86ed1f35a1297fcd9ac0f8cefd187fa1,1,boleto,1,116.94
fe0b65896fefa5e3ed76059830c2e49c,1,credit_card,4,138.99
e6905b52f294e4e2acc73bbb588038b3,1,credit_card,5,379.30
8a199f2aee407c4c7741874bb2394650,1,credit_card,6,1054.63
739e2bbb1a8b8d9d27c37a0b9d16d0a2,1,credit_card,5,119.84
3fd2af7d4b0fee360bea3d4beb9d0418,1,credit_card,1,113.11
93e85b947c8fbaef6206e8f282ec28f6,1,boleto,1,112.90
99cf9baabb2f8e480c047c45957fd0aa,1,boleto,1,157.21
995ca4e760797710d04230ca83a51ea7,1,credit_card,5,335.80
d0462d19e9c58af6416a06e625c58f13,1,boleto,1,557.62
65c3cbde18f89d9959a109545ad0ca7b,1,credit_card,10,159.46
3ddd23cf50cc3d0d89bb2cecfa137d93,1,boleto,1,120.62
f91129f9c042c85dbc000f46b36492a5,1,credit_card,2,923.85
576f9e432d8d303ce2ffc75736352fe1,1,credit_card,1,292.65
9d5246455ad1fb521f263b356635f4df,1,boleto,1,46.29
e3f6d89187ed0a12fdd795ce6519f10e,1,credit_card,4,77.66
83fa35671cfa30d9ed1256b079d0b230,1,credit_card,7,78.20
b9ba0d763542807cc21f8fcd54d80f6b,1,credit_card,1,296.70
d973de85e22fa324fc26a2c4da7884b6,1,boleto,1,160.51
88b40db56f2c37efbf1b4e83db2b40ac,1,credit_card,3,36.78
615915458e5cdf8939ae422e043ca879,2,credit_card,10,112.68
20dbf24263d2b7197c8d23bee91cb263,1,credit_card,4,214.14
b7862d8553509d146df534b47d0fe1c3,1,credit_card,3,69.85
3b056e92067a43aaa660bc71598dc68e,2,voucher,1,30.00
9cd835ca1f7889a20d3ab1781d3de6b6,1,credit_card,4,204.12
17d98bdb9b550bc6b435062e09aee717,1,credit_card,2,44.59
bd198b62b5d99af74a4c0dbf717fd5f0,1,credit_card,4,609.99
6ddb004a75be2f9f5ff513839665267d,1,boleto,1,218.52
bb06ae08acf9f68602e0b913282b62bc,1,credit_card,1,178.47
019886de8f385a39b75bedbb726fd4ef,1,credit_card,2,188.40
52076105d0ca4133091c2c1db1d4bb9c,1,boleto,1,62.78
01c391e962558d0793e8dd8f6bad0999,1,credit_card,4,96.70
6105e65ffe6d1531ecb3b8f42e1b0840,1,credit_card,2,43.78
4017df0a0c73564d88bd596e06e42c2d,2,voucher,1,30.64
89741980c62aa4ee1bedf37ae9d86c07,1,credit_card,1,77.03
6f8026dc118f5bb6ff82b03e8eaae469,1,credit_card,1,68.22
2fa74b22c65ece27ba1edf1f40354e19,1,boleto,1,79.00
e10cd38d4b2c2c6a369d7e4a15645aee,1,credit_card,8,163.13
4243bef9583d689a9c8fe6f055cef332,2,voucher,1,25.05
775130c792f4c6460c63162e994a1114,1,credit_card,2,273.27
186f042cdce95c754951633686eb1dc5,1,boleto,1,50.95
cd5c1268e844dba45efdf51b22570143,1,credit_card,6,67.39
217fa08ee792f84b2a3b3a84ee263b0e,1,credit_card,2,86.84
141c7645c99eed7a80fa7ec9d6c40ad0,1,credit_card,1,51.82
52d737a419e3d5424beb6b55abd83bcb,1,boleto,1,163.24
44e38bed584d8533aecfd6018f420f82,1,boleto,1,259.56
467cebcc0da9e810f821e951c04dd59e,1,credit_card,1,51.33
c1fe3ff121d3ebaf46868ddf6befa390,1,boleto,1,71.82
4c0bf10a3238584fbdeacac0151ff12b,1,credit_card,1,84.34
ee54096fa354f3c094340f246236f025,1,credit_card,1,82.25
bf109fa36da244c6c5425edfda0d8aab,1,boleto,1,81.11
b5c266ddb80e22c5857e6c88e559afd0,1,boleto,1,27.75
5f66067164a5ca7adf49a87bfe4cccc1,1,credit_card,5,754.16
a7b52792324a5d54d8eb0277ab1f671c,1,boleto,1,163.69
f37cdd40de53fd4b961aa07433c716fc,1,credit_card,1,135.49
2f7629415fce83aab452e69eda981a49,1,credit_card,1,55.96
6be1646fccbb69d34b22da3b1807d51d,1,credit_card,2,42.58
766e7d95f42217e02fa7c85a8c97a862,1,debit_card,1,58.18
05da04fd9f94dfb49fd643216d2cbe1f,1,credit_card,10,277.28
ac49c1eb805c27f524f4798a3142d439,1,credit_card,10,107.22
86cd4fa4ff90b76544cfbe330c5da54b,1,boleto,1,63.27
d10eafa208521dc30796e6a26099b6a6,1,credit_card,1,62.39
1dbf60c23388f06ed82ad629f574b613,1,credit_card,2,167.20
2f1e07db1b452ef80b6dcae150afcb61,1,credit_card,7,77.57
efb6786e7cae312c673bb5ac3a677ca0,1,boleto,1,108.72
efd3e6079ebd4d192d41aa488cbc1757,1,credit_card,6,99.15
c81a53ce413fcbd0a95b2cd1f82602c7,1,credit_card,1,56.39
d29b96c282ec82deff4feb268f3df620,1,credit_card,3,83.23
17f6b36b21f52d18d86ad4b667495d03,1,credit_card,1,166.29
abdc66adfb59c21caa145e7791e59a25,1,credit_card,10,254.09
a4388d21a40d3fa0915cd15e2172eb45,1,credit_card,10,126.86
6b5e3dbfa9a0da1777b2fcf36d09c0f8,1,credit_card,1,133.25
d2dbcdd27c3b2a5db7cdea48cc9d0161,1,credit_card,1,122.61
71d3e09a5dd729c9a0d368cd5fc9e47c,1,credit_card,4,85.01
fe52796ecc672e9bd061049987e19829,1,credit_card,2,123.85
566fe59dc8f089f27c0e739a3891581a,1,credit_card,2,48.72
337ed97aec5fea9e7e8169cf04876433,1,credit_card,1,40.69
1a695d543b7302aa9446c8d5fbd632bf,1,credit_card,4,178.27
bcd1f5bd3d7c694c6e68bd6b5e7f24a4,1,credit_card,1,115.57
ffabb8ed44ae4f83efd9d206904d88f5,1,credit_card,6,462.54
b81c2aa5803f123d1e472ddcbbbd17c3,1,credit_card,1,79.33
780d06f3d4a6cf29181986194b9c23bd,1,credit_card,3,91.61
223067157b61a8e20dc19cbafe40eff6,1,boleto,1,114.44
c6e881cc0c5529147cfb07d33ec5293c,1,boleto,1,171.55
fb2f83ce2b29efdf3d632f80368b1f34,1,credit_card,5,82.56
981f2b840c349f73901c0978c0aceb59,1,credit_card,3,71.62
6694b68ebe1f4dff3b22fbbfff33d80a,1,credit_card,1,49.67
5715f14022215418c906c7a4cda732f4,1,debit_card,1,96.02
d4cc34ee536a5c492013d384f6348ec4,1,credit_card,2,173.36
71932b1adae11f63e4a454bb85d4235a,1,credit_card,1,65.89
3eb31ef4f66c598bd49c78ce76c17e5a,1,credit_card,2,97.72
a2c173a8905b6e8f3c6ea83b7d9c6b91,1,credit_card,8,169.60
12052ac6aa067434388199224c0f11bc,1,credit_card,2,117.57
48cefe210d7a04f470fd6592ea91ffb9,1,credit_card,10,188.40
d4a55c0235e5b57bb0cc9939dcb321bb,1,credit_card,3,30.84
4e3a1311d6cf029c30c9ead449bfbd43,1,credit_card,1,84.13
b4e517beb22f957e76469c4b7eed9f8b,1,credit_card,10,725.69
e4792daf8d9ddb74de6985c5d6980409,1,credit_card,1,129.04
f063433055bc159629f5b86f7d86dc38,1,credit_card,1,51.59
a3a38cd51c4d299f206bc73c6daaf2b9,2,credit_card,8,232.59
5020a3db49225f967490d76021c7d13a,1,credit_card,4,188.45
0dadc99af57f4654592d80bd83ee5a9b,1,boleto,1,258.05
b50ba114699ad96c55931d8d58b6dbda,2,voucher,1,19.09
f8ff7718b4af94066e8301cc10c1cb7c,1,boleto,1,92.10
56a9371475e5344f96ca0933a17215ea,1,credit_card,1,87.05
34688497162fbb53b24e10738f912fa4,1,credit_card,3,153.55
a498cd320a4937e66cb7b1013909a271,1,credit_card,1,43.41
45390ff93f092f0de1524d486a172c33,1,boleto,1,182.58
f5fcef5d7789fe60b872effa519c61f7,1,credit_card,1,68.57
b4e381786201d38ab725a174f011ddb2,1,credit_card,1,89.27
cf08f889cfc7f4e20d52cf7c6828eeee,1,credit_card,10,175.16
b779a5a05a7f2a1955da9631df2a275d,1,credit_card,1,82.83
3c58bffb70dcf45f12bdf66a3c215905,11,voucher,1,12.86
e7936a401afbee6c79803b3b554392e4,1,credit_card,1,267.68
e38d9183e9b3d19b748b3af7732d2ef4,1,credit_card,10,156.44
fc31a63e2f4e1c8cab6b97ec8eee6f84,1,credit_card,1,89.17
ac244956f757aeeb76242334254bf9a5,1,credit_card,1,0.58
ba2500147cc381c7d587dede7f034f2b,1,credit_card,3,722.05
587625eb2ade3b78389f7a0aa07d1849,1,credit_card,1,57.79
d65fddb0eefed35b0e4245c746ee1d11,1,credit_card,8,290.76
e9ec883d782fcfea6fec9beb9f626976,1,credit_card,2,67.72
db2471b04ede0dfe4af0853853885267,1,credit_card,1,42.27
5dc4e4e9a4f28d5bda7879562fece272,1,credit_card,2,130.15
88c588c116fd06fb8e48dd83af88ec4a,2,voucher,1,27.75
9bddf07b813124e63282b716df591c36,1,boleto,1,141.90
41738c6711aba76aa0f4f07640600772,1,credit_card,1,95.31
66dc3f697ad3da4fb292a49184f88aa4,1,credit_card,8,732.29
6813024343da715f4461d785148f298e,1,credit_card,5,237.07
d7eec17ae2e61fc4dc36f1e1ac4d0ed1,2,voucher,1,34.27
672e1607b26c5a9e1ec3e1e537af3257,1,credit_card,6,347.05
d3e38f61c91f2cdbf65e9e2c025f34ea,1,credit_card,3,116.94
0e685171210978ef27d06f208612c8be,1,boleto,1,38.00
c3ea3d111a47aec730f0a2aa73a6588b,1,credit_card,1,131.94
2318f7d3046fc9a035c165169b54d4b8,1,credit_card,1,118.91
6bf889c14abae234b970354de7914c61,1,credit_card,1,61.44
899bf89aecc925140e25d370c8ac274e,1,credit_card,4,295.70
a77a378498a60424c73641a2bce561f8,1,credit_card,7,70.09
beeff7037aa708c19973290382629a4c,1,credit_card,3,222.85
357b3e52b16c253a241494d7350a7f3d,1,credit_card,8,107.71
10feb46f47b85fa9eee572eb5521dd54,1,boleto,1,31.11
0fa927b252421189a0e0d5725fb3832d,3,voucher,1,18.73
63abb9284ecee60580728402681f03eb,1,credit_card,1,149.16
6cac054c444c98466bfa9af759df2f8a,2,voucher,1,67.98
37a63972d6fa35618d22858e3cffefc1,1,credit_card,10,180.26
944d7c50b61e5da4f70724fe6c541128,1,boleto,1,119.88
a471834c9ff33eaa1ba3b5aa8d6d0180,1,credit_card,5,69.70
55c9cfabdee5ea72c34f3861da9e817f,1,credit_card,2,139.46
95f52eb73284cc8a02b42c4e633a938e,1,credit_card,3,186.85
9ddf6157726c9d957999c8316a03a9ff,1,credit_card,1,67.25
ec073f2bd759729986c0da65f688ddc8,1,credit_card,6,246.82
0c3da4384feb21f0def324b1b7d6f082,1,credit_card,3,415.54
515ff4f26a0c57c5011d891e45f3ed2f,1,credit_card,4,79.18
77d599900cf351da04c8d0f7b5ade74d,1,credit_card,1,163.06
27a940efdd448db29463b53ea0cfa2f4,3,voucher,1,17.52
68b4f0f2635234fcc9cbcd65b082e5b7,1,credit_card,10,156.49
32227aa032d4d26f76e2d1b47fa3014f,1,credit_card,5,85.14
fa68c8eaee429c95ac88e1034d583057,1,credit_card,7,147.23
fc703730f6206ec478cae91c89f7dcb3,1,credit_card,1,58.28
b31c7e456840330003ef5347ee802ab7,1,credit_card,6,193.84
cb2909ecbfb8c77f77bdcce55ddcfba1,1,credit_card,1,93.78
3aaceb3d2496f25c10734bad0847657b,1,credit_card,1,56.59
592399454ab1293dd375db727ddb5947,1,credit_card,4,189.42
ccdd202175f5156c1dffdc949b4abb85,1,credit_card,2,91.79
080480ad9ab2cde9dd7f580cc063ecc9,1,credit_card,3,87.97
e27d61d435972fe5632bbfcdee617adf,1,credit_card,1,26.93
6ed4f19dc97f2a4b5d0f15651247dbca,1,credit_card,1,98.31
feac81be070a43ec0bd168b52fb03485,1,credit_card,2,149.39
6ba0683fc45576a6050dfba5f9c41bb1,1,credit_card,5,219.49
247a2d99c7c65136c3a968772716860c,1,credit_card,3,38.72
76a999805013581d028d7f8f8202dfb0,1,credit_card,1,163.26
35dfa74b22307b2c8543606b037b1685,1,credit_card,1,193.50
8be7a307c750d151af4661da51b2bfa5,1,credit_card,10,466.12
3fbceefa87d60d00b3a59388408c7ba9,1,credit_card,8,81.98
472d6b3e92be83f747dea801ed1d461c,1,credit_card,7,74.05
ecc6c5d76a4d38a9b95c0fe288b3f220,1,credit_card,2,24.86
d47849b6270308431459122a2750535b,1,credit_card,1,72.14
27f34f7957260b0d9e561139a5752836,1,credit_card,3,78.10
0ee10b39b0acad1a8348fe15514a1115,1,credit_card,10,160.44
067e0bf1a58a53c58a1e15f5143ae36e,1,credit_card,3,100.34
0a68b93a3fda1e48b30171c8db35b938,1,credit_card,8,381.17
594d743c86778bb2e583167a751f3daa,1,credit_card,3,164.79
02c371100bf54facae80322579c7fefb,1,credit_card,1,59.24
d88ce3edbe731c4fe4f4c205ab3a6248,1,credit_card,2,160.51
cc37a61fa8201c91170d102918162eec,1,credit_card,1,22.39
e4660e7b37f233aa52e958994cacaffc,1,credit_card,5,52.01
c5b4cf4aabaf93ce294452d114ae22a1,1,credit_card,4,84.59
25ce89b82d611789988bd8dd3722c6af,1,boleto,1,74.72
128874d639055ad5609b5269defad1c3,1,credit_card,1,103.65
d5ba09d1ab7cd3c7094545fa86c6c21c,1,credit_card,3,86.73
d26d1c1cd0e2f03cb9540e440ae7a36d,1,credit_card,1,30.83
b3aa358cdcee8ff60eb149b6edfc6212,1,boleto,1,164.26
3c1b7beb2a3485c3ad6b4ba2a4865466,1,credit_card,3,87.82
ca76635b390431657148c4f92d697fe1,1,credit_card,2,168.80
2a8789e83153f52f4449981b7193f993,1,credit_card,2,160.00
c66488780f43562cfae644d046d1864b,1,boleto,1,32.77
8d5bc3d5465a11259249ed8aee3a6c6f,1,credit_card,3,158.22
6e80500cf8aa7894a6e56a436ee785d2,1,credit_card,1,86.20
1b89139ef993dbbae095e98a557c8599,1,credit_card,1,200.86
3bddb2b41050ba947411a0fc9143fcbd,1,credit_card,10,135.84
5c5498d2fc63858d7ce6ba37c49bbbb4,1,credit_card,3,67.98
cce9265db762ed6a292410cee5e5369b,1,credit_card,8,367.11
f8e14f9760ef6679d468a83bc48d8de4,1,credit_card,8,243.04
214a1170088762989ff5bf58d3e8dff2,1,credit_card,10,220.82
d748f1038851a92e7ccb2b2794a286eb,1,boleto,1,69.90
2b14839ae891517dd0d253279ac79b0e,1,credit_card,2,35.00
1c4e3dcee9d5486d01d55a8db6d978d6,1,credit_card,2,156.08
1ebeea841c590e86a14a0d7a48e7d062,1,debit_card,1,39.10
693a9ad555486a066084766cdf4936b4,1,credit_card,1,58.64
e283aa41f393430cec1d2637cb65b79f,1,credit_card,4,155.42
631634972c0899ddea4c90cc4d0f186d,1,credit_card,4,94.63
c8de7919d8d79c2bb4bb86e34697039d,1,credit_card,2,68.68
1314746d24fc84d41f49777b0ad90c69,1,credit_card,1,170.28
1314f9c897799df1cc402c6a2519d4be,1,boleto,1,65.00
87d1cfb06abb3632d70f55d8b2f2735d,1,credit_card,2,111.21
16d479a0c1dc7afd13f40f670ff94787,1,credit_card,4,384.93
ef5081a78b9104b6c1ed39fb47eceaa6,1,credit_card,1,30.00
b600d406784f1f3c7f6129e10cae215b,1,credit_card,1,208.24
a151248b1f51c21684d1a9a65a2c04b2,1,credit_card,1,30.09
678563117c6bcedcb0f9d98e8f3faf23,1,credit_card,1,1.15
a136f64eb4846d19773f6c26502ccdc1,1,boleto,1,47.42
dbf13db0efcf04002238ab4d115cabf9,1,credit_card,1,92.35
aae373a2cc64ed2d1f262aa56e70b7e8,1,credit_card,1,37.96
ab1565bce2736095e4b347db4cfc071f,3,voucher,1,100.00
34243752a921e87a8dae2ee748b71088,1,credit_card,3,79.61
680caaeaa537d89cb256b5538bd02773,1,credit_card,8,320.10
818616212e51e6a1acfdf026e90c75c5,1,credit_card,5,53.00
095234196e1f3c4feadc4dca677b3971,1,boleto,1,200.01
92258ef4b52681cb4b474bc1ed6cd9ed,1,credit_card,1,167.92
5d49743106500a75100374031f73e22b,1,boleto,1,176.99
546d28bc7c6850b2d75142e1d5a24e96,1,credit_card,5,163.05
80e86c7e6fc52912703025d155635dee,1,credit_card,1,135.49
91c8553552838cffe0bdcf5675b7a3e3,1,credit_card,1,309.66
201110a18965fc0d621ebf10a2a69288,1,boleto,1,57.10
64f2e9aa85911b6a48e3d11ef05b73c7,1,credit_card,10,1191.41
762f77c76e347a456797effdee512496,1,credit_card,1,85.14
fa7b2ac9d0a8b3d20805eb52c416c2fa,1,credit_card,4,293.46
87cbf27ac970c7423f11157c2ef6ec26,1,credit_card,10,307.69
ac14a1a3d8c2b071a150eb2990b5ecd8,2,voucher,1,10.93
54b74eb9e20b816d9cc07605650b592c,1,credit_card,1,95.27
27b3b422cdb2f9f358214ae1b74c1365,1,credit_card,4,152.91
0c1457493ca1492c4a4417fc278605b0,1,credit_card,10,106.73
d1ab8de1e279bd8a55e4135f83d5c599,1,credit_card,10,198.48
cedfe51bd6a794860c83382885f2328c,1,boleto,1,41.93
b2d1902261f105c5c09ca05dc05c2aa0,1,credit_card,1,147.23
05387d537bd2e5027aadbfb6a5123e4b,1,credit_card,1,43.78
8c8d824536e2e08f134637875b9154ba,1,credit_card,1,852.49
c8379bcf3dfe30ebc7344fb94c012b07,1,boleto,1,177.13
d630523e4ead4d29e7dd497f1a47b90e,1,credit_card,2,38.68
1057bf6391c17f9b6960dd996029e1dc,5,voucher,1,24.22
8b2747171304ba1b058713f5d64fc179,1,credit_card,3,82.52
7ce9cf4a278e42edc813df45af48caf3,1,credit_card,1,171.17
bcdd7ead3db5a78858c07e491d022d21,1,credit_card,1,97.86
16e6eb900110dfb1f423bfc65820ff87,1,boleto,1,116.94
d2b819d0452d793d35f2f462a37e3067,1,boleto,1,92.28
0f18a0163ab21f411df244c076fde7ce,1,credit_card,5,57.38
29ae62fd6471b0273901154265c09fd9,1,credit_card,5,240.83
4b8551fdf4362d88d520a66e6132b2ba,1,credit_card,1,77.20
b6cbc6d5691e8f90e30c96fce90bb62a,1,credit_card,5,58.46
9247f243c8ce8daa5f7011af7f97fecb,1,credit_card,1,67.10
6648a06c491fb09866fe9080f43894c3,1,credit_card,10,336.90
80e57a9aecdddc40ad34d34dda39838e,1,credit_card,8,192.62
4122d084b6a345866be978647c68acd2,1,credit_card,3,150.09
fa3418d42d5f87df0490832ade4cb968,1,credit_card,8,166.35
ea0eb30a359a0f8f5fd01ed01439b0dc,1,credit_card,4,45.22
558664b1fbd872709e44602c70ff9256,4,voucher,1,45.80
afd980edb690e47249915c1a1735e922,1,credit_card,1,229.42
018778568fad26695334c784563c08d4,1,credit_card,4,60.01
2efa8cad37f73bd607920b772a59b715,1,credit_card,10,173.23
7e2abfe12599364389f3fcb145141030,1,credit_card,1,34.13
b8b2b6e3608c39adc510b2a5bf6c9437,1,boleto,1,168.36
5d05467df1b7834684fe4c0783f5db1f,1,credit_card,3,40.92
f669d5e1f9c13992b70a6d8fdfaa3e15,1,credit_card,8,173.59
d8823f4e35f58bef4822771f326d6153,1,credit_card,8,218.51
41ec8df2674e2577b8efdc3f54e2b779,1,credit_card,5,708.95
f2a942be5a0340a2601b7725df74bfba,1,credit_card,6,175.72
32bda40452bf0485c310bca24eb53886,1,boleto,1,44.87
2dafb4132a26189c56b5443762cba44e,1,credit_card,1,152.06
5d4f3f9b6abf5c659c1fa69c55de35d2,1,credit_card,3,696.58
45a3c5cc6bb7e9bb65bcd185df669a6e,1,credit_card,10,220.19
7cf158d0e4744ba4ce58e5a9be631f7e,1,credit_card,2,176.15
23bdd0be32ec574e0bfb0ae381405424,1,credit_card,1,125.69
aa7968b0028d36ccc666016b18193b0b,1,credit_card,1,366.12
8ab1d03fe8066ddf7b1882f20d699db2,1,credit_card,2,135.15
ff7afc3a494e5d28aab8559a5e1bb1b4,1,credit_card,1,41.09
f981ff892e7c8fb06f45c2b98e2c4a73,1,credit_card,1,96.80
6782d250639c09c7c4e49e3cf17828a2,1,boleto,1,77.60
a17cc4f476cd389757e6a9f3369d84d3,1,credit_card,10,709.58
2a501110090ab23e63d72ff45712c849,1,credit_card,1,53.38
5c3478406a9223b2b32d6ab8e0334441,1,boleto,1,146.68
81a1711311a8709f7d6522bd98d36745,1,boleto,1,69.97
54a6430e873dab60295a0a83b82464d2,1,credit_card,2,192.96
4896842ba3beb75beaf555d335e3aa5a,1,boleto,1,61.70
53366f56110f65cb92e10f720b3679a5,1,credit_card,10,806.46
297b78c63260d89009ce4a807842a5c0,1,credit_card,2,146.23
fc6bb905fab635b31a166e561395bb01,1,credit_card,1,46.78
2973501c740d29c4ad13c14b660e2472,1,credit_card,1,53.42
cec43e256e9f3bf26d135e87d53eaf8f,1,credit_card,2,140.41
77afc8cdc7d93975016850b0b1b02c90,1,credit_card,1,168.50
f0c6a0e0bfda2071399b8cf2debeec5e,1,credit_card,3,169.51
b48110583a1571628e3e79df4045c44e,1,boleto,1,117.85
1ef3f20960d2c64d49f7154f3fd63a43,1,credit_card,2,117.94
33fe1cb532ac16a48902980e00c26da6,1,credit_card,1,65.00
4e176003290e383bf0252afedac983ea,1,boleto,1,361.04
765054a31662ba89ea874067464f50e3,1,credit_card,3,342.48
d6a7e3621ef1e50b038deaf06e44fe6c,1,credit_card,4,41.38
8f0f2b5c0d348422cfa6d10e61304779,1,credit_card,1,110.63
3e01bcdfc97eab0de1ea04ac3848d32d,1,credit_card,1,45.09
d25091a3e5d9d4a0a83ad9413f8828d2,1,credit_card,5,63.23
6a9ea3a6a0a791f6c34b8145d6cbd42a,1,debit_card,1,319.43
6225dae3fcc1416785f294cc07f2e4db,1,credit_card,8,278.07
51d7a5256a29ae35eeaa4d7bbf14931a,1,credit_card,1,55.09
3dfc13832b153601db135cc36760ddb1,1,credit_card,2,125.42
c0e656a46d86c1957d0784b00f9a7241,1,boleto,1,335.18
de5569837d26b78e94dbcf0d72e29ba2,1,boleto,1,94.96
ed2df92b95519613e72472fc57654e32,1,credit_card,8,81.97
c264a164325d23f657477ec6c1f0907a,1,credit_card,1,250.00
2a0359586f9d564e2ffcba4e14cf54c6,1,credit_card,1,172.21
3c9979e0cd0acb648d666e573dd343fe,1,credit_card,1,43.16
d44df0d4c71052d8b2a3bd5c50bd42b5,1,boleto,1,84.99
2bdda5cf39975296883f9b09394d0dd2,1,boleto,1,20.29
620a855412168296816caddc230b00bf,1,credit_card,1,33.30
8fb11f0652ca9a1fc2a32dd1b792fabf,1,credit_card,1,317.10
de11314f84cd5578a36ab8312ab5b5df,1,credit_card,1,180.32
427e94c44e8cd05d6b4958f49f5199ab,1,credit_card,1,53.17
256ab4c9ccea8769bf3a40928e744961,1,credit_card,6,440.23
6a0b591f69623b1974c40cda6c026a0f,1,boleto,1,1015.80
ba45e84c712135fbb4ebfc999ff5fa42,1,credit_card,1,62.05
a4bcb4d049dc5b179e9ba02e64e38319,1,credit_card,8,398.46
c3dcabeec7fe9ac4201e8b9d04cf64f1,1,credit_card,3,260.00
d966edb9e3bbe70c8617b13fac4d810a,1,credit_card,1,88.29
ff72c6a3d900139a98122f63673dbb11,1,credit_card,3,105.83
fc00f81a771664dd85e2ed1bf9e0db82,1,credit_card,1,63.23
8d38f0c621183c4e95c8c65aba625120,1,voucher,1,61.25
c9155925aa573a017151d593ee25f976,1,boleto,1,32.58
dd0488bddbf592ba7d9855279f65af62,1,credit_card,1,401.24
082143e4f5f63e4e768aa4d5c70d0d02,1,credit_card,6,78.48
6d58638e32674bebee793a47ac4cbadc,12,voucher,1,13.53
ef53159b7b28df06945b68eb2b65abc1,1,boleto,1,314.82
03183d4abec30f2231280b2746c66d06,1,credit_card,5,54.09
b803962943a08a081c52d087e852358c,1,credit_card,4,290.29
57683137f254d82a617e934ec6cd5472,1,boleto,1,273.62
021397df4601b61a8bd063be9b5c54a0,1,credit_card,4,352.05
735c5eca158eedeb927b1278f570f6ea,1,credit_card,1,92.19
d0b7e763d0e6a967ce3eab75dd63f912,1,credit_card,2,72.72
56d41d6576e901ff789906da40878acb,1,debit_card,1,31.24
ce06972fe7c25dca520903409efcb744,1,credit_card,6,326.21
1dc23ddb9b0da103fa2b711855d60c76,1,boleto,1,157.70
14d5f7d2a3755fbd4df406ef4c4b400c,3,voucher,1,16.07
0d758f79408829d623e331723ac19569,1,credit_card,1,16.38
2f530dde74c88c4df00b7767e76f7542,1,credit_card,1,31.99
bbf99c13cca74b92b287695076073f09,1,boleto,1,116.82
688fb7e7c929bfa4711317fb51d8820c,1,credit_card,1,58.13
636d45d43d34423e6089d87a1869a4c3,1,credit_card,1,108.81
9010d348aa74847c4c49baf5e87c15ce,1,credit_card,4,76.11
4ba4f54f9d165d6e980bdfdf8b4c4d11,1,credit_card,1,79.62
9e8f609ab62bba5274e9fd4b055f1ecf,1,credit_card,9,489.98
2acdbbb81136709fc5e1f32e11ebd14a,2,voucher,1,27.41
5f8e8bff26bd07b73a3ecf086de33d4a,2,voucher,1,107.48
52eb8ce94864a3bb1be410a545f9ed4c,2,voucher,1,59.92
542ed9dd96bd38be14a8dfa8abc13065,1,boleto,1,70.89
963ac22d582d11d2bef4a834a74ddaf8,1,boleto,1,84.14
e7d3f9457c859cd5b63a25a4c2afb2e0,1,credit_card,4,50.09
55171604d89792c3bb7c4590b9d1612f,1,credit_card,1,194.91
ad495862e703fd1bd9d104eb8a8933a6,1,credit_card,4,47.62
0d5496b5cfdb09d8276c5234c42585da,1,credit_card,4,107.44
1b2da30f37813b73fff52c5d5f6cbcac,1,credit_card,2,170.37
b188c4dca07dd4ef80ba8ffa4d67e585,1,credit_card,8,89.36
94a4d00bea6790d3c810c6b2f56b4d65,1,credit_card,5,134.19
059a13b49c0fb6d21e423fad48ad1c44,1,credit_card,6,166.46
914ccbb5110ed49b96c301b5fbf8d629,1,credit_card,10,1070.74
50b8c557d8dd265d4417824162c5888c,1,credit_card,8,428.52
632984d58b2a50f588c4a3c559c1f8f3,1,credit_card,1,64.10
4519d054994236d26b04aba27498afb9,1,boleto,1,32.68
8a8ff2c8a82c73abed3c70e90953f0b2,1,credit_card,1,35.87
9db03235fbd38dbd09a5628ebee9f71b,1,credit_card,1,256.00
b11be1ce9a1f9812763eba8c91fc84bd,1,credit_card,2,159.96
79a07404beb09afb0d444bbe9dca4bae,1,credit_card,1,172.14
b124d85cd6e55467812fa1bab3dce946,1,credit_card,1,64.77
195ff45c167e808ee4f7ef32d7d8c984,1,boleto,1,336.31
ebccb7f0da7fefdd75130094a01d25ac,1,credit_card,1,30.70
e6fbfeadc1ab2b90921179e56bbc6e3d,1,credit_card,1,88.20
26dbb32053df6d12465fe5eb115e484a,1,credit_card,6,313.43
3eec01b486a4d08de50a38ef2fb87b79,1,credit_card,1,49.56
43c37b919d77db66c82f92bb20543879,1,credit_card,3,293.39
71006ec1c5629f33a617d524fac26c9a,1,boleto,1,37.60
448e3433c1fdb3dc2678294be291a7ec,1,credit_card,3,95.74
f3066418fab0adaa48dc4e3c19e4b65b,1,credit_card,1,47.23
cd274d860b561e0f2270dfb45ef0f066,1,credit_card,4,230.95
49646cc607d966ad032b9657f07aacfd,1,boleto,1,115.32
ba22a1fb553e3c6597c8c25d6478df2e,1,credit_card,1,161.21
f9180f3f33082b5e522c46f22c4cf4da,1,credit_card,1,57.00
fed7b21403712a0adacf01cd49035495,1,credit_card,1,122.01
a3afc054794626fa838bdf3de6073232,1,boleto,1,208.05
3570e34137f62140285ee90fed63ec69,1,credit_card,1,53.14
f5691c2b1ca263490374d13d020bd950,2,debit_card,1,172.98
5c51684e9930d09a7f209a96c71064ef,1,credit_card,1,86.14
52cba627ccdd9b94ac5a9be42d31b58a,1,credit_card,3,184.43
f3f484b69296321b6d7d8dfa4b74aff3,1,credit_card,3,173.82
3eaa049d12010ae119bb075092d421d8,1,credit_card,2,72.99
69dfe792c019bf6ffda89f85c1e9623e,1,credit_card,4,156.44
6d5c5ba52487a739a0406bcb654d91af,1,credit_card,5,210.90
2fb41f7fd5712215690c4c8a37fdefc5,1,credit_card,3,144.56
d14be34d97ddedb3f0b7379757f862ae,1,boleto,1,73.47
27898da84be67ffaac7dfd170663529f,1,credit_card,10,160.68
4ee9f49f270f78d4fc48d16080c0bf2b,1,debit_card,1,208.91
1b3d11cf9f92c0f7baf627ab059621f8,2,voucher,1,200.00
b2f4a8f4cbaf1ca08d4454b73851e754,1,credit_card,3,103.33
fa9832914e7afeaf41fc9fbda5ca335f,1,credit_card,1,39.50
b97c941aaa3079b3eaef0786f512bf13,1,credit_card,1,45.22
785e8c8436f4631d009d208dd380b200,1,credit_card,2,306.78
65d304f392228e0b497f19d67ac76d90,6,voucher,1,22.23
4784f1d85faf583d4655c60b4f114d3b,1,boleto,1,96.16
c6e85bb83d4a4831b79ccd25b2b98cd8,1,credit_card,2,59.46
cb9900a635406b269d600f509cff8009,1,boleto,1,42.42
22d62716773a7a0f7e8f98b15087ae22,1,boleto,1,56.84
d209d8b7e741f8ce447b0173e579e3a4,1,credit_card,2,72.38
61907d45fa46a27c04a0061d10b5c816,1,credit_card,2,247.31
43ad91c37e773a2fc263fd0f7c48b1c0,1,boleto,1,112.91
d2cf258da81ae1043667e2f77c510deb,1,credit_card,5,105.38
a567555641df2aefbf04d63d0edfb836,1,credit_card,2,56.78
1677ba61b392f10188d04d4806e32c9f,1,credit_card,6,65.68
f833a0260cb98fa615a517d4e4a8cdf3,1,credit_card,8,110.98
c0bae1d039f9f7459a21f5276b1127f4,1,boleto,1,36.09
d7f7f7e7d5d70c736d9d3f8b9ce10e94,1,boleto,1,127.01
b9351dba71092089d0c4fdff1bb8c38b,1,credit_card,1,41.85
3318317aee1cd3dfc1929272dd05b517,1,credit_card,1,72.67
136a3da67b93100ec6fc05442613bcec,1,boleto,1,208.42
8356e1470c66aabf58e1d3f3ec25a20d,1,credit_card,2,132.69
4a4d085561af094aeffaeb7fdaeac8ac,1,credit_card,2,137.24
06ac7ebfcfa33f6656f031deaaf74a05,1,credit_card,3,161.38
1fbac32f75f19d1b5242ad8748421730,1,credit_card,7,72.45
86fb6e774be23ed33e81228e64739851,1,credit_card,4,48.96
bbec914f0b66a98578b9d47f241ba92d,1,credit_card,1,53.82
0a1f877f7653fce5563de42726f033ca,1,credit_card,3,31.73
0cce1e1470bc8d35d6a2bebb6991bc1b,1,credit_card,2,54.18
fe5b3ffa54be85dd8cb2ad61db914ef5,1,credit_card,1,21.77
9ce40c402845819d3d1c88eb10a41e4a,2,voucher,1,10.84
859a1faf872d345b39b31e3c9e044325,1,credit_card,3,79.56
fe54721dce41fbe10fc161ef6b4a883a,1,credit_card,1,41.28
77b9ceb8cf451ae51ef8327983efd9d3,1,credit_card,8,206.76
0cd0bff6841594d9006994fcfbf3e44b,1,boleto,1,32.10
a152e104a4305cc7b35c02b235c6887d,1,credit_card,3,75.07
5f673b3f9980fdd744937e959c80dcbd,1,credit_card,6,94.94
febcdd7967f1d7c285c2729e23af0075,1,credit_card,2,71.14
9045fa841de3514ce900f5fc869d9b1f,1,credit_card,5,1095.65
b293f468141dc24b16033560c8d008a6,1,credit_card,1,1.54
9f372562f0d05458a142227656ddfc85,4,voucher,1,2.30
3e286b2b3cdfba0787bfddb3b98c894f,1,credit_card,2,222.64
337788b92e1812c7665aca6fd8b611e8,1,credit_card,5,51.16
e6b1546a7ed77ba5ca2c2077aafd3c97,1,credit_card,1,134.14
3ffb5839790306f5e88e8319508dae29,1,credit_card,2,321.17
d2cb9a0941fffbf27dbeb82cb90bb0c2,1,credit_card,1,87.56
de6849867dd230818cd854b69f5b21f7,1,credit_card,4,210.18
65db02d220343c553ba9181f56127c50,1,debit_card,1,55.24
835132b61f09eb393ea7fb85c61bd572,1,credit_card,2,73.38
4c4ac3e2dfb16b17d057cf101265b24c,2,voucher,1,53.13
76f2f60af7758b8b6db01b8563727086,1,credit_card,4,44.08
55f2d8cb4b644ca9cc2da77732fd1117,1,credit_card,4,59.34
26bb5de8af735f6720c8ed5eba9c0e9c,1,credit_card,4,48.82
b2f924dadc7d30518a67a2c8598df64e,1,credit_card,3,72.90
ac28887de5f5bbd520cb77370e8b219d,1,credit_card,3,79.33
7463f829999f41a9eea1e98f4e52b48d,1,boleto,1,84.69
76488d1a3fac0eda31bb3e5f9a31cc3a,1,boleto,1,214.05
4c1820d7f03f21dc27c9fc40eba8e860,1,credit_card,4,215.05
79d6c28185a5be065bf1931dc36a289b,1,boleto,1,105.28
ec2ffcdf0c859e28c732adf3e9fdb0d7,1,boleto,1,89.88
8b693238573589337ab106bbf08ed2b3,1,boleto,1,74.25
8ff6f8e6657ead9abb409740495cd6db,1,debit_card,1,187.34
702e61d4bba44a63b2a6efcddcc8e78c,1,credit_card,1,35.71
0c283c8e0c146f4528295a6f4ade284f,1,boleto,1,158.07
bd546c347a5a00ff3faed07494bd681e,1,credit_card,6,136.24
b9112b92cb06978082fbe1e5576ad73b,1,credit_card,1,25.89
0ea360b42c5a190e93cf980fe3e1b736,1,credit_card,3,187.43
3c58bffb70dcf45f12bdf66a3c215905,4,voucher,1,5.10
b5a7e84baf7b4f3080e25ff1294a80f0,1,credit_card,10,149.69
3349d5fc8a511315de279fcce11049f6,4,voucher,1,38.14
c169a9e130193e8343151c84accb258f,1,credit_card,4,113.53
40e66087ad7bd8e05f8f52a99bdb50d0,1,credit_card,5,100.34
8ed46f28f884bd76db1f8d95fc27a5f4,1,credit_card,10,267.48
43736bccf6ffc94468ff0707c5daf8be,1,credit_card,2,65.71
248aebbd996d29fa9e2c5fbe3d4bfd38,1,credit_card,1,87.66
c298146eb4abd03afe4402ae168d7637,1,credit_card,4,49.49
9451af299c7a1f4f25e00283ec35f778,1,credit_card,1,138.84
68edca1fb518ddc5c9f8607eda598b58,1,credit_card,3,51.32
7e4e079e2d9663692b28939d0da6497e,1,credit_card,7,150.39
12aab7cb25bc6ae86c66cb3e7dc35a76,1,credit_card,10,546.65
5601bfbdacd066beef319141c35b8db7,1,credit_card,1,33.88
99d9290d68f3a7252778d4cfda7cd872,1,credit_card,2,185.90
970aa8797f1c8f254fb4e76d3d9ba9a7,1,credit_card,1,122.65
b026d8284e76ad0e8420de7414eb519f,1,credit_card,1,59.43
c946d0cd8265886e13b8e20dd8a4cc4f,1,credit_card,1,89.87
0cb32545f515420d9f3cba2c55ae3c4f,1,credit_card,2,289.79
f2669763f397bcf6bfda2c9cac792b09,1,credit_card,10,246.36
6f29a78b96278f733480dcd7b05bf37b,1,credit_card,2,85.14
2a8132eaf9676f8a46d18b33cfe3a993,1,credit_card,2,211.89
71a0049f34d4d5b556c2194855da9771,1,credit_card,2,151.18
a716cb9d34cccf1db631fdbdf2f398de,1,credit_card,1,75.08
c72c794309b49932e42cf11c75b22c45,1,boleto,1,98.82
8ddd550f59752f7efbbf0284aee4631b,1,credit_card,1,117.68
67efc48800e617879edb36f04f815c59,1,credit_card,3,814.96
608570b95a49743971fb82089b960070,1,credit_card,1,14.17
ad0fdf82adbac10e4f1161e52433fed4,1,credit_card,1,132.90
d052020616d502036aa7b1303965ada6,2,voucher,1,54.26
d6433f92f95904f2d4a77beb2769e8b2,1,credit_card,3,144.99
8501926dd0837d694fc5af339c02a6b2,1,credit_card,3,267.94
28b2d19e3d604381f30089a68a4e0831,1,credit_card,4,78.14
015fb6b5f739788434fa690540f90f19,1,boleto,1,475.96
728f6c4bcd81ebdfeb353bb9b0893a12,1,credit_card,3,205.30
54be559c5fcd761b9f2721135626294c,1,voucher,1,72.78
7c921161980003eac272f619f2fa5776,1,credit_card,8,169.31
acc957c82b00d1fb5b75a1f27a6d5a5c,1,credit_card,1,71.23
e6b80bdcd0b9d933453a3ee0bdd0de64,1,credit_card,1,65.71
cf3f036c0781e6c15f19d4d661e0f640,1,credit_card,3,147.37
5ed2e5fe2d054f1c4ee480ecc657f995,1,credit_card,1,46.00
2aa14f19125c2bff4127b08c872a8b59,1,credit_card,4,118.55
a2a40434e08665181cc74e01e9eb05e5,1,credit_card,6,178.25
c0a2349a8e345c3196f05a1dda9057a1,1,credit_card,1,93.75
c7c3a00f3958f5ce595a95a1a98672fa,1,credit_card,4,62.59
6cc4eb51469dec50a6130fe1cd07b7f9,1,credit_card,6,139.17
dec16dbd1d355316783dfd6844e61a2f,1,credit_card,6,238.32
04bf4de54cc6a9145f3ca780b9f45d54,1,boleto,1,76.08
55a21991029dc5b9239c5bddc0f09e33,1,credit_card,1,27.78
01a15ee6a1b9050e7678b72cb4c3b486,1,credit_card,3,198.10
22b4520d15a9cee803bbc1d042cd88d9,1,debit_card,1,77.57
932d7938cdc7161c6c22c083ebc3688d,1,credit_card,1,51.75
7b1c9d44d6e6a5fa56cc9d084f9e1698,1,credit_card,7,150.59
04a772c0620384a8776c4fbcf4af5c01,1,credit_card,1,90.19
6559afcb08c9458feea561826c4a178d,1,credit_card,3,63.42
5d6f6038fbf6c4efe634bb697ec4d82c,1,credit_card,1,181.45
0e69198c87f4da026d7daf96d91b194d,1,debit_card,1,57.12
1247e7aa2e791c9f1b0d6193c132dba6,1,credit_card,1,31.78
23ac58266e694557a7c7da266ed6c316,1,credit_card,1,61.09
9c03496a411754169e1433dc70a583f0,1,credit_card,6,106.81
18d686f1bb1270182c646fe337459d79,1,credit_card,1,57.59
3be02448faefd4cf9a63648ccf10c1e1,1,credit_card,2,294.29
b11073519dc9fe626df6281aa1965522,1,credit_card,4,86.20
dad38cc9bc5fe2b4a6febb5d1fc37443,1,boleto,1,108.91
49578bb8b28dae340b70b481fcca6415,1,credit_card,2,87.73
cacd075ead957703244655d22b0cb474,1,boleto,1,153.30
ad0cbc6e9cc5bce4165e35ad4a42d8a5,1,credit_card,2,29.62
53c54da97ef9aa777d1c6b1bdf469c92,1,credit_card,2,57.59
bd18cc55469db99cfb36886d68bb3791,1,credit_card,1,24.38
ff0fc662abeada5aedb2f3a0279628c3,1,credit_card,3,45.34
ecf85b61bc3f89e2f5ff2d7367369675,1,credit_card,3,68.04
db2eafd064193f2bd9dd161490c09bd0,1,credit_card,4,195.91
c52c7fbe316b5b9d549e8a25206b8a1f,1,credit_card,10,1619.73
6631686db32c17309079cd521afd5a7d,1,credit_card,1,34.08
f95bc347226e75c87d4c329d25f64970,1,credit_card,7,95.30
c6f49d29ad6cd1c719dc77e8a432154c,1,credit_card,1,57.98
7955ebc3660bd2a004a4eaa016b3a190,1,credit_card,5,82.98
07ff1545b26c5800dc2d25ab88055082,1,boleto,1,90.60
83b730ab4cac58471d803672a6688b5e,1,credit_card,5,133.75
840a030c24ea3c06dd506a43ce2a0c17,1,credit_card,3,248.40
774d6deaa500cd320bc530530c44ea0b,1,boleto,1,100.82
8560601765c3f16199ac6feb1a8d6e64,1,credit_card,5,57.60
67d83bd36ec2c7fb557742fb58837659,7,voucher,1,1.27
16c4802ea5c28830deef826f1f0b6941,1,credit_card,1,377.03
cbdda7b3592588a17fa43ca6c7300e72,1,boleto,1,182.94
51bd57353e3e9dc73134394fac6f3ba5,1,credit_card,10,111.19
19c8e37f78c41e2637545e34bda62bc1,1,credit_card,4,100.20
0888cf8a7f975f34f13e851049b35dd6,1,credit_card,1,68.12
2ab2d565315e05cc62d7462113cc1ff0,1,boleto,1,321.08
abe5ab54fe457eecba0ede09db8fa0ef,1,credit_card,1,82.52
caa0b1f68d02953d97d190e4e4e7191e,1,credit_card,3,153.80
38c0ff8cba12452ea772d687ec01ad56,1,boleto,1,92.37
3d177fa8a164dd0cb060f3051dc4ae8f,2,voucher,1,175.49
02b57854fda246aca8459d17f5ccbffa,1,boleto,1,61.72
3af2a81272fcd0c650bd44f53f7e61ef,1,credit_card,2,65.09
d4174eb830aa8dc92a23395da7d5012b,1,credit_card,10,194.38
812f5bd0b8bf2c0b7a1ca7589cefac73,1,credit_card,5,112.42
d5575392b459cfde23795e925c6ce5d4,1,credit_card,5,84.08
b8cddbe53f3a227da27064bc722cffa3,1,debit_card,1,182.98
ebb5affa057893d369c438b0eee8e2b0,1,debit_card,1,81.63
a7d0f5630dc1881470f6308869e95893,1,credit_card,2,72.34
7948a599ad3b5be1c5394644d0d4f8a4,1,credit_card,2,329.38
832e0a03685bfc20477ea18436e023a2,1,credit_card,4,112.43
34d8cd1ae7f779736eab467bc2a056df,1,credit_card,1,139.28
9a3e437ab219133c20a7033be9087edf,1,credit_card,3,164.21
426ae4dd4be2e6836ef89763d45f2149,1,credit_card,4,117.93
5727f102c85ddd314cc3158d4e044e94,1,credit_card,3,73.34
6612d335f397178518a4fc1e95f89446,1,credit_card,6,64.10
3704d17afc13e380638fecad7d62950b,1,credit_card,3,87.98
0bd8d3c647ff6125dc1689eecf809a90,1,credit_card,3,32.13
e03802b5209c43fd6ba9d5fefbd664ca,1,boleto,1,211.02
b795eb32cc08082ffd6f417bfc0686f5,1,voucher,1,105.01
2b9781917af4a7321519dd1db68cb72b,1,credit_card,3,36.62
63324a20b5f0324063118eb12d4ff9c8,1,credit_card,5,289.57
003a94f778ef8cfd50247c8c1b582257,1,credit_card,1,57.98
9ce40c402845819d3d1c88eb10a41e4a,5,voucher,1,10.81
098f60afb74eab906fedaf802a833a97,1,boleto,1,48.28
db655922543a6cebb4a48f8290405a60,1,credit_card,8,290.86
5fb7722468335f3e0c49814fb820fff6,1,credit_card,8,320.18
5297d2383ed2427349be6b01e151ddf7,1,credit_card,2,66.91
c3790de0460b30fb8acee5f277496b61,1,credit_card,1,38.72
323d47b2350119b2f1da2f6fe63e1e73,1,credit_card,6,873.86
bf99266f91395a536eec2caf09bad879,1,credit_card,10,104.27
5aea0e32c93560d6e8235be9954aba01,1,boleto,1,287.45
48b2a7ba18f76dcb8be971239e41746f,1,credit_card,1,53.48
ddb860efe17d6082630b99db1200b1c0,1,credit_card,2,149.11
e8549294b90188285cf1f7d6a35f758c,1,credit_card,3,57.33
db29d18874ddbb8ca9f062c7b801a4e6,1,credit_card,1,89.41
51b0dccc8596ce37a930dff2d63a10a2,1,credit_card,6,117.68
cfed507ac357129f750f05a0d7d71b15,1,credit_card,10,2091.33
62299c8f38bd519b17ca538c3232004b,1,credit_card,3,47.13
2fb37b5e58616af008e9835632fdce7c,1,credit_card,1,118.11
5dc0af9bde879bc9546685cc7c1035da,1,credit_card,8,437.65
09fc554c8d37d678a6c182c5592ea881,1,credit_card,1,62.28
89e4480fbd3d9e4798dc09b84ec53334,1,credit_card,2,159.68
8458ad0c5a4b19319109dc629ac03c8f,1,credit_card,6,600.30
a548bc6afbda383e174fdcfb79a92581,1,credit_card,2,64.44
dae095a3efbcc51f73f9a75181008850,1,boleto,1,44.25
86d358acddab52d41c7ea21a648e40da,1,boleto,1,168.88
f11326b050c436253b8d93c1ce36f6f9,1,credit_card,2,26.85
4982b38c3eaf8479ef8d65755b2d0b14,1,credit_card,1,99.52
db640157e1dcec75f26ab07653111cf2,1,credit_card,6,135.35
66b5056a7febb8679fd88a5b42d59b05,1,credit_card,2,31.71
2c8ed3dca8e0a057095326257777dda2,1,credit_card,2,73.34
03d11bececb87dec8b11f5bd6fa62472,1,credit_card,2,143.02
d41f1036712e18ee525939d08b7a1c98,6,voucher,1,17.14
2dc3f680b2788d38f7162482b575e41a,1,credit_card,8,413.04
e832fe7f7808b5f981ee02746681d40e,1,credit_card,10,119.94
7cb0462fe3de278ba58f5ae3e6bdac4d,1,credit_card,1,49.81
e135c8a351d629f6322ae5cd66a90291,1,credit_card,2,82.57
2cab6eabb3eaa7f0185225e89585ffdb,1,boleto,1,99.90
d10d423267ce9757b2dca711dc20fae5,1,credit_card,10,118.29
94824ef603c1020f90aeabafd81bd704,1,credit_card,7,232.15
dce58e54a9fe4ec8a4489d106e57d2bc,1,credit_card,2,99.69
52888b8403ad3056c4f04bd686f5bd61,1,credit_card,10,246.97
990cdf0bc1fc7417e5b2a77f7ae81d2b,1,credit_card,4,108.81
379281cb6937d39c00978dd24e8a71bb,1,credit_card,1,40.13
c58baaf50e63ac84717a1bc9c0a9c991,1,boleto,1,74.74
64aa2d5878fc863f40dc4698a4feff6e,1,boleto,1,128.26
d824a4f31c8c8abaf5c415c8dd473a59,1,credit_card,10,284.23
33d3a462459921b054d39254daa7e60d,1,credit_card,8,159.81
199af31afc78c699f0dbf71fb178d4d4,1,credit_card,8,4764.34
0668f439eec2e9edf7b24687cba7acd7,1,credit_card,1,164.70
d14704bf551588cc4acea3368cafe62b,1,boleto,1,222.58
94cbeb924291c55038f6d70ce58944d1,1,credit_card,1,210.08
1b16849c735fb603f647c0e1dbf503c7,1,credit_card,1,3.96
df832acdcfc236969ab361d4597e6e0a,1,boleto,1,47.14
c4b4d00148bd70871b88bfa8c318b557,1,boleto,1,46.85
3da325c94229aafd1a3a8e17e8487fd0,1,credit_card,2,28.62
f89dc6d4d2804453af87b0745884618e,1,credit_card,5,169.30
999ecbda5d7b314b856c71e7bb73d8ee,1,credit_card,4,384.70
8fa4922556e8eec12e5679c289fccf51,1,credit_card,3,93.48
bfd279d30475171e707bc248cffdc615,1,credit_card,2,78.35
65beeed06eb791b6c1026364455fdca3,1,credit_card,1,45.22
e4e486faca6effbf54e6325fd207319f,1,credit_card,2,137.43
d9ff0185a300435402f043124f530274,1,boleto,1,70.24
67b464eee8fa44d78ac019e09dcc25ee,1,boleto,1,129.82
2618381879ed242e21138d73f79374d2,1,credit_card,2,109.40
da36e5a5930096aac1b8900a3c4cfe33,1,boleto,1,265.85
8733c8d440c173e524d2fab8025063f4,1,credit_card,2,166.34
2456c2028c3aba19df5529d6fc81531f,1,credit_card,1,50.00
ae917963181c56c14f8d0e873b1588ac,1,boleto,1,406.14
0b47f5e9432bd433f8c5cf64e60e6e5f,6,voucher,1,20.00
b5164c0cb0beb5a1936bc30fe510c0f0,1,boleto,1,64.00
ad5e4b37aefeac1f582990bd5f5097e8,1,credit_card,2,34.66
8489131c7dcc42a6d6d7df1be6802643,1,credit_card,2,143.34
3fe67b23f3a9532482fd5c6dda351895,1,credit_card,3,42.75
a6ef39ae149a4aa36b96c2d5246b9dbd,1,credit_card,2,43.90
361b25aadc736b36d30d7ecb84117c31,1,credit_card,1,189.04
1beaf0622df76c7b2b3be0746722f381,1,credit_card,2,79.39
be003b92657e12fe422a450aacc1eed7,1,credit_card,1,155.26
7e34d6fcce4e3e6e5f06ad143cb3585e,1,credit_card,1,96.88
b9d93d361a6dc1b13c796267569b46cf,1,credit_card,6,184.78
e6e29c88d11adad7615c63b147dd55d2,1,credit_card,3,31.00
34fe5a39b9e65ac47aac2872c3538c41,1,credit_card,3,264.88
e3adb1c6d76fb05369fbbc2b8b9f6c3f,1,credit_card,1,34.01
957d3d3a63d9662641f1b2f6d01561ff,1,credit_card,4,67.34
80da866a2f8257c4878f249ffa36390f,1,credit_card,5,58.89
fd18144a7f23df9342113fdc1f130213,1,credit_card,2,108.33
d95feb184596a27a70144e63e635ed5b,1,credit_card,8,200.91
abf0f8d4869d920b5c42d4766c4e0712,1,debit_card,1,949.62
139c8eebc7139b2a1d860e4ea3d98b80,1,boleto,1,674.22
1e36204fd8a2e695a35dd5e41cd392d8,2,credit_card,3,154.92
270cbb69c57b4df6be5aede2871bdd55,1,boleto,1,139.80
9f353d55cebbc63a3eb1bf5d53774ab5,1,credit_card,1,29.77
2d16a65d064093d387d6b903359976b0,1,boleto,1,99.22
1b00085d9491b54da228042e4a5bd26a,1,boleto,1,138.70
a51cf85ecb6bb335d21abd348a85acd3,1,credit_card,2,50.51
3e0181129c289a075b9cf01aae3ed86d,1,boleto,1,82.73
8f3987cbcd3306eab72ae123764da5fb,1,credit_card,3,63.60
59c51bdf0c3270d962625e5ebbe22fb1,1,boleto,1,28.20
6b62e435ad4cc81a538f9a279049f490,1,credit_card,5,246.79
0c06a823dbc08a3948528a087cc01906,1,credit_card,1,76.51
c00b90f6bc9d5a080080d5c3f852f50b,1,credit_card,2,78.18
7a29d9cef76355b4b32321cc4c9e58fa,1,credit_card,1,57.24
c974f0eb10f24498b3e0863a5195b748,1,credit_card,1,48.76
c467181d4844c139feaec6947fd94606,1,credit_card,1,84.81
526404bb2c3943e843e39ff556ce5f71,1,credit_card,5,83.25
6cfff87e38aec01ac371bafe086e3f56,1,credit_card,1,90.77
0d8f22964c47deacb4f00a8d35117940,1,credit_card,7,76.31
69741f6be661e32356395ea391cdca5d,1,credit_card,3,84.92
0584a31bb6abbd3dcc27e2d464ac863d,1,boleto,1,21.62
10f69c462a2c700cf1b141b9874af717,1,credit_card,1,20.38
eea49c7e89b1350899c908afadbc6ee0,1,boleto,1,21.89
88105b400acfb446584ad0e0c3a088eb,1,credit_card,1,145.91
d7a5df2b74a2d987597e7689cc22b07b,1,credit_card,6,630.92
83db27f85506380229913b0dfdf5cd18,1,boleto,1,398.18
654da57158d96035814657b5143bb11b,3,voucher,1,54.03
2688613ae3d2299ed6dfa709d64750b7,1,credit_card,1,153.72
cc33143e956d12c68737d2ea49910386,1,credit_card,1,25.31
a46f7d82e8993040636ec55fdcc99272,1,credit_card,2,104.61
46336bf0a9f5def552f2f03a691ee9ed,1,credit_card,10,113.88
3b9e35c74ea3d790373a88640019ed9b,1,credit_card,5,76.65
29bcc6a8befe426cad7140eb616f16fe,1,credit_card,1,79.14
51a8469438e01a912e0e55cf32fc0abb,1,credit_card,3,208.07
feedf8f109c19b01f36d6d87eb1e5dbc,1,credit_card,3,140.65
33df70afce3d048ea97b52a230185c90,1,credit_card,8,118.08
7182a10886eba11ded33e2656379e6d1,1,credit_card,2,419.67
cfa5751e0d7592de9b8993318edb433e,1,credit_card,2,138.60
1b29c6098f228e52ab6ca545b9349d95,1,credit_card,1,67.50
add1f9c9ebf56bbc8a9f814f34bc5972,1,credit_card,5,132.03
bbbc78f0d6afd4eb216b5760d0502070,1,credit_card,3,193.84
f7c13c71907b58b590da46643fda3bbc,1,credit_card,5,105.28
abbfe78fd05873101e792fa04bbad963,1,credit_card,10,233.28
5be887c26e086c8cc169b70cbc9afadb,1,credit_card,10,1675.71
cecab9a50124b827ad862cb191df18a8,1,boleto,1,176.99
5042c0182e2b58be03014e391041a643,1,credit_card,4,213.18
f8ba6b81969b53758b46333b85537e89,1,credit_card,1,112.84
83ce09b55f29086739212db0e38aaca1,1,credit_card,2,139.61
feda53748552b66b94d435d2a3c9025b,1,credit_card,2,85.14
b90cc9e10252911c2092a1e49794aa13,1,credit_card,1,87.82
a2b29ceea06f28d1c71db5b2c9529820,1,credit_card,4,76.42
c0257fe04f54df9e09bea363e60336e9,1,credit_card,3,97.59
a43bf41cb94b07041262735892521605,1,credit_card,1,15.76
90427548a7f9b99089d5449bdc44dbf4,1,credit_card,2,27.77
a6c4a396b90e2d6bbb30aec21e1c20f8,1,credit_card,2,143.42
f3378188cb29f0cd9da2d838f2374f6b,1,credit_card,2,236.70
3a80aeee2f23cb1e2052c30a451779ee,1,credit_card,2,44.42
431a73cf857d30d431ab61a5ed6909d8,1,credit_card,8,106.16
1d450eeb8b913996d213b6e22127ef22,1,credit_card,1,119.57
432be65264b4055058984c2078e5d487,1,credit_card,1,131.62
d6ef78a86ea5cdf1238f68102c64b6c0,1,credit_card,4,126.42
624076d477f2670d9f41fd6f70390ec1,1,credit_card,10,218.87
8661d034c37aca81ad2a118217c354bb,1,credit_card,10,136.90
870a3cfbe4dab0f499a636a9fdeef87d,1,credit_card,3,96.18
8cafeef132aa9cfe9a86b1162012e14b,1,credit_card,7,77.70
3621b14695412ecce5ccd37d32c6485f,1,credit_card,5,134.83
719628a909505f12f342015fd53a8d43,1,credit_card,4,40.86
e5aef80dae38dca5571279abb1001629,1,credit_card,1,69.03
028aa7c930356788f861ed1b7f984819,1,credit_card,6,62.94
7ca65696b7a56e9b49f865f822e9af65,1,credit_card,1,56.78
c4935bcfe1d63ab17b37fac83c9f05b8,1,boleto,1,37.72
2f36e982eab2df4e0ca5890a0228907d,1,voucher,1,98.51
565d193549c110156821ab4e05cb6240,1,credit_card,2,57.67
f8b12da99115db11d96479a89539eef2,1,credit_card,5,52.77
a00e6f85d3ec7f1d81197fba0052db04,1,credit_card,6,138.84
efa967efa40217c320aa7aa2954ebe52,1,credit_card,7,455.74
c6f6b7098338abbafdecc3ee3ff4bb66,1,credit_card,3,132.70
56c93a3f93a1e7eb24ed51a6931dc488,1,boleto,1,933.70
581e5298655b47d098b024c86e9239e3,1,credit_card,10,463.44
433a9459ece4c6083b2aa89b2480a1a8,1,boleto,1,81.50
7b51c3c01744a42de53e6e1b65d2b7cb,1,credit_card,10,116.36
017c9c82265e832840e4209750680e94,1,credit_card,3,185.86
138154e59536bfac1cccbc4198385c08,1,credit_card,2,47.40
c69a4e800792132c8c39b559c8cda572,1,boleto,1,35.71
fc1d26c4d0639d4e8f684b618b355146,1,credit_card,10,239.45
8d48de810012d2cb59c59d5c4e0442a3,1,credit_card,2,89.68
1460b7b8fd63551dc68bfdffdc31edec,1,credit_card,4,103.91
5a0e15ad1f0c5749b22a528d77d1c993,1,boleto,1,85.60
8567d0e0c41a3f32730d8d68b7a73d33,1,credit_card,2,131.26
6f64e74ecd4ed3196bd31cf14d1967bd,1,credit_card,10,147.64
04211073930bd30b88b8170431a071ed,1,boleto,1,34.00
68d1c970d581919895404c1e68e0bf3b,1,boleto,1,66.94
544d4de462a8ad0d9492999b6708ebcc,1,credit_card,1,341.62
fbc0e39ffd844ed939344840824834d5,1,credit_card,3,284.90
a6a6e64c59007f13ea3aa60bdae83200,1,boleto,1,112.81
e4b53293134babaa7d3b418659ead610,1,credit_card,10,376.39
b7a35c9ba09e4651caf5b9b0e9fadd21,1,credit_card,4,113.37
1f55d59fd95c97d28af581c3c7b4f267,1,credit_card,7,131.76
ed6276997e362e1ac151005a739fd684,1,boleto,1,127.45
a2d57c3e9335cbd7ba8c89cd98c26676,1,credit_card,1,120.59
084051935208c688c8cd5fae3d15810d,1,voucher,1,62.68
3369b9e1711af775c57b7ad52baf8017,1,credit_card,2,61.88
38d7ca365470a06bd907802a6a62d83a,1,credit_card,5,53.10
36902bbe975a558efb33459b1cc8eb5b,1,credit_card,2,56.97
021f21b778ea0a81da47ebe141b1b29c,1,credit_card,3,153.27
f8647aaeab4c6556d59fb6f9a8508e81,1,credit_card,8,195.91
1de621bc947402bc9becac77521734dd,1,credit_card,10,329.86
ef21ebeb08690a0a1e20959c4d9f6357,1,debit_card,1,36.82
bad9b45a942f0bf7444af6915482c76f,1,boleto,1,78.62
986f9a6bec9c49daf91e0a02a63885d0,1,boleto,1,95.30
4d59ce1e8ec1c68f4c79068eb19e1edb,1,credit_card,1,35.01
0cabda713646db439e030172e3feea6d,1,credit_card,10,349.10
f354a10235b5d253194c5285396abad1,1,boleto,1,217.06
c136ccb91ace39bbcdd1012fe2002d8d,1,credit_card,3,37.05
81b34538b99858b1645dae735cc8f732,1,credit_card,4,83.50
84b534c4e6899dae169caa25fa2c887c,1,boleto,1,172.44
8e743fa5bfb68898e6435685df2c2fd5,1,credit_card,4,320.23
6c2f4118a5a723bdbd456e2bcc7d85c5,1,credit_card,10,515.81
3574fb0b39fffed3ab8ec66e6031b4a3,1,credit_card,1,44.60
bce84813eb86a81120f6155933af7bf0,1,credit_card,3,59.33
3ea133ff119739c54b9e8beef186d181,1,credit_card,2,52.92
e3abb4266cbf84e7c3d00542a488cd32,1,credit_card,8,126.64
123b5d3bf7618638f3e078a76ae46049,1,credit_card,1,124.70
63e6167831e2896f74d9227af41b1431,1,credit_card,8,248.52
48c7cdcae897b5c7615110c6dbd6c837,1,credit_card,1,174.48
caaeb078c34b52b95c43a6b1390354e9,1,credit_card,10,689.81
cff282aa6b1661a8b29c0c790c42e5ff,1,credit_card,12,229.24
43a5d40681ed4ffe2ed88d6fb2639545,1,credit_card,3,81.78
3b33fee9a422ba92fb56025e07fe3db6,1,credit_card,10,1830.12
732016d12d4c4281c465b63da4e2ca8b,1,credit_card,1,91.23
5c3ed80bbf87273549529ebc6a45650d,1,credit_card,3,111.72
9a503487f2a2141cfc220d61e43bd938,1,boleto,1,117.73
54c1bb9fd5410f38a13229f44d9b7e67,1,credit_card,3,66.67
33d6102f076f9a6130c98e71ff77197f,1,credit_card,2,121.18
5d0db9d992f9f02d3bdca8a7e64c2c27,1,credit_card,2,163.43
78c0a28679d359bd04124988a2e04bac,1,credit_card,8,443.85
2bd3710aaa1caffa42b8d737e093fec2,1,credit_card,2,138.72
97b75ddaf041b0f141f0dc8617f58661,1,credit_card,4,260.13
10301e5344cb0afaf8df8ab85051ce2e,1,credit_card,5,274.24
20c98a39c44583471ee358e7fa0db82f,2,voucher,1,14.43
e27c7d40e51c72cdb3841c34f9f1f301,1,credit_card,1,89.36
b88aaf0a038b725ea2225ef4ebbe343a,1,boleto,1,103.19
b6ee1c3dc0d943c0e1e18a4fb936a693,1,credit_card,1,160.47
3a94d54e3301d9e4da748ee3766e0585,1,credit_card,7,77.59
dcedac1406b3713259927ba54a3ad206,1,credit_card,1,85.24
b802a721cba4cdeb7d3b390b4f24495f,1,boleto,1,172.53
1e5116c850ec5a9a3a83ff73bd06aef6,1,boleto,1,81.15
3e97445a80fbe4c15f6f1aa9bf95c90e,1,boleto,1,70.27
d3dade419052ceb22cbf5aac01b8976d,1,credit_card,5,119.93
0b127810f86631fa896fd74a421045f8,1,credit_card,5,155.14
67751830e2d59234b32c89aa419117d2,1,credit_card,4,40.09
7a5dd7d63f46b1aa728444da8066b0d1,1,credit_card,2,29.09
2f95a71d2777d49b1ea9226320de5c3d,1,credit_card,2,169.19
4a84096c064c8cd3d887cf815a923c06,1,boleto,1,183.29
970a49012cfe41d81bfd4593b83ce4a5,1,boleto,1,43.22
4748c7d66bbedbf52de84b3bc4cbc482,1,credit_card,7,150.66
c150d0cdd6a3320d8b475792bc422069,1,credit_card,2,76.86
b72a28958acaa4abcff7b24c1b517c42,1,credit_card,4,221.14
9230c8324320aabb46dcfbc11da845aa,1,credit_card,1,46.22
4d177a59bedcc26843b61e6b4078e4fc,1,credit_card,10,1130.03
64cfb816b4ac2467e485b923dc083ada,1,credit_card,1,63.65
4f92b447221c7c5e08918d145eafa33f,1,credit_card,9,92.05
013bc77d3ca5fba084a241fdcb307393,2,voucher,1,17.72
dfc7641abef4e3145eb2f9817c95dd46,1,credit_card,3,33.47
cf891dfddefcb0fd6ebc574e0cc67846,1,credit_card,1,30.88
53e1d3495e1dfc693b4ed16c06b15877,1,debit_card,1,158.07
35725e258cb9737116914bd049f987d4,1,credit_card,4,88.62
a37e63f75db3f7601cd0e95a5b63c083,1,credit_card,1,17.68
a84a154c67bdaf74f92aa059d7f84025,1,credit_card,1,78.07
41139489fb8433d34419f648aa690815,1,credit_card,1,44.49
d6fff26e75a874eb8e74deeb84f0b4e0,1,credit_card,2,162.45
15be0c9cf56bcf3cfe7c453ca50f7c38,1,boleto,1,118.79
a6342076665c42007b429ba796b34480,1,credit_card,2,54.09
f3f9b48af7d08820e387bb0ead261105,1,credit_card,1,37.65
2d3ae8314361346376456addbeb7e5ed,1,voucher,1,96.64
7dfc0c4ee8e0efa633fe97c0409da2ea,1,credit_card,6,143.15
84f22866255c63a5269b53fe16d592bc,1,credit_card,4,69.90
ec375850cc8dd9f34f98be4fd8657576,1,credit_card,9,181.83
a3d151c2ee996bb54d0d9f7cc83c5746,1,credit_card,1,71.16
35011b1b3211ea7c58a699e4b8bfe93d,1,credit_card,1,72.18
ee9b8c41892be7b578ef5756d88fcf49,1,boleto,1,49.00
9b4ea4ff8f51f91557fd6448e909cf81,1,credit_card,10,2026.54
efe279abeb0fb2d03273c495d19b9f29,1,credit_card,5,78.87
beef13df9e204c44aef29545324a9606,1,credit_card,2,107.28
a71be8f3b8729c021b536bb8e7471000,1,credit_card,3,89.65
f6c8df45442a1a3f86164cd6ec23afa3,1,credit_card,5,342.04
2e82339ec0f39a69be776815f3bac508,1,voucher,1,24.02
48f1b67d362a1a223557ae1dc34acf05,1,credit_card,8,88.29
1295050865da290bb94474fdb4cec31e,1,credit_card,3,169.00
0c897c38d294bbc817bc78528cb47e27,1,credit_card,5,111.10
97514c152882f3625b91ce58ddc0c3b6,1,credit_card,2,126.99
5f3ce710839dcf62389d5187ece2d4e8,1,boleto,1,74.74
8d785027a8353d2f17d76f05b73f86ef,1,credit_card,3,107.01
7be14973fae210892bdead0de13695e6,2,credit_card,2,25.82
45c9dc054d45b20502714951e49729e4,1,credit_card,10,311.71
32a36b92faf67aebedb4eea534a49c4b,1,credit_card,1,55.05
b74a164aa1b796aba8ed356ed4733db8,1,boleto,1,81.24
d2f5633625bc4755a073b638481e8dcf,1,credit_card,1,29.10
e062128a636025faaa59e161cf4554cc,1,boleto,1,173.53
3f6e9699013cd3929f5afc72ee8af297,1,boleto,1,161.45
284b02fa3e9a13f33180080d6c8fea2e,1,credit_card,1,124.42
dcc97daebf3b61efe164a8e507c677d1,1,credit_card,2,54.13
c1b946b2592023776151752222cd31e7,1,credit_card,1,5.36
5d32187d4c1f5c1340c4895593de6eef,1,boleto,1,101.84
fc62bb19d9570fb44bd3ec979a890550,1,credit_card,3,37.25
02efbfba398618f44f8c4097d6822ddd,1,credit_card,1,37.37
60f46ff1481bcfaf8a78259b1827c1d9,1,credit_card,4,40.00
6064862631581009b8eb676bc264d91f,3,voucher,1,40.11
4a500df6bccc8012825a767ea8d04a28,1,credit_card,1,347.40
4c05568a8cbfba6c3502aa38dd34c9c2,1,credit_card,1,93.45
8730eb6033096bc99877b2f10d4de04a,1,credit_card,3,94.40
b6bc67fe4d4fbc4307eafa56be5e4fdd,1,credit_card,2,106.78
fccc6a1135bbde7546ea85d6ab3cec87,1,credit_card,1,94.59
0a5e1bafba05f64884feb58a0bd822a0,1,credit_card,2,154.67
6d0940a8f5fba47562bb14cd97dfd6da,1,credit_card,10,2455.12
73c2f6a3fe158985da4f15118a77783a,1,credit_card,5,63.18
5ec0629d25d2736b943c5607137c5182,1,credit_card,6,137.63
c2e3ee5ef901092148e19caccfe10ffb,1,credit_card,2,56.60
47950fd9593ec583d56bcc690f12e245,1,boleto,1,111.33
30f95ea478d6e49bbf813ec20e149cd2,1,credit_card,6,159.65
58a0927d5f0c99b74be566b3d5ed7c59,1,credit_card,2,225.71
f5189c5469aa331b59de00b9af4ce5dd,1,boleto,1,286.32
e5b84cb2e43872d1757d71fb8eec54f4,1,credit_card,2,56.95
84040a45ab0e33cc43b8c196aad15732,1,credit_card,1,44.96
f7f27a0b991c58f8f3287801b9b26802,1,credit_card,6,63.50
885ae5d5896b9a5f3bd2a626876ace12,1,boleto,1,83.15
4eae14ba78c6ed873a6d1f11e52326b1,1,credit_card,1,50.83
00c9d0257381c7e9ec13b4505f25b2cf,1,credit_card,7,387.57
a2226e6f6547ec94fb52d33362d58458,1,boleto,1,99.65
f08f463d66cc5bfe30cd30cbe9177ad0,1,boleto,1,159.23
08ac0336730e831f16eeadf576564ff3,1,credit_card,1,44.28
cd05165a846200165f408aac54408021,1,boleto,1,213.34
a5065fe7bc5f7610327f36842025dec0,1,credit_card,2,40.10
be74db37c6be2764570dc81e103dc60b,1,credit_card,1,16.84
bebd5d5cd84828e1958bb698ebb58665,1,credit_card,6,73.06
45dbfcedafb7b44504dfb439ae973db0,1,boleto,1,113.56
27f2c6d84c40154475f997b5d6884f0c,1,credit_card,7,79.20
07a3ecc544326f0c462c5423eaca1812,1,boleto,1,183.43
f2cdef1ef7aa4977aec14761e7254580,1,credit_card,1,77.57
20945512a77a36bc778b1c9d7715dfa2,1,credit_card,1,51.85
2c8ad966b56668262728f44fbe18c4f5,1,credit_card,5,204.03
77e102ecf08e057581ef2ce55c80c6c0,1,credit_card,4,43.62
5837a2c844decae8a778657425f6d664,1,credit_card,1,25.59
339063a819f93e6e25102c3bb66ab667,1,credit_card,5,53.29
65e816f5fdba93b07f5aeef1ee55b6a0,1,credit_card,8,88.32
46944b54ffc20e22cd2792f7b7b12a82,1,boleto,1,155.77
cc7c3c9e0e52b2748d1843228f84c9ad,1,credit_card,1,147.35
718593593597aface80adeaf98433b07,1,credit_card,2,183.36
6d15390c68ad06398621b0a7c976e52b,1,credit_card,3,165.96
b2f9c5f1cd2900a3d140068d35509ff5,1,credit_card,7,99.43
0973b2846805e4eaacbdff441e3dbc8e,1,boleto,1,45.69
5faf0d5452c94e7bf899b764f9b4c949,1,boleto,1,59.00
647cd1d569c405ed9c09cbd6cf0813f9,1,credit_card,1,51.71
d09937858506b4fd15ea217ad6c16a95,1,credit_card,1,66.67
5e301cd08b777c3ccd87ec64498e785d,1,credit_card,2,47.68
95adaa1525c1ed7ae7e428c561ec0493,1,boleto,1,230.01
e9be35cf7ca8ab06ac0fe5cd85ffc0a9,1,boleto,1,28.00
e5af3df04e781dc26254b1bec2563848,1,credit_card,3,107.15
16ab8ecb99315867f046f225b832649e,1,credit_card,2,234.46
f8e38590ff083b97342732a847eb3851,1,credit_card,4,123.18
1fc6f36a09a4afd9024b0cf47d52924e,1,credit_card,1,63.06
1f1dc5a03fa943b0cb5674b3326185b2,1,credit_card,4,116.18
e38515b101676663b3f2cff2a323bbb5,1,debit_card,1,77.66
28dfb1ca8926269a4cf22394487f6a83,1,credit_card,1,22.98
35a6518f311840d6bbc5998c7201db80,1,credit_card,5,108.00
38ceb430670a97a62dda6e748ec94f69,2,voucher,1,139.99
57b49374c8a506e6a26dfef7b426f342,1,boleto,1,166.68
8403fda2f0b14fb120f1bd362fe4331b,1,credit_card,5,143.22
48355743de20d2abaed10440296594e5,1,credit_card,7,362.81
9daeefebc1067e23b8722753332f9fce,1,credit_card,1,53.23
71e416d9d84276bdc21bbe8e5897f908,1,credit_card,10,130.00
e759e1b127010b3f3da189a919ae300c,2,voucher,1,10.87
ed5c53daefe487fab95ccd2afaf61bb0,1,credit_card,6,76.74
16e8745a21790f6d7b84f8d8ea5f1038,1,credit_card,1,84.63
3da299eb23ef6b151ba540fce7118629,1,credit_card,6,304.32
030aeef4719e9d33e0c39bd00a9a14be,1,credit_card,10,438.22
30b0c07d80784b7d59b1a276ccdb0ae3,1,boleto,1,61.80
6bb821f726200115364aae8fe1126ee1,1,credit_card,2,139.86
2ffd4bf0fbadf9acf274c27d822697ca,1,credit_card,2,99.90
8a5f32ecf64f7184eaf136788c11f13a,1,credit_card,1,372.56
5bcf5ca118d9e81440bf98e26c943255,1,boleto,1,64.11
04ebaf1d65a804a49b4b1011467aaf47,1,credit_card,3,36.35
7e80537703a1b61bf60fbc4d67e0d641,1,credit_card,3,176.20
a268b656281801419a238a044577dfb5,1,boleto,1,297.64
a2f4f3306fea53180f55b6bb37d63647,1,boleto,1,136.08
cecc2adb5fc43cab2bebdc7c23906c0d,1,credit_card,10,252.99
1090567d21a127642a40ee3423dc19e8,1,boleto,1,76.57
72661cd9e4da775b13011b9afff1969e,1,credit_card,1,22.81
f30d59d024a381d49e85a1ecfe0d79c0,1,boleto,1,187.26
96e5b56d000b07dd7bb1972eb42a0e79,1,credit_card,1,30.35
27d6012b882832dc9ddcf34304eeb77c,1,credit_card,3,96.88
b9e94fdb4a15c04cbde632c381826608,1,credit_card,2,129.09
db42486c4007faaa99084c4d950d6163,1,boleto,1,2220.32
88b90300d5ba09ea058e45b94c98b808,1,credit_card,6,492.96
2d40bdf3c32d416ae6d5d50e9e28e89c,1,credit_card,1,765.84
1cc2d3a2d530f28cabf220dad2b59b55,1,credit_card,4,178.21
3c8cf606bf1e8d2c586198c6a9eaf99a,1,credit_card,15,375.52
b77af0f085899f41789146b20028f90a,1,credit_card,1,77.57
0425635629d7b1e1aefedf34bd15e289,1,credit_card,1,53.37
9a782f23eb6da2242a6a594ddaf8bbd9,1,credit_card,4,132.62
b56a539decbea0b1d4583abf7b1195b7,1,boleto,1,75.68
3e4e46d0c15b204178fc5dea7c9644de,1,credit_card,4,206.92
3f695ee2567af0b169e482d825ec8e31,1,boleto,1,118.46
bff58e0e0d9a5f132abe7c2204b156c8,1,credit_card,2,108.44
6c60fad7f5361149be76272428814d7e,1,credit_card,2,40.56
4d60e5659a5be3b15be731b5882ecc3e,1,credit_card,4,43.66
d72653b199232133a82a28e6e340133c,1,credit_card,5,1570.21
8b93f79b1a4d6b3388dab2356493c0b3,1,credit_card,10,159.94
d4cc7ecf339a0fb8549f1227d0b29de9,1,credit_card,7,74.64
385d15b6382df6b32e10ff114cae5b4c,1,credit_card,1,144.49
6aa40159104472e7b1ba3ea38cc2c817,1,credit_card,10,826.79
b4cc5642e907efdd3c80a2343604b6d5,1,credit_card,1,204.32
4de2e524ad6dfd8abeefa2b8aa37d4f4,1,credit_card,1,298.67
84d49379a00e593760307d4eaf2733da,1,boleto,1,64.32
acf6090782590f9b51160416c47f4259,1,credit_card,4,182.49
383e295c58b1b5e923ba15932359ad38,1,boleto,1,47.64
3d47e0476424fd50eb22128e64571e97,1,credit_card,1,190.71
4a0d967d4e5675eeabeef5ed2d185520,1,boleto,1,90.88
16ec5f5b0b5245798a6334e4c239d13a,1,credit_card,6,123.52
d01c0baa4630bdd8a5d0266931837209,1,voucher,1,197.49
94025de10c28a35becc4666e4d661698,1,boleto,1,52.68
b399edffb45924aa34e06ccfab7513bf,1,boleto,1,165.48
030c7ec55b04c23a239cd70bd9750e18,1,credit_card,8,83.41
497dd86000dbe348d33b6fa239f2521b,2,debit_card,1,37.26
cea7721ef82b51a0f124b20170c1e167,1,credit_card,8,116.79
41056c68216a5174be6c39a7b4d596c2,1,credit_card,3,186.87
96a37e69d0e47674bb4214448cf76dc8,1,credit_card,1,334.82
cf3b05f002f2f6318d2b1dada8adec0f,1,credit_card,1,162.07
ba6e771c39f5c537cf32b54a8d238c08,1,credit_card,2,41.78
6e613acc622c3817004b1199230074ce,1,credit_card,1,37.37
ad192211a3b7e6018ffdea3e5fef1444,1,credit_card,1,79.88
11f1347027d269d264f62d3631ef5e42,1,credit_card,9,90.50
972570f8874c3f706d151201aca20e08,1,boleto,1,93.48
df499c63856f6f9152046828360192e7,1,credit_card,4,88.72
d19acda84401ddd96d382870335feb6b,1,boleto,1,85.36
7587c428b98d8c3ce7111bae4ca910e6,1,boleto,1,54.00
ba8835e511232811df8fb4934a7fa6c5,1,credit_card,3,33.79
afc091f97bfa9985b6ab413ad1a9891b,5,voucher,1,14.72
b1746c7d13f52567b4cd6710249240c9,1,credit_card,2,56.78
237f9d2cdf1d87f8b252ad4e11bb42a7,1,credit_card,2,111.43
2b2b7a9693cc4ebba06693c88e6989d4,1,boleto,1,181.98
15389fc860a5a2db39fd86b758b8e9ba,1,credit_card,1,43.07
4cbf4f8f95033da28ecc48d007d1b49f,1,credit_card,10,151.05
e48db3b231e0ad61656e81b4c9311dad,1,credit_card,4,80.77
2a898874fbdeadc5df2ea8a0b01b85cb,2,voucher,1,30.06
4e3e8eb882fdc3c1fd4195ea31e2212a,1,credit_card,1,46.19
bda2bdc90adfc917e17c05a6612ddc63,1,boleto,1,279.04
d40dd8018a5302969efb31bd21744cab,1,credit_card,4,49.12
f2b3722d411fc47e5ead1fecbfe6c1c1,1,credit_card,3,134.40
77ca435b03fbf991e5027e3776e37885,1,credit_card,2,60.69
0f95a7e23723d5388a494f2d812a8332,1,credit_card,1,35.13
ad679e9379f7d33db28625c0c859114f,1,credit_card,2,226.09
f3ac96719aada8e7d197ff55ddea4d12,2,credit_card,2,48.65
c9882bc63e40be5cdc34d7274bf89761,1,credit_card,2,109.42
7747e7dad627e9be7ae087618777080c,1,credit_card,10,158.36
35b8e54d765e6b217e2dc5ab34f6b323,1,boleto,1,218.87
49bb32cab29be3bbe1a0ae27978edb48,1,credit_card,2,504.09
e1b92115b451b872f99427e411bce52f,1,credit_card,2,144.49
f2c7b7b22424073513e3324e8b78771f,1,credit_card,5,67.50
778c123689474f1e0abaae724ebe2136,1,credit_card,4,888.84
830d744ad876fbdfbff893d20bf22ee0,1,credit_card,10,190.15
1b5616e7176516b92c005cf30da4dd69,1,credit_card,2,61.93
d03ab1dd8132764e5447aba442a621ee,1,credit_card,6,319.90
ced1ad511f0040ea9b8eb5008d7d1344,1,credit_card,1,127.41
f3a2f6c8a6fb28bb010f660ca61dd606,1,credit_card,3,160.40
0f1a1c17b6ff23cc7274179c76e2af82,1,credit_card,8,199.14
970bbf79974ba1ef73cc21ee6fe52cc6,1,credit_card,1,2024.31
7090c88db4158f89d839c794cdd73272,1,boleto,1,82.90
f5d3b6a9dbda29c75b381a76f019ae3e,1,credit_card,2,47.68
9de858b61658028ef0540e8846830f82,1,credit_card,5,86.39
2c3c322c51f8d1a0da8e2de75db68341,1,boleto,1,110.77
e3ec1fb07ab3a6e29c651b574fa01848,1,credit_card,3,168.90
ef53b712516162ba8b15881e62f9b67e,1,credit_card,2,203.08
d9264b7ce5f860c5b8d439f2e77bbc40,1,credit_card,3,152.35
d673aab5cd4319eaaa7a9d00c12f1b0a,1,credit_card,1,136.08
fa2b7f457f0624bb344dc3023f557d7e,1,credit_card,10,596.64
ca97b95f89f90d6e16e451851a2bd28c,1,debit_card,1,188.50
9570e7230d3d4ecaacbc7843e6646b33,1,credit_card,3,72.66
c037dd9db2ac27aa44381219612e91ba,1,credit_card,7,73.13
8bde999dc4ad8ff2e39ca01c02a81119,1,credit_card,1,55.11
788634b6e1564dce8d0833139af74c07,1,credit_card,9,91.66
7fc9cfbe25b5e0d747a0b4ca5678aaf3,1,credit_card,3,243.11
77857b5f4745e31dcc0626a9326f6543,1,credit_card,3,210.11
f0fbc60d51bb40c156688d9ce008237f,1,credit_card,3,117.26
76c6e866289321a7c93b82b54852dc33,1,boleto,1,35.95
eee762de005b77487718377a445e292a,1,credit_card,5,1044.03
b59dd1cfaae00761d5a3b6749e874c80,1,credit_card,8,858.65
3a7796fe71a79bf9d4b0f0da69362ce0,1,credit_card,5,107.30
1bc7db82fdfd333b6bc74fa6643c694b,1,credit_card,8,121.74
8c1d4b6d5a4c76d480dc3f8e766b285e,1,credit_card,1,123.92
da532fc1a4b9307f2d351689f9e39a4d,1,credit_card,1,64.05
b64c877d24e9ca2418150a159d754371,1,credit_card,8,539.94
8c0819345572d0da947e64bfdf38e3d2,1,credit_card,4,57.09
610a60d9a69cdfd91aa5dd5a26d4ce95,1,credit_card,1,63.52
640ebd9e6042fa597d8453c63c19f6fd,1,credit_card,10,188.76
aafa42c99c04de8208303c4dcf9a4e4b,1,boleto,1,118.48
bd3b1eb371dd6c8ca77447b363de08cd,1,credit_card,3,139.93
1d637e7a91e7c3e0e94a91cdf693855e,1,credit_card,5,73.56
c9076d0a5b9df9fd2e5e808fff91f425,1,credit_card,2,50.13
a1359034d0f05483436966ca3cd71aa5,1,credit_card,3,194.00
8d8ffabb7ead119624dc7701f28f9d11,1,credit_card,1,45.69
33d8c67634709f6b46cfbe5f0c6cf88e,1,credit_card,2,108.21
9c00e21690ded199ff76a235193af3ec,1,credit_card,1,58.09
cb76d29d166fc17f9cedf3416285a80c,1,credit_card,4,164.40
8738ef1cef38345a46ef71f6f2db365d,1,credit_card,1,27.29
28a1f9cca638114ce8fc6ddfce2b7d52,1,credit_card,1,70.54
dd65c324819cce121f105ad9d9afa866,1,boleto,1,77.16
a08d1f4b300c3d7ec52f5f9a74234eca,1,credit_card,1,57.06
be39a554924306abfee91a4f38ac55bb,1,credit_card,1,0.34
ceea3b56a13c40b2f0186e69472ac7cf,1,credit_card,4,264.06
584a896de682422488ff4912dc6b0016,1,credit_card,7,181.55
470a0f13c7dcaed98920bf6dd918e09f,1,boleto,1,72.46
73fc8294883c8974e9f856499979579b,1,credit_card,5,130.89
3300cd5468b45a06dd47487a0d936212,1,credit_card,2,145.40
b4f8309e1091470cf3ffe3514ea93e82,1,credit_card,4,178.27
edc852e0d271566f7923b10c089c30ec,1,boleto,1,133.42
8a6b619c3aff55f02ec3cabe6d746ce8,1,credit_card,10,1053.84
8b1bfbfc74c64dd70c5a0b49a530badc,1,credit_card,1,84.49
ea244f8057c5a9f042e1bd9c70a7895d,1,credit_card,1,97.62
5cd692d410145f2f1d7ac869a323707c,1,credit_card,1,105.77
2ee902dff767d74cd5e5fa246475a600,1,credit_card,2,64.70
16ff340ba4219b1117ea9ec2ea0a6b47,1,credit_card,12,321.58
6c57b7e61cc0daf0946ad4dcaac70b20,1,boleto,1,82.53
a3be501a8812439658c3fc6bd155881c,1,boleto,1,160.53
fefbe15ebcd87ab3fb8577e635a8b31c,3,voucher,1,3.64
676e56b18ff6a72033c922409a9d3a02,1,credit_card,3,148.20
d6c9b749c828f6f1416767e715ca5e6c,1,credit_card,10,102.87
02659c8edf02d1cb48b8b388ac7da90e,1,credit_card,2,202.34
efa1af2a8dfff552767e96fda9a44370,1,credit_card,1,69.14
32c784f647ed538e14eb734293ace28c,1,credit_card,2,88.83
ee0ceef4f6b0b57613eedaf1568bff02,1,credit_card,10,208.92
d58a97df18921f02601bdd77a932282c,1,credit_card,1,78.64
9189b5135ba86608fe0536717bbdecd7,1,boleto,1,126.37
70942902c403d0f8922b07cd936bfae0,1,credit_card,3,139.52
72c501775cf36e99076132aaee5ae9c0,1,boleto,1,127.02
4a95fefb52a7a5a0d882ba840d33954d,2,voucher,1,40.00
f56ab71ae65c4d4e1d599b5cf1fe3112,1,credit_card,3,75.85
bde4e7e3544abf70e995f2cb0f5fc992,1,credit_card,10,381.51
66fcdbc46a553ec1e80fc940b8f1bc15,1,credit_card,5,156.51
ca7887c5152594f00b83af3cc8aef217,1,credit_card,1,167.81
e7b51cb01dc5e8dc9823805f84f98aba,1,credit_card,2,128.50
0c5a9096edbc36c60badeda355d91e19,1,boleto,1,287.95
696e3f4fca4491245f7b9425055cda4d,1,voucher,1,42.00
b9fc4defdaf807a54f5a0362c764d384,1,boleto,1,133.95
d0d830a8144f1cb10439b520ea3327cb,1,credit_card,3,69.12
05ec8e2b68474e347ff47b71274e2361,1,credit_card,4,319.19
bc902a69924e1523c0d7dd83bc7bde91,1,credit_card,2,65.63
8daaa9e99d60fbba579cc1c3e3bfae01,1,credit_card,1,26.07
9d3978b7f31f3af1566b7acab0b91a88,1,credit_card,1,37.38
fa1965c98f3d6c3a1fe5589129ee48dc,1,credit_card,1,77.57
53af57634ee9a4bc06b6b471e024daa1,1,credit_card,2,165.99
09233a8391db7e924af12815e4c07423,1,credit_card,1,87.30
1336f606c90f42fa3302dcff60ea0164,1,boleto,1,206.49
2ec398158cb686267b1f4b102129098e,1,credit_card,10,2818.74
c5138f289232734a71dc949e763c3dc1,1,credit_card,1,90.28
1cbde8a2b58c785c3d828e18adb3ea6b,1,credit_card,4,91.96
7cc6b9b998cb009fe458744cc5ba5f54,1,credit_card,1,93.63
33d6fae0e702308c1b1c332b45653b71,1,boleto,1,91.79
60b4528b577937165a412ba177de3606,1,credit_card,1,30.06
673414c4a1bf9b72b8b6ff0d9decdfc6,1,credit_card,1,148.22
cf101c3abd3c061ca9f78c1bbb1125af,10,voucher,1,8.46
c19151387b76297886c53149367cac4d,1,credit_card,1,60.08
dca63a291edb901f4f560bb6208e918d,1,credit_card,7,164.79
13664715b6167dfab3eba4d88b3d2c32,1,credit_card,3,129.93
f4adf4d0dfbaeeb40ae1c14e893994f4,1,credit_card,1,336.89
1beb1ec2b53087e6d0b01d852b823421,1,credit_card,3,79.24
25d054bcaafc7ed0a9b503a55ae9f2f1,1,credit_card,1,6.06
500ec09d88a6867f4a2eb557319cfe46,1,credit_card,10,107.78
9fcbf999818b2fdac16197fe22bd2bd1,1,boleto,1,31.75
6e8f7f46da15fa56cb1301de370968dc,1,credit_card,4,211.91
431eb716029df1431f4ff0fbe57d2f06,1,boleto,1,29.77
56ee0507f806ad1a079e2905d5beff09,1,boleto,1,94.31
c66d52ab7ee1f262449a1c5aad867d82,1,credit_card,2,166.70
2075dec2fbf09cb75f0bfb8140aaea7a,1,boleto,1,32.68
43aeddd1834ad7f991a3653e797d7132,1,boleto,1,40.22
be40003fbcabb63c85ff36dc4a85b5be,1,credit_card,1,38.53
13c6bd504e2a5056f0f471ea7b220507,1,boleto,1,568.00
6275954c6646fe2a6fcc3b1f7771de04,1,credit_card,6,66.67
7d9ccfd5b1183560523d8351e2e22aa2,1,credit_card,2,116.94
002c9def9c9b951b1bec6d50753c9891,1,credit_card,1,173.80
17eea1bb78f458449eacc5933303cbf8,1,credit_card,1,77.70
f69e374b5692141d4343de7c1025a875,1,debit_card,1,35.18
a5db57e596494a2570d250dea03da4ce,1,credit_card,1,36.69
443461fcb984bb8a76e4a9eae02a9898,1,credit_card,1,59.52
91dcd3e6ecaee5bd1d977fefc7b26bb5,1,credit_card,1,61.80
53b3e2250cde35f4d38113ae5e3b8055,1,credit_card,3,120.54
3eff384842f72b3a75f3f8a4b97fdd44,1,credit_card,1,44.48
ea39d327906c9e8540a9b0f5004dcf46,1,credit_card,2,51.78
69840aae60642aee7093192b37961c08,1,boleto,1,1972.03
03f51c9adce893f63936c5146701aa2f,1,credit_card,2,370.57
4237d03d511e94c1d2504e01a20cd668,1,credit_card,6,163.45
7b8c347893b1c057c2eb9d8d22435e6e,1,credit_card,1,43.71
ead44d01d54591915544516e05a8b76c,1,credit_card,2,128.86
665575b7aea0ff562ee27ff4829b54c4,1,credit_card,3,75.01
e68c0dfa1c37f2d828072ae7093531c5,1,boleto,1,50.56
f59f19205098bc544feb263fcdc667d9,1,credit_card,6,320.61
9a06bcd8c19fdf8d78dd16837c3da5d5,1,credit_card,3,87.94
5989369fa081195d8762312fad7d588d,1,credit_card,2,285.70
b2cc4ce347d60653fef5f81e0d80742f,1,credit_card,4,223.84
8e7f64e866bf825d3a947aceba789a11,1,credit_card,2,28.19
de12dbe60407b7c1345da3392016d45d,1,boleto,1,73.34
951670f92359f4fe4a63112aa7306eba,1,credit_card,1,173.30
89b73cd1e5fd5c1329b4e11be8dd1289,1,credit_card,1,28.00
fa782135148e65b22650c993a922eb41,1,credit_card,5,142.54
7d0e17bbcb31318fdc2390ad7cfc7399,1,boleto,1,66.10
5ca9ca0cbc0ad4efc5f2d26283139d03,1,credit_card,9,90.28
4993ec7b7fc38f8d4f61f8c90c1a9510,1,credit_card,10,235.28
097d6bb9430467d7744c857f5d023959,1,credit_card,1,122.70
b082c2268e673ebfc45544f15e42499d,1,credit_card,1,112.08
bca3dc20a3ec02261c5b17dc270e9e65,1,boleto,1,101.34
b56ba47b7760027308968ab3f294b402,1,credit_card,3,158.75
0d404657f01231a876c9a25b6c91e329,1,credit_card,3,79.22
0e1168df285cd6d3ceff240eb59c0776,1,credit_card,1,31.17
350b4986b8364b9e61619b2e3f2dc817,1,boleto,1,236.97
c60c1ff560443153d7f50771e5fe9b92,1,boleto,1,116.46
69f0148dd6fd1fd804e48c202c93ad0b,1,credit_card,1,31.93
6fa44c0aa6e74a2ded90c2657778e81d,1,boleto,1,23.10
33849c570f8e3e77b1d178d64ceb425f,1,credit_card,3,187.84
c11d8a6bf50d7ce1fc92fd3844526e25,1,credit_card,1,93.12
78edd1ffa7d6932c983c695fbaf976e0,1,credit_card,4,96.88
609a92d3db448bbe4e37ebbe28b72b16,1,boleto,1,104.42
035678e70978296fb0e7469a611c322e,2,voucher,1,149.90
c17d3d6c480b09300d8daa2eb502d060,1,credit_card,6,127.66
64b7288026efc4a12f4e3351f03f2ac4,1,credit_card,1,163.13
75b6094b344868fa3b2cd9cdd9fe9ff6,1,boleto,1,73.25
240bcc288ac170fb535833fdde280ed4,1,credit_card,1,128.31
be9ea35dd2b7d3973f1f6e0f0cc6f39b,1,credit_card,2,178.34
c8c4cee82cc04a8966a13f97e9366b82,2,voucher,1,250.00
02d9d1d66bff41ffbce36cb7248351f3,1,credit_card,10,120.25
903db3e1980ea3e0fc2138852af7d3ca,1,credit_card,1,29.88
38dcf9bd2b8951b1407c82f1d70a8f7f,1,credit_card,10,438.40
d302e003dde44567f42e14c42b2c48be,1,credit_card,4,284.49
d3eb5011f10dfdf72c225f0c2030cc3f,1,boleto,1,288.18
b882b5c0534fa68c690e739dd788512a,1,boleto,1,320.28
af448eb4a17a94e4880096aeeb95a826,1,credit_card,10,155.72
ca232f56f19ba1b6db4b6cfea0d514a2,1,boleto,1,163.06
ec60e48662eb9eaf9ae685a3afa56518,1,credit_card,3,90.30
cf96b3a15cf1f61c5398ae91f1cbd75f,1,credit_card,5,137.53
196bb13f54807c3ce2d9f7385fad3769,1,boleto,1,87.36
1a96285240504cd5e3470a6dfed32e4d,1,boleto,1,111.71
aaed8674bbb08564e753d75c698a8734,1,credit_card,8,238.81
118e7d34435b8eae298699b9bb66af98,1,credit_card,10,108.16
14cfc006132ad861a3d1b6c7bb9fd8a6,1,credit_card,1,219.38
e98a3b2b3472d167a1ea3b0702b78ad9,1,boleto,1,159.22
5cec9f898cf8a71f4314b026ea1c527b,1,credit_card,4,40.62
468f886b3420ea7cdeba5a0fe4860886,1,credit_card,8,247.97
4b06d0583c7ba03f377c15729a3c69dc,1,credit_card,1,71.78
a9726615eb24e9b1fa84fe7f8c9a5b54,2,voucher,1,23.01
00f6ac4816d12f49026b09f2aa77d15f,1,credit_card,3,163.32
649af2abdcd7f8f609dc36ee5d249a2f,1,credit_card,10,345.05
43cf87bce9a2df259cbe04f3effece28,1,credit_card,1,210.72
05e6d57ea1f64b4e9a0b37c669515cfc,2,voucher,1,82.46
d66cdd2dee90bc354ba79f909e9dfda4,1,debit_card,1,143.64
48152543286e71de6452df5ae4bd069c,1,boleto,1,65.14
1d911134e95ec6f299e80fe19b5b88c5,1,credit_card,3,50.24
7b498f4d63d591df8f2b0c675464a255,1,credit_card,8,142.71
1db5f7be6c0e5b942a24957fae155f28,1,boleto,1,69.17
0adea70aa873a352ff8c3646aec71c31,1,credit_card,4,191.58
65bd383b9f9b0b9de967055e198a8ddc,1,credit_card,2,21.72
4f917f92cc24478eff10b08c7a8d0d3c,1,boleto,1,44.99
3ae0703f18033a46c7bd5aff2e394693,1,credit_card,1,20.68
ec61ed5b0c3025621b3c2f416ebbcfb3,1,credit_card,2,86.19
fcad30a9bb90bebcdd23bb5e3aba00e6,1,credit_card,3,56.86
60d517144cee8ca15bbbc4d52213b8a7,1,credit_card,5,58.66
42b728c418ed710abe935da2195bc7e6,1,credit_card,1,45.63
8acf6bb5ec0d534f95eb4048e9270f6e,1,credit_card,1,217.85
ff3d19da0194cd44460fbb6fbf4ed7b3,1,credit_card,10,193.84
62f57626e12b27935d0f8bd53594d616,1,credit_card,1,58.34
ad2891e57d3697aab5379b457214511a,1,credit_card,3,95.56
2e59e4db9ac621c946e8451c300f1317,1,credit_card,7,93.57
6c38cc0437106405b2e22f6c3ada72e4,1,credit_card,5,56.69
3c003c58ad1a4915b94afef4b6ca5271,1,credit_card,5,258.08
de4531ed564f2599a82ff123bc6f07c7,1,credit_card,1,40.19
669e401d6430b79db06491597d059230,1,credit_card,4,332.48
2ac14ce16b95643b222e92188b0ddec5,1,credit_card,1,54.11
37def1f304d4a5cfd597d66b3a778e9e,1,boleto,1,120.49
68b4c4f5541fdc04be458209af970adb,1,credit_card,2,20.51
1839c69dd9dbf835d82480c05964cbd4,1,credit_card,3,112.32
ab9dddcfaf2bfc259fdeb299d2ed6d7a,1,credit_card,1,31.98
653281347be8ac0f1f978b1b250d7350,1,credit_card,5,125.55
a8ae22d68419abf4bbe92b7623b08657,1,credit_card,1,53.90
3ac5f81cae4e0191f17d05323fb9ce6f,1,credit_card,2,44.09
38e300c6758b36eb5bb0234a3ac1fe53,1,credit_card,5,278.24
e67ff3fa4043001cd351f27b12a64eda,1,credit_card,10,137.99
bd80c61aa79867f184f4b01d69b6c03c,1,voucher,1,93.12
e7df3fcd195fafd25a46f580fc96c9f3,1,credit_card,3,30.09
daf7924c5511a9ba51d2fccbf42305be,1,boleto,1,70.63
2afae7f170a9a4b132f5d26a2aa53feb,1,credit_card,3,161.54
32b1d3f7e7a0149ea3c10792131839d5,1,boleto,1,85.23
b895ff08d9469500cf3c3b1ebdee68f0,1,credit_card,5,97.71
ae44f114faaadcc8fdbcdda840ffee18,1,credit_card,1,160.54
b7e1823a1a3137ba666bef3dfbca19dd,1,credit_card,10,383.25
4ffaf2cdcc432ea3cd8ae0ab7a789cb0,1,credit_card,2,148.80
de2acf01121628d8ca0b8c36ef103bd5,1,credit_card,3,39.01
3b715ecd6add927d4a2634e826487231,1,credit_card,1,126.43
41533c74e757d62db485b5053f8a2314,1,credit_card,5,109.31
9656510a0f73952b9c305fe0bd264056,1,credit_card,10,136.04
694c92324234f0d098a8766d1afa8449,1,credit_card,1,91.66
8c9210b604388d38e4ecc5eea3c06b12,1,credit_card,4,63.62
4d75d08bc683f9d7e7bb230a401a2165,1,boleto,1,114.63
8ab08a832f16966f270a9bbffe395cfa,1,boleto,1,82.77
1a4bb746c3efa60e5a9e2203b3a94eed,1,debit_card,1,134.91
6abaad69b8b349c3a529b4b91ce18e46,1,credit_card,4,57.00
6675422f9d49e8525401bd2a643110b5,1,boleto,1,150.99
a1ebec3b404746545a11186a23a88baa,1,credit_card,3,35.14
0c6715b2f888887f2ab9c7d6e099d38b,1,boleto,1,72.45
52eb8ce94864a3bb1be410a545f9ed4c,1,credit_card,1,29.33
47e7aec6b627052a790799a108676129,1,credit_card,1,59.22
8f4dff9c7bdbfd26aee6064637637f24,1,credit_card,1,56.60
a247dd396d56ff49f7b4f4b8f9139f5c,1,credit_card,3,162.39
a2c0b2415d93b4f58c27e69c87035638,1,credit_card,1,111.91
5691d5b2dc401642dfe8f226d5bff11a,1,boleto,1,61.89
4a91a1ba7768e400ff40aad6730251ed,1,credit_card,10,249.08
8fd1ec4ed9e9e7107a5a1b5d4d8fb209,1,credit_card,1,106.87
b2127a179063646c6e1e80f4617156fd,1,credit_card,8,1173.84
17b296b73ebefd6213299342b09f097f,1,credit_card,4,94.76
1ea761b9a18c1852e0121350bee432a5,1,credit_card,2,86.02
8382255ca7fdc3ec278ab4c83aef9122,1,credit_card,1,92.90
7888c674da87585ee031e3b68a377499,1,credit_card,2,54.79
bd51fae4e79d90bca958267d6e6bee30,1,credit_card,2,145.06
ccd2795b4fd33757b039fb15b8a12109,1,credit_card,1,86.04
76020f0be1e0d6421959f71f724f5048,2,voucher,1,50.00
12ca240539e7029e0328f0a410c12ad1,1,credit_card,10,297.91
84aa61a900410cfe26b57337d376a1ae,1,boleto,1,44.45
f72e1fcd8c83f302bbb4a322b118531d,1,credit_card,1,37.00
7f579e203c931f3e8410103359c6d523,1,credit_card,5,118.35
06f539e73d3a46feae1fa4667cc82f98,1,credit_card,5,56.78
c8437ae2370954848655235ebb274b59,1,credit_card,4,57.97
19e985f2f060675c813b7c9d094cbe07,1,credit_card,6,307.43
69f406208d475c59b72a2b884f26c2fb,1,boleto,1,26.89
9edb25e5937c67da7b99b6a60b4aae70,1,credit_card,3,245.15
2cb80b6bb30641c14665e1bb8a910872,1,boleto,1,30.53
a15faf55395d2eb26441175d360c6646,1,credit_card,2,262.02
cf5e115a19c54f0457aa4c00fb88ae63,1,credit_card,10,245.11
e680246ff33f65fe221f0e11128a4778,1,credit_card,2,50.26
f0ec139085d460fe9fca9c92c1690522,1,credit_card,1,65.94
6925362849d6fe4c2f5ffe3845b09b98,1,boleto,1,78.20
c10cae5ba4cb39a32bfb0fc880160cfc,1,credit_card,1,23.68
b76a5ae2b022043f9a47795f7ba9b763,1,credit_card,7,385.00
6bddfd31724ffefa23146e21bd173ef4,1,credit_card,10,251.97
0fc2805c054f060f9b7db454927b5024,1,credit_card,3,82.70
f651e8c2795e4c1c5d57d80aef065441,1,credit_card,4,154.12
97bf8b75ec5d43d2959e1bcc0c9b1fce,1,credit_card,1,20.39
a3c65630607c982f54a3df86ba0ba76a,1,credit_card,1,21.40
30fd7baf715c4bcd55f1a39c84e56b1d,1,credit_card,1,41.29
735bc2d45e4bdd62494d80bc7dbcdee5,1,credit_card,1,138.22
e1143a99ea4cc1bd3a625b3501484dce,1,credit_card,1,28.03
1ce85b529629489a217458d96a9ac0af,1,boleto,1,62.59
d0b4c30f45087d9a9114b3cbe87aee63,1,credit_card,1,45.30
09cd0ef00759c25af3a62b31366074bb,1,credit_card,10,109.12
b802f0437c5f5c60cda55e03b0a84902,1,credit_card,3,32.09
e099ad1acc21f0abf4a378d865bc98bb,1,credit_card,3,171.87
4da0b6d6c8c1ecb4588a756d5e2d2f54,1,credit_card,10,607.87
b1e7caa2d22ccc061ebfed60acc21b34,1,credit_card,10,270.54
16e51875d15c3c8ae1f48c03b5db49d6,1,credit_card,2,22.29
cd302cb2dc6786acab6add1e4867c38d,1,credit_card,6,335.98
0d29aa08fa516b98d8668e1eb4a57bdd,1,credit_card,3,225.62
735cd7df0237de24454fd5b5b4195515,1,credit_card,5,124.34
b2675dfd21a0a28ce21911879651b4d8,1,boleto,1,110.32
9b284ead0b827957b9e9ee5f48128bd5,1,credit_card,6,66.44
c7b81b11d2fbb30b6e215611ff0fdf15,1,credit_card,10,144.76
28889b0ebcf51e11d33d3b8913ec4780,1,credit_card,1,36.10
8b1dd2533fbec1b2a1db8a602791dfcd,1,boleto,1,73.34
f221e96b7de74d489ab306e560fb83a1,2,voucher,1,250.00
8912714cffbe195a053e461728955065,1,credit_card,4,171.13
efa8ce996bb690cb0a1b1201374b4445,1,credit_card,8,659.00
c679e1baef76a7cf123dc697fe11c7ad,1,credit_card,8,107.78
a28ddb8374055bd8000ae0b1d8526942,1,credit_card,5,156.92
85f264b7facc04c8e6a719c30eb273bd,1,credit_card,1,87.26
3fcc23281e8679bfb293a37d2fd3eeb8,1,boleto,1,39.00
3c8d85928df4e2df17662f0d9aad6027,1,credit_card,1,53.85
ba2f2f4bd29ed2679295a4c10cede333,1,credit_card,7,147.15
f162b64870a8b725213ab6ad3007bc6f,1,credit_card,4,45.09
9579eb9e9bead64bf62f5167da64fab2,1,credit_card,2,49.33
f081180e44957b00bf43b18a823e8819,1,boleto,1,70.63
3b2ca3293a7ce539ea2379d704fa37ce,1,credit_card,5,184.87
c3297de5d87bdb1364601547517e83b0,1,credit_card,3,35.14
61b5e339a1a45b4d6eb6a2cdf40da6a4,1,debit_card,1,77.89
7f4fc954dc46f105335b49a80acb1f7c,1,credit_card,8,618.60
a33d16c09dd48c17ac858d779e6127a3,1,credit_card,4,46.84
52463ab7b28436f48c3ae2a48bc87ef5,1,credit_card,1,7.50
0d73da8896404cedc9b3a6e25e6d94b6,1,credit_card,3,858.65
af3ce7727ad453e9df1d3b9fb874ba3b,1,boleto,1,87.70
6aad8a16f17436a086a9407258c150a4,1,credit_card,4,313.86
ca4c4373c93ec75ed15c1dbd97278ddb,1,credit_card,3,160.51
94726dd6ee359e6b201305165dac1d5b,1,boleto,1,46.00
6c6971df6cfa20527e3e3d32aded78b1,1,credit_card,1,36.85
447e8aceeed0daf26dc6c021e72b73ea,1,credit_card,6,84.23
0cbfa7741e21d7a732157a50ad8381de,1,credit_card,8,101.50
5ee25db3905647605d30aa9aff44782b,1,boleto,1,62.99
dcaeb1396857c15c0cba7456fb469c3e,1,boleto,1,139.62
294e00584d3afc45c9a512eb21c66fe2,1,credit_card,1,37.68
d2e26ed6c0129169db27fba17e2c9c75,1,boleto,1,109.97
4724d70419b2219c68e4ae60a03738f7,1,credit_card,2,135.73
feddddfdc57fdeb9137220406b82439a,1,debit_card,1,128.94
3c34298915dda196e053873162f24bf4,1,credit_card,10,275.46
4e0158c628911a5f52cfbc38242c0d08,1,credit_card,1,36.69
1f48aeb449520a42d9d2e7e1783e5a55,1,credit_card,2,21.04
ad22d501d12b05b17afda08f06ce8bfd,1,credit_card,2,37.23
951465eab40f27ad0841ed050ba48349,1,credit_card,1,28.20
84253562834802051b3ee018d7daecb4,2,voucher,1,9.91
82f2c3e9aac31446ce4f3edd3a876f8e,1,credit_card,1,18.17
f4c87e038db78ef275deab58f19e5bd2,1,credit_card,2,72.99
42c146c7d76c003910cda3357aeb754b,1,boleto,1,27.89
03ea970e60ecfa4b84a69ddc665262a5,1,credit_card,6,132.57
8bacc2f32b92ef5631a9c135352efee2,1,credit_card,1,5.30
31c728d11563b29a76dc77a51634588c,1,credit_card,8,358.44
cf0e37f46e8d7069a7488a26233cbe8a,1,credit_card,2,106.87
0204196a1fd266bdc00356eb791b4516,1,credit_card,2,133.28
54756c47d5273d8188b9e581f19822f1,1,credit_card,10,560.24
c05d6a79e55da72ca780ce90364abed9,1,credit_card,7,302.52
95a7461400781a93765157b8f5fa2b6a,1,boleto,1,357.13
59c0d4b067270f98e28b82c5ce59db9c,1,credit_card,1,97.44
ead9ba9ae78cb9568101cda32b516dc3,1,boleto,1,203.67
b8ec4e11fac601907005c18a78ccbae7,1,boleto,1,77.77
1e3ce42424fd2f55a6ec734f9e63f041,1,credit_card,10,331.74
5bf226cf882c5bf4247f89a97c86f273,1,credit_card,10,246.36
4509039a1ebb56dc11e06c719432b76f,1,boleto,1,197.06
3c58bffb70dcf45f12bdf66a3c215905,1,voucher,1,2.26
b6d67e1b245f18e37675b27ab9aee7cf,1,boleto,1,67.39
f19584f0d2c7cbccc05621c23dee5cb3,1,credit_card,5,57.88
ae51ca5d283359defc7f5ff6f471f1dc,1,credit_card,5,111.60
f7d8cd54dcedff57206bb219f1edfb5a,1,credit_card,4,62.38
80b0d3793468761fc92ec09064ef6223,1,credit_card,5,155.63
fb160817be895543f88cd2eb3d7b1946,1,credit_card,3,153.32
d5a2d5dbc8d728f724b8427dae1f97ba,1,credit_card,2,63.99
b0b2c1eac18964a383e18b20e718e806,1,boleto,1,105.24
7e994fde493b3bd44fa065bcf39fe904,1,credit_card,2,123.82
5d8614cc1b5fa0f33976b87215bbdb0c,1,credit_card,14,417.45
cef5e3ca97aed8bc63fe5f55a26633a6,1,credit_card,2,77.57
43e22b919baf176fe28fb243217cc90c,1,credit_card,2,121.04
d133e52fb7806aa87cec35e47a1d06ce,1,credit_card,1,117.08
ed9a3a6d2f841f665754521774ccfaf2,1,credit_card,5,263.47
6ac559b49cbb0d6d7c3eb071891785c7,3,voucher,1,20.00
3d7843619ba9dab89ba9aa58cfa11e31,1,boleto,1,103.55
d5a9c802f335dab69b88e69434d0dd43,1,credit_card,5,97.24
d3d77c4984354c4bcb02fb10f11b7a06,1,credit_card,1,67.29
09be8ba0b5c0e3195ef77302707a192f,1,credit_card,10,488.55
f5dbaf6c0097869f39c165f8677540a2,1,credit_card,2,61.75
4d920656159629630f3cca4092065c72,1,credit_card,1,22.44
bd7585a77f0aa76b3775bb68fb293356,1,boleto,1,30.81
1dc00931526c6633db6df2a5f862830f,1,credit_card,4,107.74
9550c6dde457784adf6688cea59cd6b8,1,credit_card,1,27.88
9b31411d9c1c41009017a1c0a06ce069,1,credit_card,1,24.10
94f039fd9c674f33650e01915dd3dd43,1,boleto,1,125.23
87088bdc1540ebbba402377ce8cfbbb6,2,voucher,1,96.71
c67941b4ae569566ad69104332761988,1,credit_card,3,290.72
f436f6d14054239efee21f9df0605039,1,credit_card,3,207.80
7513aa221a63febb0ca189d24474e893,1,credit_card,6,103.61
6926348e098b0414d25d5d773475a8fd,1,credit_card,1,27.85
d5bf932dc17620661df0eda27c8fa1f1,1,credit_card,1,170.72
f8d1f879af678ff6582adada493313f6,1,boleto,1,237.07
99902f632e0a578e6995f6291e0e6cb8,1,credit_card,3,84.54
4c7913ea20ceb4b0a837e48b8b29c4fe,1,credit_card,1,69.34
157807bc5bce90ec70c2ace65fe8e394,1,credit_card,1,35.77
bfee0e661250e978b89fa43a909f038f,1,credit_card,1,75.25
1e7f171b11eff2ba0ffbf95130c2f18a,1,credit_card,1,52.77
0532db7075ba24a851a342f08d0e0b39,1,credit_card,10,213.41
4f281ef289adc50c1d9b0e5268a71354,1,boleto,1,71.65
f3100bed66fcc67bf69111059a3aa4ac,1,credit_card,8,91.66
21c4eaa80017bdc1e03506f96acd248a,1,boleto,1,125.23
befb5a47055c761fb52d876ae90724b6,1,credit_card,2,170.70
e5719cfaa683987b3ac4bdcc0c5c6a46,1,credit_card,3,48.08
75e0a6d2e57dd8ad70355c1b44acdde4,1,credit_card,3,975.44
a512132380fbd3ae24feca8ee9512efa,1,credit_card,1,159.12
6c7481b5566c6a3821a91a05b0f9f7c8,1,credit_card,3,74.49
1dd62cec8f15d977f5662ee87d9aae02,1,credit_card,4,220.71
1491421ac3483cac70a09399f5ea1556,1,boleto,1,173.85
191c7fa4da1a93f10fd41e2cd46e9af1,1,credit_card,2,64.17
24caac929f6281eb55ab38103cd821fa,1,credit_card,2,112.71
cc3d4ac8f11e38aebf094617bdbe0fec,1,boleto,1,231.74
100ba6d6b73b6ff81956ec722bc10fc5,1,credit_card,2,146.66
ff1a118ab3b997d4c3f8ffad8e6734b8,1,credit_card,5,148.15
80a2390298a9aa384d2f36f18e5e4f45,1,credit_card,5,95.22
308d6f3a55688463299b7763b12bfbae,1,boleto,1,31.34
3088f0b4bbfaed202d378b70e289542a,1,credit_card,2,163.48
de8a2818f7fe963e53d394e7848bc9b2,1,credit_card,8,84.62
f12ef7eed107de3791b1db5b8cd4852b,1,credit_card,1,41.63
68986e4324f6a21481df4e6e89abcf01,4,voucher,1,19.06
f4829d4aec1e7ce6d1f88c4eb8086c3e,1,boleto,1,349.99
2e212e37333cf24f1acef20a298f38c6,1,credit_card,2,205.29
78f74e94c8a2cebb5d569f483d54e8be,2,voucher,1,12.28
c36e2db3e1489ff9c460ec23cc65af44,1,credit_card,8,169.78
131c0d01eb2028569a7756743f8a6e52,1,credit_card,3,138.15
b65589b94530126b587553d33874aaf7,1,credit_card,8,113.92
6856cecc107b0c5ddfb732c3b370b0d5,1,boleto,1,237.87
e92495a2d1ba8587502a3cb99e5325e7,1,credit_card,3,271.54
7ab1a9babde2a1355e3075d07ea895e3,1,boleto,1,35.19
48362159589d43095a14bba680682780,1,credit_card,2,108.05
0c4e23cb9c6ec62bd75c1019d58747f0,1,credit_card,2,55.00
4089dcf1cbb89bc02b04c143c7dab499,1,credit_card,2,636.46
a467400c8e1765c5245eb8c9839a27f8,1,credit_card,1,133.50
2deb17060fc1ce18a85eba953ddcdeaf,1,credit_card,1,35.86
afd02669bcda281a6a9a153dbcf60e39,1,credit_card,1,46.79
2459807af0cad1161d053ae93c170398,1,credit_card,1,55.62
f7a4be4d6edb66bd0e62e91e1bbc9061,1,credit_card,1,66.99
b765555cab4620de41a7714fe7359249,1,credit_card,2,114.79
3d894f368ae702ec71a9db9d4d21291d,1,boleto,1,132.39
ea77eb4f349110679bde0e77541dcb2e,1,boleto,1,137.40
823e6849ed0014d669a9f8c6f7215c5e,1,credit_card,1,96.32
a12c7cc529c689355b84f45a8992971d,1,credit_card,3,94.22
12ab31863d076fffc0578c5556082865,1,credit_card,3,388.56
317e2a850e41487363a134bb3369262b,1,credit_card,10,281.12
04782e9b6da0d4326e534dae5dd3e09e,1,credit_card,5,53.22
05dbe6bf3e09d4e05160a98d0a926bb1,1,credit_card,2,173.92
61e6fd152ceacdc37b7cacb713e73f10,1,credit_card,1,145.56
4cc479c410cb824d577fb1a31af7b002,1,boleto,1,112.71
00335f75ea6a4455b524a8dd177067f5,1,credit_card,4,177.01
547b3596c03dfad1b87305e9c5a554c2,1,credit_card,3,124.93
ef99f25a4dd935f92a388af905f868d1,1,credit_card,2,71.14
974c26d25f3764b5acde8a0b556843be,1,boleto,1,103.56
91d4539b388eaa6cdb58342954c42c5a,1,credit_card,1,86.08
fbe61ad65fab58d509a6785653636a57,1,credit_card,2,92.99
fbe768ef510412dd02e7f6a28504ec7f,1,credit_card,2,179.32
a150844c1dfa605f925885746f98fe55,3,voucher,1,57.69
a03f26d6437188462f6e42f098b7e7c0,1,boleto,1,55.29
98573bb494103800f6790b57c1357ba7,1,credit_card,4,265.64
9fe292254834c701a4b05deafecba7b8,1,boleto,1,33.65
379c468e2dc90ec7cd68bacf13ecca13,1,credit_card,1,42.86
11bd5b514c1e1b6a737ed2fd95489424,1,credit_card,2,139.80
b39ecb6c0af8f006d1bf639d962fb92e,1,credit_card,4,77.11
ac2242227b286f0901eeac585ba06dfd,1,credit_card,8,323.68
e748c54b8577378ff4ec891345c9b884,1,credit_card,1,48.79
8210bb31459a84e6b7e5c42367d1c127,1,credit_card,7,74.32
c2efd7dd7ea9e5bad9dffbb89653491d,1,credit_card,3,67.53
6976421e858af2e4b388ccfac68236ee,1,credit_card,1,37.91
06375e8bcbe64fb1da3b499fa42a7991,1,boleto,1,1981.22
4acae38053fac34d667306b2de1445ee,1,credit_card,3,183.32
a640d10af396f0aa5f1c751f1f976bdc,1,boleto,1,43.71
18f4178d9b3c33fa79c1a0d5eb214023,1,credit_card,4,305.89
524a77411e47956b583e344545abf653,1,credit_card,2,407.69
417d2c0b5fb1f2aacd28ed66e8b9c194,1,credit_card,1,102.40
6c2332524797ccf47797e85207250b4a,1,credit_card,10,481.96
58829394980c3e52afb649be7d0e663a,1,boleto,1,195.91
27eebc49f55d8e9b8192f11c2570d6f1,1,credit_card,1,11.63
8cc98854c500c9bea08c5f4be4a4c28f,1,credit_card,2,64.30
2b101e802b6712f2fc129966a2c518fd,4,voucher,1,15.04
cbd5da59166957ccd5a0c52607f2e98d,1,credit_card,1,33.17
d4618e481090308279190e070dfc3c4b,2,voucher,1,50.00
164edfe5bd700da6195bc453f107dc17,1,credit_card,6,188.51
489e9a78bc86403a43eed56b15c7c266,1,credit_card,1,77.89
1f940fc941da73865323a8c30e2871f0,1,credit_card,10,123.42
fb08991a4d87f7fb84cd0dadc7399850,1,credit_card,9,99.34
60e27e3758187b1f68dc2784f5e6a9a6,1,credit_card,3,150.74
0cda3f4a118f3654ee4e487e867fa036,1,boleto,1,106.87
a9f7beeff5d3fdb2859b22c0dfde51ce,1,credit_card,4,254.22
059cd34e948c8025e660c89c0de2d792,1,credit_card,4,76.36
758f87ed332796046d9312299cdf1e5d,1,credit_card,2,35.86
0205c3dd6f4d8e348ee72fffd114fec4,1,credit_card,5,74.67
098a083175759c53525b6288a6e46119,1,credit_card,2,26.28
4fb497a94478d176225d6cb62333e296,1,credit_card,6,148.15
7cefff4bf786909dba88110841d3b39c,1,credit_card,6,61.88
b0bfc6d0d1a6a935d526a495cb223d3f,1,credit_card,2,86.34
aead701d8d2b9b7c1fa1a3aa963fc577,1,credit_card,2,199.52
7ec1e3874c69a513e785a5b0cc71dafc,1,credit_card,1,46.71
fc7c515dffd4c3841716ab3f51ba3bad,1,credit_card,1,83.11
7173f9c626f3e26e9c4c0033ebffe7d4,1,credit_card,5,138.93
fbacbe04cbdc1c9aadf3409a9aa1e9a0,1,credit_card,2,201.79
ef37efcd7c68d5d876772184772a1ea5,1,credit_card,7,170.78
9843b547a4604774985b674a0876c87b,1,credit_card,1,144.36
a68b3ae8450a14f9ba0cc1b53574af62,1,credit_card,10,151.63
f7c061a1028ca02063801272ba6297f2,1,credit_card,1,76.09
cbbac32b13e7fbbcc8e815705213e1e0,1,credit_card,2,117.51
99f6c1d7b0c56f9baeef70fd96baeb2c,1,boleto,1,27.35
70b14d661add0cbde2c7f5288e5c531b,1,credit_card,1,95.65
a80d0a163fe3b7a1b2b3e9a5f5453357,1,credit_card,1,161.52
a3d3f48cf45e81344a235255f2dd9010,1,credit_card,2,86.15
68a36ddf13d6fcdd7ea00d9ce11026b9,1,credit_card,4,142.66
b445d4e5a6d99bba5e51592e7263b560,1,boleto,1,97.63
ffdee14e5cab83563d890d93e1d16f74,1,boleto,1,40.46
375c5afd2ca7bebe7227faae4dd01aa9,1,credit_card,2,56.90
3bdebe4ea3f450a5d8f6c50f1771c9ef,1,credit_card,2,140.08
162cf02f9877cddb71e0bb217b585128,1,credit_card,3,70.27
dabaa5a0b44ef0e0e333e9814418298c,1,credit_card,2,104.68
20e64aa65fbb0149e274381104f46bbe,1,credit_card,10,169.11
7e33051b148132bd0c823915b8863e35,1,credit_card,5,179.99
18898a06fcd1e440c28bd18943ea0e92,1,credit_card,2,132.46
4a84e6f77b93de41193b2b792ff366ca,1,credit_card,1,17.59
259f388570f65b0d8c575f826cbdedf6,1,boleto,1,31.79
aac36a84cc8476828dcd9427c8ec873a,1,credit_card,1,88.71
ca850c73161fc3278d669cbd78b42035,1,credit_card,1,47.62
d3c8851a6651eeff2f73b0e011ac45d0,1,credit_card,1,299.84
ac853685fc6a8eb4fbee28b457588078,1,credit_card,3,122.76
4b9e3d73bc7731420bb3f45c2cec9ed7,1,credit_card,5,218.27
241a31d78d0e20975a8e070a4882505a,1,credit_card,1,69.81
3a69e8bb802e34036e7ef8f6e0f466ea,1,credit_card,10,153.68
91427fef1ca1431d3d86d7bcd0b51ebc,1,credit_card,10,248.80
0257956857cf61994611a0a19f4bc247,1,credit_card,1,70.02
90f5bc49a00bbb174525836eeacc4970,1,boleto,1,26.77
12abcbedee4975eb8cb4b9c4a16a6945,1,boleto,1,33.38
352a453381020ddaabdb65237a187e9c,1,credit_card,6,325.62
77e925036de689ed484293229bf0f152,1,credit_card,1,29.33
ac403e440819af1853b7fcd7f04de6c4,1,voucher,1,17.64
2936486c289152580e86cde8051de57c,1,credit_card,1,25.10
2cc93fd6f68e6cfcb968814de8a14296,1,credit_card,4,2023.58
765d8e5f6a9d496c895d21bb271ff1e8,1,credit_card,1,27.38
a2bc7c1f8a1af365261e4f280bff4f6d,1,credit_card,1,64.21
6e57a0a9be49f002ca81bd94ec9b7021,1,boleto,1,167.47
c8fd0f3c7bda7790a60b4e873b7a2a32,1,boleto,1,77.03
c56be9c0505a464e824579622dcdbf94,1,credit_card,6,145.50
17421d31a07ce8e9c61fe6b1adecfdaf,1,credit_card,2,357.13
fa5b0745a97bb05ab2f5ce4642a1e16b,1,credit_card,3,105.16
507240e305d631056d7ced5d5ab0eb9a,1,credit_card,1,59.47
da274e08fb80aeff81a543aae3cf9784,1,boleto,1,45.68
f11fbb27b667b259485343a1ad29b609,1,credit_card,6,113.38
50229fec371aedaedb230fa801638cfc,1,credit_card,3,35.00
5dc5e6edeb0fc2cc0b95d21e149d996a,1,credit_card,1,84.82
969613d95cf3cfb1d3299488a732ffbc,1,credit_card,1,208.56
4b2c2cdff73eb561336756aa38e286d3,1,credit_card,5,177.03
223c55ef218f911885ccb9692537c1c0,1,credit_card,2,35.42
a1e4076fddd5b3b4516b727655e5b643,1,boleto,1,189.22
b300e160f5892169bafa006e670a43f5,1,credit_card,3,67.58
3770238340791fdcdaa3354fddeff2c7,1,credit_card,4,116.94
681ab8d80849148ae66f3f191a142a1f,1,credit_card,3,60.86
f9f5a6122ac5d668e8bf05b61354507e,1,boleto,1,28.22
2e157e2216996cc38981cc6b4d26b9f2,1,boleto,1,43.54
5d9d34ab320a65d476024f1146155415,1,credit_card,10,847.82
71f1774048c60eba980279a3b19ba0fc,1,boleto,1,51.34
5c71702893e0335cb82b288f08cacfa0,1,credit_card,3,131.38
2c52a5a630ca9e849ec5fad8932bab44,1,credit_card,4,244.00
b1cc2415253bed6a394cec36a9280797,1,boleto,1,89.45
80fcac926630a1f8dac09acd966434ed,1,boleto,1,43.22
6854558dc4979ad704ccd9ff6a90e628,1,credit_card,3,113.86
2b1d7ce076791a6c43b897382a7b7ab1,1,credit_card,10,106.16
9afc3cb01a0ea4182843faafb5e9239b,1,credit_card,4,149.74
dacfa847106ee5d2da9b2815ff4819a3,1,boleto,1,63.42
68799c633625dc15caa0419e5a64195b,1,credit_card,1,29.31
acd33d438aaea068c69712df3033e09b,1,credit_card,6,99.82
c571e33a662a6379681a73ca764dc4e4,1,credit_card,8,424.99
2cee056eb245a8978a5d8a408436e82f,1,credit_card,1,156.70
e3c57d0ebff7edcd11f4f15e59ccc852,2,voucher,1,63.06
7d1815eb5b915c108c7cd16f13c41a37,1,credit_card,1,192.11
4fd4634c3c8d7f2b7788e9c3902565ab,1,credit_card,1,71.03
b68c27cf94ce13113c69bd86e640c41f,1,credit_card,2,146.68
d27e502287dfd6690077b513380b7fbd,1,debit_card,1,102.14
3016d3537e78284991256efc878941ec,1,credit_card,1,126.90
a9c1797126d283581f739c4c96640963,1,credit_card,3,65.09
7b80ec23d794b93b2dccdb524a54285a,1,credit_card,7,79.24
966d900084ff48f38516ba0a9bd50cfe,1,credit_card,1,61.05
7e0887f9493193dc6b5b76f352088c90,2,voucher,1,79.90
9ee8bdfa62948fb9721333d914c9a090,1,credit_card,3,90.30
da6d090f46627439b85ff58686e17188,1,credit_card,2,138.12
0da06a931a4d76045f42c40211501383,1,boleto,1,73.34
08320dbc54cab8156a9a9f7c74a8b078,1,credit_card,1,154.20
4b07e96261a6c3f0dd713dd75a1d0658,1,credit_card,10,238.54
f9ea79e9f9906b0d3b9c85e8931e8efb,1,boleto,1,58.58
9de65156d923c62015d982bd3f6ade9b,1,boleto,1,225.13
701ddcb0eab1d32958b3638a5e8c4e97,4,voucher,1,5.18
da8e92c95f6211d869cc1ed980065ed0,1,credit_card,10,271.17
b20f7bd5866f03037cbf0e8dceb92f8f,1,credit_card,5,50.86
7cd9df8c03efcd7abf1f9d7156b392d5,1,boleto,1,128.07
33f54eb5a5aba085c0d70b2664b6926f,1,boleto,1,187.63
47676a246458b42506986a0c5b9dc94c,1,boleto,1,127.50
9287e4565306ec8435df6a40c6f481ac,1,credit_card,1,11.78
fd9f784391898343d5de70ad1eb32d74,1,credit_card,5,146.67
3f925ae7ffff56f13e03e8bd5711ca70,1,credit_card,3,255.26
51fedbcbd7b8a79c8af077f9a85a86cd,1,credit_card,4,109.89
ff2d29f5e9893f6157d8fa1cce0278d6,1,credit_card,2,73.13
a10f8134732c1979eea697d926498112,1,boleto,1,166.50
e1cb06b1ce820a025fed0669adf9a7f9,1,credit_card,1,42.68
62c18915e77e470dc2132df9788ac115,1,credit_card,10,282.38
d744783ed2ace06cac647a9e64dcbcfd,10,voucher,1,1.47
04b3f8c1795246a5d14db7496d570bc9,1,credit_card,1,101.96
38812ede52a6842d03eb017fc2c9d92c,1,voucher,1,201.82
c535905a60628bab8a2b2a69375180ed,1,credit_card,5,102.17
1b5c8fc44d61c185e5b3f00b73cc476f,1,credit_card,6,108.29
4b09fc170c84e10e4caeff4d880db358,2,voucher,1,50.00
71d8ad12c759cd9f8f9083bc6a540007,1,credit_card,3,180.60
3b401cba521461d124e0487ea53bb009,1,credit_card,2,142.27
dc3114be48739b0c6bdb03a041726812,1,credit_card,3,32.38
0113c9989fe6e5007795daec0633b405,1,credit_card,1,128.88
3085f11ff3b5e4498b311733a6cbd9e2,1,credit_card,5,71.37
3e5415498bda7e14dbee2bbd9a038348,1,credit_card,1,30.44
a22b2c47646006a89dd924c050860bb9,1,credit_card,1,201.54
5921bd0f088c44dc7f90bd2f6b9c1816,1,credit_card,5,135.61
77f8ac5734b5b2f8c1572102f854d329,1,credit_card,2,134.27
f40f7c7b33563806cf705cb088c2cbd3,1,credit_card,5,118.03
e45adf5c3dac199c3e6db68dc225d2cd,1,credit_card,3,37.72
bb034421133f5da6a22bc765fcf55432,1,credit_card,2,124.52
a85c1538df5701aa9a7c6cc423bd80f4,1,credit_card,2,164.63
75facf271f6fae1a51aa4782d6429942,1,boleto,1,131.17
9fae636d2c51d2a8feb6734c92aa131f,1,credit_card,1,208.14
f25089f2ef76f59d6eeda680cebb8b01,1,credit_card,2,205.37
cb16d44b781c5ad67de1aa0454fade88,1,credit_card,8,501.61
885e6b2a928b8989d31fe2e7db3a55f4,1,credit_card,5,259.91
1308c44f18e5540085f871ad46fe05e7,1,credit_card,3,32.22
ffce8a2dd7579795f5c1cbe2bf23d51d,1,credit_card,6,126.78
2def1e16069e08497e9e9bc186bbcb9d,1,credit_card,15,169.71
dabe75dc242585e529fea2c265e70da3,1,credit_card,4,86.60
3799eaef99301de82b197ce9bd563b41,1,credit_card,1,89.88
0337e9398b087d93f41230ceb2410b50,1,credit_card,1,36.73
fb699452d6799cc45801c305bc0db749,1,credit_card,5,54.00
0bb4c390179e95dbed8944e735b7da62,1,credit_card,1,112.25
a7a0c8ebf2557ea4b30103fbff81e64d,1,credit_card,8,268.31
bcc07c3639d84c50bb1786b8bcc66116,1,credit_card,2,144.56
b002f1139d86ddfc3579ad4d0fe8556a,1,credit_card,1,156.64
aadce7a39633733ac0e5f23e3021e534,1,credit_card,4,49.09
98200dd99e0bfe78c2d1378ad05fe51c,1,credit_card,2,115.84
0517ba063462fdd36525fd7e9ef72cee,1,credit_card,5,375.52
140c901be097e36e0ee9e2249e97dfdd,1,credit_card,1,38.99
52a9379019132afc103b9249b85ae705,1,credit_card,9,97.87
a4edc7e0283cbdee6aa06b9a75dcd5f1,1,credit_card,2,235.28
9ff266389e4ad0e51b289d25547ce0d2,1,credit_card,2,38.62
df506acc7ef7a1311a4602005f0c982e,1,credit_card,2,48.21
bd4e6b477357e3e0a953996ceff60c2f,1,credit_card,5,96.22
937d5309f2f6bc3548d704f56ef83ed1,1,credit_card,6,299.70
1108314d5c8392f935550f4bb2ab3e34,1,credit_card,1,53.76
223ef7962a63cdbd408657fad00148ab,1,credit_card,8,297.62
d8fdce7c3ba072263bdf443e1d906778,1,credit_card,1,105.36
21e668861c7c6205d1e20ce7b24fae41,1,boleto,1,149.87
355bd8313052b9af88c46a7be6d73003,1,voucher,1,7.02
074a6843b445107d87cbfaa88e2e642f,1,boleto,1,41.76
34fd3e758f03c7fe6169308d0fa11582,1,credit_card,6,180.62
02beac5428ccbd30f4b3fbded058289f,1,boleto,1,126.53
d21d8f9968ef789ea10f2fd94c53e3be,1,credit_card,3,49.79
15e8f1d0967f04f82bb45fad40cc1e9b,1,credit_card,8,580.47
878a17cea3ed0bda2fb9726c2d4ad57c,1,credit_card,4,161.47
533dccc39b9e7286042aba868d574ecf,1,credit_card,5,309.61
4d4ca4a2ebb64c45176252833b2131a9,1,credit_card,3,62.92
0903715a744e53db0a04d441d50d22cb,1,credit_card,10,193.00
eb792f8381af26c29f5976437239c812,1,credit_card,1,100.00
03d6e874e44c091359a3ad62f2bec233,1,boleto,1,68.64
9723bfef225ffa02fcb1be4299e59f91,1,boleto,1,281.00
a81c8b86774acbd8736ec06f26772f41,1,credit_card,1,178.79
7b1ade884cd7da23e0f853fd00807d38,1,credit_card,2,210.41
34479af2d143031f3a316ed407892b51,1,credit_card,1,237.92
ccffb7374c0c5619226394e8b85e0746,1,credit_card,8,723.72
56f708dbbcd371c568332d3dc8dd5c09,1,credit_card,1,25.50
f25ddb6cd62d720a5d91fff80467930a,1,credit_card,8,420.13
e5cee28542e829bfd8e8ab719c386311,1,credit_card,10,307.90
2914fce44eea46f09d61ba460bef0afe,1,credit_card,1,127.69
189e8f0e3028e1de97281fd91d4318fe,1,credit_card,2,98.84
717655141667e7ddd98d141db089030f,1,credit_card,3,205.55
e46cc1d437cb15e5f95230f2eabaca67,1,credit_card,6,66.44
e318e1296433876f46916877afd23ecb,1,credit_card,1,41.63
55acf4fa9e52530422b78ece74bb0314,1,credit_card,2,169.70
39c16eab44c2a583e8015a4505fc1dd1,1,credit_card,2,56.29
67d83bd36ec2c7fb557742fb58837659,9,voucher,1,8.00
006f7dfffe2d90809598e8f1972b829b,1,credit_card,3,52.64
4c68cc2a641de6ebea2ffbd6a5ec347e,1,boleto,1,65.10
0ecc4db762e9de55ecdc2f22e468cfe9,1,credit_card,2,142.55
18ed2638b8a18b428d5f0cc575878eb1,1,credit_card,1,87.93
1fed6df7b405432dd6dc44693a35b86c,1,credit_card,2,192.28
e85e15e26534991f32622474410df797,1,credit_card,4,52.00
e0740375ce45558ac111af54a98325e8,1,credit_card,1,69.31
d21ac314662db0838c14d8a6e6c0ddca,1,boleto,1,51.13
9638bba289e3b496d7a5d6e30168844f,1,credit_card,5,366.14
6a29338a1333f4ea8fbfeb6653e516ba,1,credit_card,2,26.75
bc86e3292b57c1f04887157a40cccfc2,1,credit_card,4,91.11
bf6861804f97bcf7644f603c5bcf7784,1,boleto,1,245.68
a1617ff5999ad108a77df6cf3d2969d3,1,boleto,1,69.90
9d4ff04268ad793e7cac36f6224d44dc,1,credit_card,20,811.32
e49a1046c2917c7dd73d6f9ae9a94afb,1,credit_card,8,472.02
4f72b49b048975b1160ded0b1237e5e1,1,credit_card,1,34.78
c5f9505b4bf9db0433b371002f7be6ff,1,credit_card,5,262.70
6afee4d1cd8a4356cf91e4d9247824f4,1,credit_card,3,71.14
0d3268bad9b086af767785e3f0fc0133,1,credit_card,4,204.62
79fc8a1c3556b7c15ea2948b4a679a57,1,credit_card,2,459.45
86d54b4e93f8e68d4aa40c56ea046c5a,1,credit_card,2,27.29
797784ed0407046312c7f3c777583a0c,1,credit_card,1,67.60
41a48f4dc75f01b16dfa7e32cb456ebc,1,credit_card,2,129.41
eb7934e2144a9fa719e1f9b7f6b36270,1,credit_card,1,112.14
fd93073bf4bfd856573cfca0c959483b,1,credit_card,3,36.45
a824d8daf564c79aa91695c4126d0a06,1,boleto,1,44.09
356c676af9d2b3828c504330ea74ed73,1,credit_card,6,137.56
d55cd104a6a05987a3b55d39c0e77995,1,credit_card,3,308.84
b1b0b7314cdf43b80c205664d0199dcb,1,boleto,1,43.78
b11d3d0805ee25a1ca5ff9d55a65cd9d,1,credit_card,7,137.65
fedcd9f7ccdc8cba3a18defedd1a5547,15,voucher,1,10.66
a3c1d266558d811517afe798d1fad42c,1,credit_card,9,92.98
6242afc7de2ac0fbcb5219a2f389b324,1,credit_card,4,257.57
f6cbd0bea76d160391128a43b629ae9f,2,credit_card,1,24.11
67ce27ca25eb14dc27770b988fe47ebd,1,credit_card,6,63.80
e91d272e6028aee005564c010fb10661,1,credit_card,5,66.78
c19d18cdc29fd917b9e655f55503a665,1,boleto,1,22.27
db00b566587066d4b94d12353f314334,1,credit_card,4,225.62
01c4f4e08d9e8b7c5bd47e612285993f,1,boleto,1,62.41
44aa72f4eebc8c0ff7a3636f6369201b,3,voucher,1,61.17
252ccbf5764c53809f99daee8815db09,1,credit_card,1,28.88
e5a8f99e473fa6880bc2672805460e4c,1,debit_card,1,38.50
f21da2bb1d62efe060e429d107053c04,1,boleto,1,92.59
fd628778e4d2c610c8806d7b69b4e749,1,credit_card,10,159.56
5fd71cc4eb69ae6f65ac3acfcbc17ab5,1,credit_card,2,98.34
cfb8e55efaad874d0db87f44f2f850dd,1,credit_card,1,72.08
3388b4784580beada8469d15e88c0efa,1,boleto,1,431.46
7290f24ffc8f84166426d8727c15af13,2,voucher,1,57.93
1ab69e6a88c55054f55e82b7ea1c9d34,1,credit_card,6,629.27
edca1e6e5049a09e73c18ba943979a84,1,boleto,1,365.13
e4e87503e23bd920473b4bbe54e015b5,1,credit_card,5,223.00
ca67b029ed798e97aaf9397c40fef499,1,credit_card,3,73.60
8cdc5f05c1232c8da9eb48e23e1207b7,1,credit_card,1,95.34
9ebf7ca77b62b4dfc7591796573bac74,1,boleto,1,33.72
b822c2238bcf6e7dac25f9cba3312a02,1,credit_card,1,106.95
bb102364b6a29f9f8683f21e5825595a,1,credit_card,1,20.08
275a683f9d935da3b306ef3b0260f965,1,credit_card,1,33.92
75a75d6f39a5e6639e107bdf8760ac50,1,boleto,1,19.71
01e7cf79ff6fdb0a65634f714c67dd24,1,credit_card,1,39.15
fb10c8bcc7ea9a61120a84484aef8553,1,boleto,1,34.32
660c976728efa9f8a9994a7521abf686,1,boleto,1,33.00
6931075877d7cbb8cc81cad6c66d67c7,1,credit_card,1,182.91
ccebcd5c2e0f34354c3a594331678a52,1,credit_card,2,179.60
e4a03f1067b6f71cfad04c77a586d208,1,debit_card,1,49.65
e5aa5f4a57e17b84c24cd5d71905ebec,1,credit_card,3,294.70
7af37eeddc46c55638ce1c2b0594261b,1,credit_card,4,117.78
b78da14c140496aa8b460e0822009d59,1,credit_card,1,26.68
4e8b695203ce1447833493b8898ad943,1,credit_card,2,26.78
666be2ff7fdde94ab68358d3e33560ef,1,credit_card,1,37.61
968a408760f771cab3ce5db012e90a1f,1,boleto,1,70.75
378a499627b8ffb6fe276c42c57a44a2,1,credit_card,6,67.50
a40502ef2029080537a03312ad509b69,1,credit_card,4,137.08
3241baf723e29f140a6ff9082b7f9aca,1,credit_card,5,392.62
8f8d350bb10d0bc7e257f7e51ffe45af,1,credit_card,6,86.15
fe678293ea3bb6607a15b2e320e91722,1,voucher,1,20.00
c879afbc0d85767d560c8ba52481a01d,1,credit_card,1,63.71
6fcd48d9bce8191ebd8355decc3e54b8,1,credit_card,3,169.49
853fe50d4c26c20382e582ba2421215f,1,credit_card,1,132.63
ef45721e5184380ab98c58de39230c42,1,credit_card,3,89.27
aaf7224fd4c85294460d9c42a803a7a5,1,boleto,1,85.38
e684eea8e657e070728db7f897e2c6ab,1,credit_card,1,46.20
a7b3d11d05a59e62a799d50ad789abe7,1,voucher,1,68.55
f3b19f3b47994184f1b86c4d33f4d279,1,credit_card,6,237.14
d09a3206dedbbbf1b638fce8d0a27e85,1,boleto,1,81.82
a501de32f4f7eba26aaa7864ec8dafb1,1,credit_card,6,63.50
e5b57b95d37521ae98578f0d22af3a2b,1,credit_card,1,1.22
61460b6c5d52b8e307108f5412907a1c,1,credit_card,3,176.16
4cd3892b846909cad34c7070fee79f78,1,credit_card,3,96.88
b2882c91557edcc086bc11bc8aa0805a,1,credit_card,1,90.31
d9315248c746eae375828adf46ae3eca,1,credit_card,1,116.67
9ad8a5a07627839df5c41599153d02d7,1,credit_card,2,69.05
49ef8c27301b117dac497090ecd4876d,1,credit_card,10,1544.62
658677c97b385a9be170737859d3511b,1,credit_card,1,222.84
a2d899ba8a26c87fd1ae28e82fc25c85,1,credit_card,7,171.49
760f8a7020b621798a7b0e3d57f2d31f,1,credit_card,2,258.58
219666cede8138c78fdfd946ba487cd1,1,credit_card,6,69.49
a7dff9f82589bed9661867f1d3e5673e,1,credit_card,1,28.69
e6c7306ef73b84f65ebd6c37dba05b6e,1,credit_card,2,139.38
03171e00c28f7c3e5c779c2c1009a458,1,credit_card,7,158.74
170cdbf7e3806693dce1451299ee4ff7,1,credit_card,4,77.57
bc803635394fe3d07b22474558c8509d,1,credit_card,5,106.03
1a15666c4d5cfc217337ceebd70c3884,1,credit_card,6,63.60
d35303da51fb552fc8fff1ff2757e44b,1,boleto,1,33.42
0f7f3eba54c53b72342a72c2a266c9a3,1,boleto,1,102.86
ffd543c2b60842e148a86870dc60e212,1,boleto,1,373.11
9095f0efd46352f74ec4937fedfeb0be,1,credit_card,3,90.33
f4eb8741e3a999cc0893b2167fd19fde,1,credit_card,8,230.15
db0bd04c3beff2d041d364ce8d96b2f0,1,credit_card,10,382.22
d2bc00da63cd350e641ae8a80b029316,1,boleto,1,64.10
10758901b602fdec377ba3f189e531f5,1,credit_card,1,61.75
c5d16e3d5c24cc5fa2200d448d8cb4d7,3,voucher,1,50.00
8f9a2b39ed1912e66c289e8e1265b0db,1,boleto,1,573.78
4fc320374afd63a53d0b5607ef49113c,2,voucher,1,268.90
13fbafaef2c5ecd471faa4a85d382ebc,1,credit_card,2,77.53
a5ec79abdf99faceb5f0c305185ef7f5,1,boleto,1,48.79
c0739e18e44f89c88bfbb497c5f11f52,1,credit_card,5,72.15
4cb7d866ce5acba93c58383df3081469,1,boleto,1,131.47
792295382332f1170f1edc45dfade051,1,credit_card,1,219.58
8d51dadd16d87cc5be0ed773fd727f14,1,credit_card,3,83.94
02ef9aa8b6692c2ff049065f5a150c28,1,credit_card,1,45.21
af70a5f50d99c3d85f9cc17bf5a854f3,1,credit_card,4,132.96
2773c71324d727606cc71501a1de8afc,1,credit_card,4,218.11
9a40a61b2f04271f655c7423a3fb82a7,1,credit_card,1,130.69
dcea02e816d99fa3394ac1069c80a1ad,1,boleto,1,32.78
524b32821380cdcaa2b6d3110eebcd7e,3,voucher,1,9.11
0a0b0479c9e05814f250c7bea5b1a95c,1,credit_card,3,274.54
526298482ad701ff69888f90db67ca2a,1,credit_card,1,32.38
41edd5d27833b73b29761df99f146624,1,boleto,1,56.01
fddbb434bce33723969c0d1950649dbd,1,credit_card,2,107.46
ff7400d904161b62b6e830b3988f5cbd,1,credit_card,1,54.96
04221a4eb2e1a30903ffaaa72f8b268c,1,credit_card,1,52.93
3fb5cb07abb84703f0890f6c92589bb8,1,credit_card,1,108.27
72074725a693246f2057f0d9e1c4398e,1,credit_card,10,426.26
48d527b3a64c953fb16c2f9c9fad2a0a,1,credit_card,1,10.76
53cdb2fc8bc7dce0b6741e2150273451,1,boleto,1,141.46
be3c8bb29cd71c677715c8c0a8cf44bf,1,voucher,1,1.05
80c343549e07922070b0793b2eb87df4,1,credit_card,7,341.18
35b0df750240d1b187d59e193db40612,1,credit_card,3,31.69
c5a04e8b14a30499f45857da5edfea7e,1,credit_card,2,58.94
45a560d32442de061369b53f158fc828,1,credit_card,6,61.59
88c236f7e3dd040afb885a0a214f9b0a,1,boleto,1,121.09
7e1fd738713d62b9990ced922d2dff77,1,credit_card,8,87.97
f661f51c758806f369cc3c485ff6e936,1,credit_card,1,90.13
5720bc11a86749d980e65cac6e3ff08f,2,credit_card,1,150.00
33e2ef7baf78f45517589742203e095b,1,credit_card,2,49.96
453637208a3014cd3d936c57865c0f53,1,credit_card,2,127.30
8c824eef423592fdf34bcbac8f30a93a,1,credit_card,8,99.21
b35a04983836f9b09c8206eb023e5e4c,1,credit_card,1,59.15
c9e3d29ede6d60999c59c8626757ec6c,1,credit_card,1,44.20
654236657c61378a35416f08170ff0ad,1,credit_card,1,81.68
31cb68b9dd0585b7d33d7c6d63df94df,1,boleto,1,21.94
823e8a998c065938c05f4302610c3a5d,1,debit_card,1,104.14
85e019a2383461c352ffffefc7ba4829,1,credit_card,1,32.77
5864c853e57402a64985156da5273233,1,credit_card,2,282.26
b3fb87dd5ffb58351fd40c4f9fe03cdf,1,credit_card,2,120.68
7edf24d26573e36b72c670b3810ab3e0,1,credit_card,1,157.30
ffbe8a51afd59fa93224d1c6bc987aee,1,credit_card,2,185.85
aff7272552bd176268229d8c5883fce8,1,boleto,1,67.44
426613d1fcfcbb706338ad0574f870ac,1,credit_card,1,111.02
b890cb0243af4f8fd806a1429f978113,1,credit_card,6,152.88
94dccbc39bc2673b3639fc98286c99b0,2,voucher,1,3.49
9214a22a09a3f31effc6384f1bd44604,1,credit_card,1,37.31
ae59ddbdffc31cc10bdb9b2d85d2804f,1,credit_card,1,261.90
175e57b0e30236d6cff85c13372a5592,1,credit_card,4,318.80
6dcabd3eb3b032196389c9b76464dd8b,1,credit_card,1,105.63
1a496064ceafeee379d9a37e8010e7e5,1,credit_card,1,58.59
d995b179b6d42341a2642cbfc2e02367,1,boleto,1,798.68
53b8913fe5c632a9aa10069a33aaceb0,1,boleto,1,77.57
abdd969b6261591f58d7f5fcc24c30f1,1,credit_card,1,22.10
f5566b53a548c260ec13d2399e7f0d53,1,boleto,1,387.85
68507de712879fdc905ed762ee009d0b,1,boleto,1,186.82
f52849f04dabb7e33d5ac651293386e9,1,credit_card,4,66.69
c89fd00e1f223872ff105cd5abf2f659,1,boleto,1,102.03
418c957162c86b348f44688790168fb2,1,debit_card,1,60.35
a4b6f56ce9547b22c5e8e3e58e56ea08,1,credit_card,1,32.00
2ca33108764fd34547c251d1a4ad73ef,1,credit_card,1,16.66
713824809fec35c7cd7125d6a6bd347c,1,boleto,1,36.78
bf43c3dc9e568e98768cd15b4d526f9f,1,boleto,1,395.45
37fef9185066b091254533c2192edd72,1,credit_card,10,437.48
502aea10bd5711477ee1f532f1115031,1,credit_card,3,106.29
654da57158d96035814657b5143bb11b,10,voucher,1,52.02
9e02c4c728d01f48f6a07f6179cef325,1,boleto,1,22.36
b096b46ef5b2eababa4ceafb529f4881,1,credit_card,1,60.60
fddb3d597fc61e3f11ce9e3e8e7a3706,1,credit_card,1,35.00
62c551a5cd4d376bfe83d4b36eab3386,1,credit_card,1,37.38
3b18ad0839d6984800c3bee0d41eadcd,1,credit_card,1,108.85
82eba8671de9a5c76c7f3edfcd993955,1,boleto,1,51.01
f8db134d4ac3747d627adb962ec08f73,1,credit_card,1,88.74
9a870a0bd211f5dcb640562f09fb33e3,1,credit_card,10,114.77
b74b01e1553f1129b7aa5c0b73016c62,1,voucher,1,12.88
4d2711a0db9f671c10f8ce62aeb438bb,1,credit_card,4,79.51
8a5863c69a1b48b67b98b82b9083ef3d,1,credit_card,4,109.31
5e2150868494c26407f39ac03c5de246,1,credit_card,1,49.72
abe67a843827a36b5f5c1b9e141b5531,1,boleto,1,89.30
0cd27a304d5325e6b68ff9895525e09c,1,credit_card,1,119.84
b1886110c1ae28ae4f81d9bc674b4384,1,credit_card,1,105.38
5e5fed142a552be6d6f1e04a800446d6,1,boleto,1,85.14
6fb8f79677df0623bc0a613ccea59105,1,credit_card,10,185.94
20ddbb26c9b5f5acad69796272489c0a,1,credit_card,10,604.50
e04d2191af862183e0ebda80377a6a32,1,credit_card,4,186.82
c1a86ab051ab4567d31bd8ffc3feec55,1,credit_card,6,183.83
dd416a83ddfde887da5021bae60bb919,1,credit_card,2,170.84
45026cb636ca6934b7fa98e965f53d96,1,boleto,1,237.80
c1c2ca16c60c1904fe27ba8b0f864855,1,credit_card,6,130.35
dddd0246e8f6c9ac3de26c2b11f53189,1,credit_card,3,69.70
ff10c3dea2b30e7d7c33c946999a4766,1,boleto,1,50.53
bf7dc02ad247527a27900abb19306a3c,1,credit_card,4,75.24
0359008adff4c1def5a09bb92f7a5aa8,1,boleto,1,310.53
690e357ce3c40a04f820fe9d3142b3e5,1,boleto,1,89.88
e8861a9f094841902cf93913969fbb7f,2,voucher,1,71.34
70635d01f32a4247c5afa2052215d892,1,credit_card,10,117.69
d906fa8596aaf7d085bcf5dd3bdf713a,1,credit_card,3,34.27
1d59b360ab8917af7b326a6e8709f2a1,1,debit_card,1,140.33
fb746a5589147f8645b6c4adec4fdbdc,1,credit_card,4,450.53
4bfccd93522d928f8732e455310da85b,2,voucher,1,22.43
523f24867a34e6e564dda4898935e05e,1,credit_card,4,135.66
9778cb541669139d06c5aaa454239be2,1,boleto,1,172.97
c556be66c245e4bfc475064dbe859d61,1,credit_card,5,150.58
f1b2f741c002e0bf5f0f63e3b83c1a21,1,credit_card,4,191.02
767754680a13ebd92bee7405c6beea73,1,credit_card,3,53.23
a28900d6db45f7fe7433f5fba72c30b8,1,credit_card,2,40.22
46e9d7656b730f837d195fbd5c2e8124,1,credit_card,6,365.42
f9973a8e3b13fd415733a5068d58140d,1,credit_card,2,99.90
0a7f4604ee9cab65020038275efe1d76,1,boleto,1,72.18
b98263fb4d7c2c5ecd1acc6ab0a659ff,1,credit_card,1,48.74
e8a8221d81dec1257a582b21f3db43fd,1,credit_card,10,110.51
70aefd12bdd5391f02011072c16e6801,1,credit_card,1,0.42
3e59aa9edece49294543e724d5a16f5f,1,credit_card,4,132.46
9f6efc0aee217956f49ec6db05922667,1,credit_card,3,253.71
5d00299f340746f1a331c674d4fbb211,1,credit_card,1,47.62
bf7284f5503c59e16e81fd9bf1515b80,1,credit_card,4,216.64
c91777dfda137af11e863a97854b07f4,1,credit_card,2,66.50
8f2b0c41d21837f8c6d4682867c66ffb,1,boleto,1,74.63
7a00da9515dc144e302458e696d61943,1,debit_card,1,216.15
84b29272f58b0da99f8884fd87681725,1,credit_card,4,135.22
24b54d866e249786f29f8ffba3f0d003,1,credit_card,4,113.11
c4c1257d437761ebf697da82b5cca4e1,1,debit_card,1,105.32
9a9493d725526cae22a6a7aec2d5aff4,1,credit_card,1,117.53
7acb2e2b8caa44792627d9bcccf40b95,1,boleto,1,121.55
bd6b1316314a1f12d58ebf467f3f2d80,1,boleto,1,40.96
9575356ff2ceb13c4861bfb09185adf7,1,credit_card,1,106.20
4e2b00bfdaa0253f5d2836299868634a,1,credit_card,1,105.29
55e71b9318bbe979e00a54045806114b,1,credit_card,4,88.74
a52d56bbdc4ceeb97f9d28b6a90a70b7,1,credit_card,10,512.05
1064f13c0d4e68e4ef47a2a99cca15f3,1,boleto,1,145.57
2d41f565da57c810b338c40361477c5f,1,credit_card,3,208.57
ef59d8fd00ca64c9dea7310396e1bed2,1,credit_card,3,245.68
528ef07892f35406f1e19482c11714a4,1,credit_card,1,69.61
80dbbd6f2282898dbf912a2ec668175f,1,credit_card,4,179.00
4c62b34217c704b6986322911ea89c80,1,credit_card,2,222.17
0b87d9e59c7c19b041fe36e77aa33a42,1,credit_card,2,64.62
61792640e5c6bc477b960e28fff4d779,1,credit_card,1,47.51
69b60c85164df072f63b06bc0bda9804,1,voucher,1,196.70
a76525ee60ca2449ba03f448197073bb,1,credit_card,1,185.84
6a096fcdddba23fd2ee58971dcd1654e,1,boleto,1,191.89
3a448a9bf5f166e9b374a1c9c30ee28c,1,credit_card,2,69.07
5d1e5995e3ceddeeb9883bb9e449bd5f,1,credit_card,3,487.86
a4a234174a4aa5d0d13f339d9308c4ec,1,debit_card,1,163.06
04c35d9b971c2df38635b6c4a1983c35,2,voucher,1,578.01
d2cb213104a7dd8061659b063f1477bf,1,boleto,1,175.64
89e2bc56c561f718d762250d9d6eb0bc,1,credit_card,2,112.92
614ac345b8ae4fb04e145cb26a089760,1,credit_card,1,47.04
fa099a53d48227d20d9eb52f139a6d8c,1,credit_card,1,194.30
69d76a8ebac09af3034e69f11e207080,1,boleto,1,98.34
7355fd322343b5e2adebd1f0c88e0e33,1,boleto,1,259.39
2bcb35eae24dc9a57f35090df6a7cb67,1,debit_card,1,145.68
17ae981255b9bbb1d37590db2402ab87,1,credit_card,1,28.38
67c2939389900ee5ef95296df8691336,1,credit_card,4,53.55
f8355c46f4d1be555ecad989a0d0c143,1,credit_card,6,127.53
721384cf1e817313c1e0403bb08235ec,1,credit_card,4,185.26
37e1d9b8fc877b2c60bf51d2c4d8dbc6,1,credit_card,1,107.54
4117e5bb44ebdb1d0c0ebf0482dfc13c,1,boleto,1,55.61
0f0d9b930d6e3a807fab635e52bb8895,1,credit_card,1,170.19
ee34f36dac2c39b91cad39b9c8d74be2,1,debit_card,1,53.47
a60d571514c73cfc7655d67c75ed82c7,1,boleto,1,44.42
a4cc6870ef62de14130af4692815c82c,1,credit_card,5,500.00
1600c77ccd20164d6da4e2285d3ced92,2,voucher,1,36.75
90fec0e548f05b95e471fde56c7e98c4,1,boleto,1,100.70
86750203b5e14b3a36c7a0c8612c8b8f,1,credit_card,5,129.64
e69c09a33d9b7edf03204eb2f7e828b1,1,credit_card,3,88.65
4e83456078c87bcac059b05dafa9ff0a,1,credit_card,3,38.99
f5979d5f4e85e073bf3cdd17e94c79d0,1,credit_card,5,354.62
9fb5f1c3d876e2a9360c12be18be8f85,1,credit_card,2,105.79
fcab9e8b311ef84e1dce97a58af5b7c5,1,credit_card,1,28.68
664544bb88aaff855be52c01210033a5,1,credit_card,10,816.16
85607d3592af1748d85f39e8f2d2709f,1,credit_card,1,71.23
8b032554e12735baca24e92f1e33c000,1,boleto,1,117.04
59fb9bc4a2f049228ee64f5073bc9165,1,credit_card,4,229.70
eda15f47d38268e4c8dfb881cc473512,1,credit_card,4,100.35
027e4543814c3b3509bbe890c569a841,1,credit_card,6,383.12
12fb2d2b590f7359e3b473456bd1ca87,1,credit_card,1,236.70
429ac14af69a71d769fea6b8aa217fbe,1,credit_card,5,59.84
0d23d5f95886d46d2deaee6f7282316a,1,boleto,1,21.71
92b6be4c73b22c23eefaf4a517456d7c,1,boleto,1,164.31
5bb8b0cbc3b9c8785096b10b128bac52,1,credit_card,2,173.23
bbc0dd90484124e1dcc1d2428ad924ff,1,credit_card,5,183.95
d828bfc73f08a09b4d5e7fc4671917ab,1,credit_card,1,217.80
82a51ccb2a300179554229ce57f2b05b,1,boleto,1,172.43
5a40a4c413dcda147caa00259a1732de,1,debit_card,1,21.38
7e7aa7dd23657ca98b6b94fa4ad4c576,1,credit_card,8,81.39
6a645937a67633b590e3f491c0123051,1,credit_card,1,76.85
2e604b3614664aa66867856dba7e61b7,1,credit_card,10,137.58
6c6fb863836061fb0284ba91069f6200,1,credit_card,4,76.08
b26b464fd969428455a39602052850b5,1,boleto,1,29.06
6e4bdc7fcc77b5c937e14e033a3ba84b,1,credit_card,1,167.96
512b3b290e4ae81c363cb58e5aa19b6e,1,credit_card,9,143.25
a04fe1cdb84761d8bed127686c65e405,1,credit_card,1,45.95
efd5eba320d140f8659440d74a81fc90,1,credit_card,1,159.03
c2d61723f3e69b1e2bb9cc9c638c0b5e,1,boleto,1,108.29
94854459746ccda5ed3c3440739bb202,1,credit_card,2,393.09
a7a256d455df2402da6d060321656b20,1,credit_card,8,442.81
eb51a3baab302140a62ffd510647c546,1,credit_card,1,106.39
b9c7e6ae0060bbf1898ea61f765ca121,1,credit_card,2,86.02
986506281e1ebe5451e34c1e75a99670,1,credit_card,10,175.96
6bce4e879e07d52ce8463ff404506751,1,credit_card,1,58.74
5f862e4fe640e66110b40cced6911038,1,credit_card,1,29.41
e67b282bce4a6e7095116b351ddb81e7,1,credit_card,10,102.14
d344f519a9ec12a430ad3312f4ec6363,1,boleto,1,22.86
ec1d3a645b2a221446df31f1dcbda3e2,1,credit_card,1,166.52
a005841d24a8532b663e347f1237ba30,1,credit_card,2,149.36
d11208971f804f638723ce2aa60824ad,1,credit_card,4,184.75
4f53648717b48854fb9db283e2cf5d27,4,voucher,1,10.69
4667b0530b09d78c08bbbc0f8b6f899e,1,credit_card,1,41.11
b4cf18f6e47d64387501e0dc77b1ac82,1,credit_card,1,53.05
ba96b94a64df9510bfa7ac064cfd1bae,1,boleto,1,386.48
044496e055fca9c2f17e1309e77a48b6,1,credit_card,8,156.23
aa1b607cfe0e87e9a0251b792ef61d3f,1,credit_card,4,44.10
02a0929986b1647b2df9bb303b4851b9,1,credit_card,1,298.58
cb80c358a1e10aa7f1d55a1739720ea7,1,debit_card,1,44.27
65ef477f43ef52f4234fc5fff8df97e4,1,credit_card,2,28.78
6f37ff3b4769ed4a683eec4de7f38a5a,1,credit_card,2,89.75
cffd2e0d6321d2d79aac6c8166a55085,1,credit_card,4,117.85
b4fe029b4292cdd3bafb346882c545af,1,credit_card,1,50.13
55b6cfcdaae4a8dc9629850dc635995d,5,voucher,1,5.14
dd70a35befb65bab7a91010576b94951,1,credit_card,10,128.55
982e90afe2a0e9a5b5b69165a47c3a4e,1,credit_card,9,128.88
f947483d17043c99e4de12dacdbd763a,1,credit_card,10,136.18
fd074331568837ca57c2d9c764788749,1,credit_card,10,199.13
09d048d5bfb9dd1a82f696ce9863e9b0,3,voucher,1,150.00
04287a84357d7a29361c0948ee9bb4b4,1,credit_card,2,66.07
de1735ddae84d1b39915bcac1cacfff7,1,credit_card,1,53.42
347b03aea6fd08c3bd68e2b30a3fe3e3,1,credit_card,4,84.23
563404de47cdc6763e7eced487016b66,1,credit_card,1,4.35
cde4bb15a5b59e10abcebe554d23d654,1,credit_card,1,130.01
f271576bed568e896f99eb710cd3a6f8,1,credit_card,4,824.76
076a94fba0a6b3a82345423e9f1bd3dc,1,credit_card,1,97.71
0eee1a4b63289dc4fd740238702f8fe8,1,credit_card,2,144.66
6dd0cc64fed627388bf95943af884f70,1,credit_card,4,48.00
1e05735291d8969fddb706f4fabe8725,1,credit_card,4,668.95
cfb163e86f6f63e7a247fd9ef32321d7,1,boleto,1,34.68
76a49c5fef54cb6ca3491709fbb1690e,1,debit_card,1,68.23
d787f0005c0b233aa4ca3a61fc50d378,1,boleto,1,43.00
9dad14cb70926812afb5ca62be79f298,1,credit_card,2,53.45
d9d2ea110b9794283aa5100ac9ec718e,1,credit_card,2,105.07
21359e988a499d8217626005d16a61d6,1,boleto,1,118.50
294910a301fb69b5ed0b34e8cd946088,1,credit_card,1,120.06
0c305fc5f37a5b8e64e24b2ea39b7aad,1,credit_card,3,94.14
67b50899f52995848c427e361e10dde3,1,credit_card,3,108.43
63638a6806d67773f3adba8534553fff,5,voucher,1,34.19
474830369187d08dab0036115c9545bb,1,credit_card,1,158.99
7ae9706fae7d40d10193ccda71fd0a62,1,credit_card,1,34.09
eaef7f919169425e4108197b3bad8065,1,credit_card,2,130.16
b77521536083d321e2947f3258b0a5c2,1,credit_card,5,56.85
b061c1796cd341f652a36bdd8a5aedcf,1,boleto,1,79.17
09684ae9062cccfa9bbd158453857401,1,credit_card,8,186.85
35490431b95a5ac679998ad3d2de2d9a,1,credit_card,2,99.90
7f9e8cb77e9702ff5d15ca7dbca58cc4,3,voucher,1,20.77
dc303df898b2e4f80f8596f6f77c2373,1,credit_card,3,89.67
46ac809c6b319398df696f5668806fee,1,credit_card,8,93.39
c9c76a6cf34575ea054a043a4d03c0a1,1,credit_card,3,163.38
1116c3f9b18a7680ea8f531b11b4b15e,1,credit_card,2,136.88
4b69646ae09c307e88da19eb05ee2aeb,1,credit_card,3,284.04
830f12a85d0bd0678bb5cbfe58b68cf2,1,credit_card,1,84.49
c2fc568bac1a8c9f99c41a918cfbc6b0,1,credit_card,6,66.73
8821146ecf8a1eb441aa052b371f1814,1,credit_card,1,33.34
5b3d2b157ca74d2d34ad885558069f76,1,credit_card,4,149.89
0b3f84ce012f341897587c6e4e73f68e,1,credit_card,5,198.20
ae2fb0f5aec36b2a6b058602dc941fb1,1,credit_card,1,45.30
67b5c76910e9bc4fa2e067cafe0ad722,1,credit_card,8,675.01
158a3c94f1c31ab6a1e4b818c150ef70,1,credit_card,1,59.17
bf0c0d33cf9669fc42bb3846dd24bbce,1,credit_card,7,162.44
0fad42f3bb740701e7c913dcdcffe42c,1,credit_card,1,73.34
facd4b7395a3bf5f4536e64cf5d7668a,1,credit_card,1,33.78
1becc10041758cb1c9bcefcae76957cf,1,credit_card,5,130.89
b140cbedf84255e2eba118dff4f5cb6c,1,boleto,1,165.83
ce5586df181549ebde007969801906c8,1,boleto,1,59.24
e7e206c19879bfaf67b74f8a8740b21e,1,boleto,1,79.61
32205d676b64acc1c69f404bf0537166,1,credit_card,1,70.18
b5a015f522905531762c38c60f7e9a4a,1,credit_card,3,183.25
bcd02f9a1aba6a6d65dca88c18107f09,1,credit_card,1,302.57
a656e365b72863ee3bd696c41c4fcc95,1,credit_card,1,52.72
7eb947ee7c01b2d8872bc456302687ac,1,boleto,1,226.71
658f8d7112d20419aba9c6b7436b1af5,1,credit_card,1,16.01
958e6c2772ed5d52cfea3f7356502973,2,voucher,1,290.77
cc28b66895e0f6bfd7050ab5bc7b39bd,1,credit_card,10,1589.57
39aef66a5df5a9506807af923c52b62b,1,credit_card,2,176.89
ab2074b3788d9e68a23db714cbf70f9d,1,credit_card,8,237.59
6f8ef1903034bc19ff5a5c51dbcec604,1,credit_card,1,103.20
b7a8a6b5eb0a253e2d80e80bb3badbe2,1,boleto,1,73.97
d22278809a8d70fd68df910e0396c39e,1,credit_card,2,68.73
cfb601982b3ff65c1821561ec49625bd,1,credit_card,6,2064.88
7bab8fdc27c8cc367c51bb3c4f8bcc42,1,credit_card,10,128.24
b678d73ce87da173fe475b456dca4a7d,1,boleto,1,285.78
b2cb3ebf627fc0385565fc328822fdc9,1,credit_card,5,279.46
12212c72d1bc207ff5bb823d711dbe88,1,credit_card,4,209.46
a827a4bb4b7d1623fb232641e491bf02,1,credit_card,4,85.32
680d7235e89a19239f2562d940e7c86d,1,credit_card,3,386.79
0f45620a11a03ee4bdf8f0877f47ad28,1,boleto,1,115.94
b4c45d4cc2a2e24e10d4e20bae928819,1,boleto,1,27.75
c451acb6636308de77a83c8fa9c72a87,1,credit_card,2,51.84
736949a08413c4ce4af7e3f75291fb64,1,credit_card,1,121.04
39cfa7b8a9a7828476d1074dbd1838a5,1,credit_card,1,102.97
2020bdcbe9edf60fcc9c8a67b9733e2a,1,credit_card,1,28.59
9cef759af57cfbaf537221a36730209f,1,credit_card,3,61.75
3bea71c4bc883f23291659b144e887a2,1,credit_card,2,150.15
5bf4b0c6624c03f4a531a60082fab3b5,1,boleto,1,131.51
3304c0c857a9c77a201a551f5a3cacb8,1,debit_card,1,265.44
5041be22b500c33df76174a76efcb8e7,1,credit_card,3,117.96
586b28be2b8f5afe936887ea02ab3494,1,credit_card,1,18.93
8048f4c2213c7ef433ffc4c00e017c14,1,boleto,1,26.35
5f4de9e1f0e55dc0fd443e5f4b2b362a,2,voucher,1,6.67
c63e118d1a3111cb82af1fdb95b68646,1,credit_card,15,155.66
fff0db5573c78c1cb5a2b68a2bbd8d4a,1,credit_card,2,77.70
5dc229fdb5898340722559185ede240e,1,credit_card,6,311.51
208215ef3138230b69b97f3fb415e9bc,1,credit_card,1,37.45
66e1b657a71397245290f39ffe24031e,1,boleto,1,52.58
ca2e7093f56203c8fb07cc9c6590461d,1,credit_card,3,84.58
9146c78cd5cb5e53ee985a7feb72e76f,1,credit_card,1,130.01
87c98d8706c75e568d61dc02c6c9305d,1,credit_card,2,92.57
493bfa3afd1c7c384e300b4f4b511048,1,credit_card,2,143.12
80d25aa9f66c2d419bc422687bb41b85,1,credit_card,1,88.96
78d7cdfcab0a42ea5428365d6ad0ff34,1,credit_card,12,179.55
74a73605b5d8e00f1692a308a2ea566e,1,boleto,1,53.00
83d7b724f28ef0f880eea4d34980fce6,1,credit_card,1,21.86
c71e28c5a5dce4f2d223e54be0804379,1,credit_card,2,43.83
f9682c67b4be66779d1ccdb17aee33f1,1,credit_card,1,65.92
213a49cf987d92121b29d44bb96ec066,1,credit_card,3,74.55
ddf16d77e858a32f36e10c289a28ef61,3,voucher,1,20.00
cfd3b21a71fca80f28f89855c6570695,1,credit_card,3,230.78
d02ab2f026a474b1ab8e19dfefb80ec4,1,credit_card,1,63.53
00858d03144cc35cfd1dd043647e7c88,1,credit_card,1,184.03
3f68045e9395c1a77fc095c052080b71,1,credit_card,5,262.38
1b3b7a453b2e73b50b194401c0da944d,1,credit_card,6,199.44
605690e3394de4516b0c3646e06a9599,1,credit_card,1,71.22
3eca2d6d0bebdc75df61d60892caba49,1,boleto,1,52.70
db3c88b2458388bddcd3b2a99f0b8b99,1,credit_card,5,58.99
4208e0572e65c16a2f0baf86da665105,1,boleto,1,86.20
190f1efcb8b7f7fdcf6690c0c3e78c39,1,credit_card,8,81.38
55b94c1376b9caed3fef602e9ca5f20a,1,boleto,1,148.32
ca3bf499fedc9c253cc1f3499dda428b,1,credit_card,4,597.14
03c1d25d82f404ea1fdfae8eb0b4c314,1,credit_card,1,117.04
2792c2657bcaae781c8261d93fda4937,1,boleto,1,79.56
625b3ac41fea45dbd5aaa02d0941ee59,1,credit_card,3,114.77
12a5b8020b9000268a9f108bfe97cbe0,1,credit_card,3,194.50
ef68f7ac518a9309ceb3a3290ee123a1,1,credit_card,3,131.06
7a66199975779c8e2b418d608ceb2e2a,1,credit_card,6,62.01
8c939021af34c49333a38265686021ea,1,credit_card,1,219.73
d34e369fbc5cb753012079961b615121,1,boleto,1,39.42
35e5585976ac906f5b04e7f491ec300c,1,credit_card,1,39.09
a0e963520ec328f1d0dfa09fc1deb60e,1,boleto,1,19.75
eaad68bfbcd87a733cc317cf18af4bd2,1,credit_card,1,38.21
78ed8bc9a17147a0c51493edd0d1cf70,1,boleto,1,413.17
992d2942e83c306157957d54bf84fa18,1,credit_card,2,41.14
abd3f51d3ea91685824a0975e07ab463,1,boleto,1,51.22
2a03326bc3dd548e425fafa5c7be54ed,1,credit_card,3,65.44
37e8a643f8d19ed8d44fc02f3f9b3ff9,1,boleto,1,28.01
7344c860833e7ea5b676e4575b225d6c,1,credit_card,3,112.62
df77d1821312c74489233b53e2359215,1,credit_card,3,193.54
6cad8647b638219c1df923544cc5aa0c,1,boleto,1,186.05
f6b066fe810a20c879b7a4aa8ffd30af,1,voucher,1,24.68
a0136785ec3c056ae845b0a1fd1578fd,1,boleto,1,138.59
bc4c53b286be3b64ee817827e1999f1c,1,credit_card,2,46.05
2781c27ada78577137fb98ab7a31775a,1,credit_card,10,179.19
626434e11c37535d5f24e9d844249b55,1,boleto,1,522.21
cd0e3aa0b83f4e50e2bdaaaf840a54ba,1,boleto,1,19.69
6e4465d771f02e4fe335225de3c6c043,1,boleto,1,159.54
ef137e631f460658afb0d315771fad30,1,credit_card,4,203.98
36e2905ab14ea657095b38b36727ad07,1,credit_card,3,75.89
bc35b6af8ce28ad350dce0b0af64a28e,1,credit_card,4,43.17
d5a4e5577531dc95e5539e0b2bdac87d,1,credit_card,3,60.10
fdb64e7a41f724c8b968b87ad729c6ce,2,voucher,1,50.00
ef237e5b4d945c2d685692f764555f89,1,boleto,1,158.74
